
G90
G21
M83
M104 S0
M106 S0
M140 S0
G92 X0 Y0 Z4.80

G0 F7200 X0 Y0 Z0
G0 F3600 X10
G0 F3000 X20
G0 F1500 X30
G0 F750 X40
G0 F100 X50
G0 F7200 X10 Y10 Z10
G0 F750 Y20
G0 F7200 X20
G0 Y10
G0 X30
G0 F3000 X65
G0 X64.999726 Y10.052359 Z10.003333
G0 X64.998903 Y10.104712 Z10.006667
G0 X64.997533 Y10.157054 Z10.01
G0 X64.995614 Y10.209378 Z10.013333
G0 X64.993148 Y10.26168 Z10.016667
G0 X64.990134 Y10.313953 Z10.02
G0 X64.986572 Y10.366191 Z10.023333
G0 X64.982464 Y10.418389 Z10.026667
G0 X64.97781 Y10.470542 Z10.03
G0 X64.972609 Y10.522642 Z10.033333
G0 X64.966864 Y10.574686 Z10.036667
G0 X64.960574 Y10.626666 Z10.04
G0 X64.953739 Y10.678578 Z10.043333
G0 X64.946362 Y10.730415 Z10.046667
G0 X64.938442 Y10.782172 Z10.05
G0 X64.92998 Y10.833844 Z10.053333
G0 X64.920978 Y10.885424 Z10.056667
G0 X64.911436 Y10.936907 Z10.06
G0 X64.901356 Y10.988287 Z10.063333
G0 X64.890738 Y11.039558 Z10.066667
G0 X64.879584 Y11.090716 Z10.07
G0 X64.867895 Y11.141754 Z10.073333
G0 X64.855671 Y11.192667 Z10.076667
G0 X64.842916 Y11.243449 Z10.08
G0 X64.829629 Y11.294095 Z10.083333
G0 X64.815813 Y11.344599 Z10.086667
G0 X64.801468 Y11.394956 Z10.09
G0 X64.786597 Y11.445159 Z10.093333
G0 X64.771202 Y11.495204 Z10.096667
G0 X64.755283 Y11.545085 Z10.1
G0 X64.738842 Y11.594797 Z10.103333
G0 X64.721882 Y11.644333 Z10.106667
G0 X64.704404 Y11.69369 Z10.11
G0 X64.68641 Y11.74286 Z10.113333
G0 X64.667902 Y11.79184 Z10.116667
G0 X64.648882 Y11.840623 Z10.12
G0 X64.629353 Y11.889204 Z10.123333
G0 X64.609316 Y11.937578 Z10.126667
G0 X64.588773 Y11.985739 Z10.13
G0 X64.567727 Y12.033683 Z10.133333
G0 X64.546181 Y12.081404 Z10.136667
G0 X64.524135 Y12.128896 Z10.14
G0 X64.501594 Y12.176155 Z10.143333
G0 X64.478559 Y12.223176 Z10.146667
G0 X64.455033 Y12.269952 Z10.15
G0 X64.431018 Y12.31648 Z10.153333
G0 X64.406517 Y12.362754 Z10.156667
G0 X64.381533 Y12.408768 Z10.16
G0 X64.356069 Y12.454519 Z10.163333
G0 X64.330127 Y12.5 Z10.166667
G0 X64.30371 Y12.545207 Z10.17
G0 X64.276821 Y12.590135 Z10.173333
G0 X64.249463 Y12.634779 Z10.176667
G0 X64.22164 Y12.679134 Z10.18
G0 X64.193353 Y12.723195 Z10.183333
G0 X64.164606 Y12.766958 Z10.186667
G0 X64.135403 Y12.810417 Z10.19
G0 X64.105746 Y12.853568 Z10.193333
G0 X64.075639 Y12.896406 Z10.196667
G0 X64.045085 Y12.938926 Z10.2
G0 X64.014087 Y12.981124 Z10.203333
G0 X63.98265 Y13.022996 Z10.206667
G0 X63.950775 Y13.064535 Z10.21
G0 X63.918467 Y13.105739 Z10.213333
G0 X63.88573 Y13.146602 Z10.216667
G0 X63.852566 Y13.18712 Z10.22
G0 X63.81898 Y13.227288 Z10.223333
G0 X63.784975 Y13.267103 Z10.226667
G0 X63.750555 Y13.306559 Z10.23
G0 X63.715724 Y13.345653 Z10.233333
G0 X63.680485 Y13.38438 Z10.236667
G0 X63.644843 Y13.422736 Z10.24
G0 X63.608801 Y13.460716 Z10.243333
G0 X63.572363 Y13.498317 Z10.246667
G0 X63.535534 Y13.535534 Z10.25
G0 X63.498317 Y13.572363 Z10.253333
G0 X63.460716 Y13.608801 Z10.256667
G0 X63.422736 Y13.644843 Z10.26
G0 X63.38438 Y13.680485 Z10.263333
G0 X63.345653 Y13.715724 Z10.266667
G0 X63.306559 Y13.750555 Z10.27
G0 X63.267103 Y13.784975 Z10.273333
G0 X63.227288 Y13.81898 Z10.276667
G0 X63.18712 Y13.852566 Z10.28
G0 X63.146602 Y13.88573 Z10.283333
G0 X63.105739 Y13.918467 Z10.286667
G0 X63.064535 Y13.950775 Z10.29
G0 X63.022996 Y13.98265 Z10.293333
G0 X62.981124 Y14.014087 Z10.296667
G0 X62.938926 Y14.045085 Z10.3
G0 X62.896406 Y14.075639 Z10.303333
G0 X62.853568 Y14.105746 Z10.306667
G0 X62.810417 Y14.135403 Z10.31
G0 X62.766958 Y14.164606 Z10.313333
G0 X62.723195 Y14.193353 Z10.316667
G0 X62.679134 Y14.22164 Z10.32
G0 X62.634779 Y14.249463 Z10.323333
G0 X62.590135 Y14.276821 Z10.326667
G0 X62.545207 Y14.30371 Z10.33
G0 X62.5 Y14.330127 Z10.333333
G0 X62.454519 Y14.356069 Z10.336667
G0 X62.408768 Y14.381533 Z10.34
G0 X62.362754 Y14.406517 Z10.343333
G0 X62.31648 Y14.431018 Z10.346667
G0 X62.269952 Y14.455033 Z10.35
G0 X62.223176 Y14.478559 Z10.353333
G0 X62.176155 Y14.501594 Z10.356667
G0 X62.128896 Y14.524135 Z10.36
G0 X62.081404 Y14.546181 Z10.363333
G0 X62.033683 Y14.567727 Z10.366667
G0 X61.985739 Y14.588773 Z10.37
G0 X61.937578 Y14.609316 Z10.373333
G0 X61.889204 Y14.629353 Z10.376667
G0 X61.840623 Y14.648882 Z10.38
G0 X61.79184 Y14.667902 Z10.383333
G0 X61.74286 Y14.68641 Z10.386667
G0 X61.69369 Y14.704404 Z10.39
G0 X61.644333 Y14.721882 Z10.393333
G0 X61.594797 Y14.738842 Z10.396667
G0 X61.545085 Y14.755283 Z10.4
G0 X61.495204 Y14.771202 Z10.403333
G0 X61.445159 Y14.786597 Z10.406667
G0 X61.394956 Y14.801468 Z10.41
G0 X61.344599 Y14.815813 Z10.413333
G0 X61.294095 Y14.829629 Z10.416667
G0 X61.243449 Y14.842916 Z10.42
G0 X61.192667 Y14.855671 Z10.423333
G0 X61.141754 Y14.867895 Z10.426667
G0 X61.090716 Y14.879584 Z10.43
G0 X61.039558 Y14.890738 Z10.433333
G0 X60.988287 Y14.901356 Z10.436667
G0 X60.936907 Y14.911436 Z10.44
G0 X60.885424 Y14.920978 Z10.443333
G0 X60.833844 Y14.92998 Z10.446667
G0 X60.782172 Y14.938442 Z10.45
G0 X60.730415 Y14.946362 Z10.453333
G0 X60.678578 Y14.953739 Z10.456667
G0 X60.626666 Y14.960574 Z10.46
G0 X60.574686 Y14.966864 Z10.463333
G0 X60.522642 Y14.972609 Z10.466667
G0 X60.470542 Y14.97781 Z10.47
G0 X60.418389 Y14.982464 Z10.473333
G0 X60.366191 Y14.986572 Z10.476667
G0 X60.313953 Y14.990134 Z10.48
G0 X60.26168 Y14.993148 Z10.483333
G0 X60.209378 Y14.995614 Z10.486667
G0 X60.157054 Y14.997533 Z10.49
G0 X60.104712 Y14.998903 Z10.493333
G0 X60.052359 Y14.999726 Z10.496667
G0 X60 Y15 Z10.5
G0 X59.947641 Y14.999726 Z10.503333
G0 X59.895288 Y14.998903 Z10.506667
G0 X59.842946 Y14.997533 Z10.51
G0 X59.790622 Y14.995614 Z10.513333
G0 X59.73832 Y14.993148 Z10.516667
G0 X59.686047 Y14.990134 Z10.52
G0 X59.633809 Y14.986572 Z10.523333
G0 X59.581611 Y14.982464 Z10.526667
G0 X59.529458 Y14.97781 Z10.53
G0 X59.477358 Y14.972609 Z10.533333
G0 X59.425314 Y14.966864 Z10.536667
G0 X59.373334 Y14.960574 Z10.54
G0 X59.321422 Y14.953739 Z10.543333
G0 X59.269585 Y14.946362 Z10.546667
G0 X59.217828 Y14.938442 Z10.55
G0 X59.166156 Y14.92998 Z10.553333
G0 X59.114576 Y14.920978 Z10.556667
G0 X59.063093 Y14.911436 Z10.56
G0 X59.011713 Y14.901356 Z10.563333
G0 X58.960442 Y14.890738 Z10.566667
G0 X58.909284 Y14.879584 Z10.57
G0 X58.858246 Y14.867895 Z10.573333
G0 X58.807333 Y14.855671 Z10.576667
G0 X58.756551 Y14.842916 Z10.58
G0 X58.705905 Y14.829629 Z10.583333
G0 X58.655401 Y14.815813 Z10.586667
G0 X58.605044 Y14.801468 Z10.59
G0 X58.554841 Y14.786597 Z10.593333
G0 X58.504796 Y14.771202 Z10.596667
G0 X58.454915 Y14.755283 Z10.6
G0 X58.405203 Y14.738842 Z10.603333
G0 X58.355667 Y14.721882 Z10.606667
G0 X58.30631 Y14.704404 Z10.61
G0 X58.25714 Y14.68641 Z10.613333
G0 X58.20816 Y14.667902 Z10.616667
G0 X58.159377 Y14.648882 Z10.62
G0 X58.110796 Y14.629353 Z10.623333
G0 X58.062422 Y14.609316 Z10.626667
G0 X58.014261 Y14.588773 Z10.63
G0 X57.966317 Y14.567727 Z10.633333
G0 X57.918596 Y14.546181 Z10.636667
G0 X57.871104 Y14.524135 Z10.64
G0 X57.823845 Y14.501594 Z10.643333
G0 X57.776824 Y14.478559 Z10.646667
G0 X57.730048 Y14.455033 Z10.65
G0 X57.68352 Y14.431018 Z10.653333
G0 X57.637246 Y14.406517 Z10.656667
G0 X57.591232 Y14.381533 Z10.66
G0 X57.545481 Y14.356069 Z10.663333
G0 X57.5 Y14.330127 Z10.666667
G0 X57.454793 Y14.30371 Z10.67
G0 X57.409865 Y14.276821 Z10.673333
G0 X57.365221 Y14.249463 Z10.676667
G0 X57.320866 Y14.22164 Z10.68
G0 X57.276805 Y14.193353 Z10.683333
G0 X57.233042 Y14.164606 Z10.686667
G0 X57.189583 Y14.135403 Z10.69
G0 X57.146432 Y14.105746 Z10.693333
G0 X57.103594 Y14.075639 Z10.696667
G0 X57.061074 Y14.045085 Z10.7
G0 X57.018876 Y14.014087 Z10.703333
G0 X56.977004 Y13.98265 Z10.706667
G0 X56.935465 Y13.950775 Z10.71
G0 X56.894261 Y13.918467 Z10.713333
G0 X56.853398 Y13.88573 Z10.716667
G0 X56.81288 Y13.852566 Z10.72
G0 X56.772712 Y13.81898 Z10.723333
G0 X56.732897 Y13.784975 Z10.726667
G0 X56.693441 Y13.750555 Z10.73
G0 X56.654347 Y13.715724 Z10.733333
G0 X56.61562 Y13.680485 Z10.736667
G0 X56.577264 Y13.644843 Z10.74
G0 X56.539284 Y13.608801 Z10.743333
G0 X56.501683 Y13.572363 Z10.746667
G0 X56.464466 Y13.535534 Z10.75
G0 X56.427637 Y13.498317 Z10.753333
G0 X56.391199 Y13.460716 Z10.756667
G0 X56.355157 Y13.422736 Z10.76
G0 X56.319515 Y13.38438 Z10.763333
G0 X56.284276 Y13.345653 Z10.766667
G0 X56.249445 Y13.306559 Z10.77
G0 X56.215025 Y13.267103 Z10.773333
G0 X56.18102 Y13.227288 Z10.776667
G0 X56.147434 Y13.18712 Z10.78
G0 X56.11427 Y13.146602 Z10.783333
G0 X56.081533 Y13.105739 Z10.786667
G0 X56.049225 Y13.064535 Z10.79
G0 X56.01735 Y13.022996 Z10.793333
G0 X55.985913 Y12.981124 Z10.796667
G0 X55.954915 Y12.938926 Z10.8
G0 X55.924361 Y12.896406 Z10.803333
G0 X55.894254 Y12.853568 Z10.806667
G0 X55.864597 Y12.810417 Z10.81
G0 X55.835394 Y12.766958 Z10.813333
G0 X55.806647 Y12.723195 Z10.816667
G0 X55.77836 Y12.679134 Z10.82
G0 X55.750537 Y12.634779 Z10.823333
G0 X55.723179 Y12.590135 Z10.826667
G0 X55.69629 Y12.545207 Z10.83
G0 X55.669873 Y12.5 Z10.833333
G0 X55.643931 Y12.454519 Z10.836667
G0 X55.618467 Y12.408768 Z10.84
G0 X55.593483 Y12.362754 Z10.843333
G0 X55.568982 Y12.31648 Z10.846667
G0 X55.544967 Y12.269952 Z10.85
G0 X55.521441 Y12.223176 Z10.853333
G0 X55.498406 Y12.176155 Z10.856667
G0 X55.475865 Y12.128896 Z10.86
G0 X55.453819 Y12.081404 Z10.863333
G0 X55.432273 Y12.033683 Z10.866667
G0 X55.411227 Y11.985739 Z10.87
G0 X55.390684 Y11.937578 Z10.873333
G0 X55.370647 Y11.889204 Z10.876667
G0 X55.351118 Y11.840623 Z10.88
G0 X55.332098 Y11.79184 Z10.883333
G0 X55.31359 Y11.74286 Z10.886667
G0 X55.295596 Y11.69369 Z10.89
G0 X55.278118 Y11.644333 Z10.893333
G0 X55.261158 Y11.594797 Z10.896667
G0 X55.244717 Y11.545085 Z10.9
G0 X55.228798 Y11.495204 Z10.903333
G0 X55.213403 Y11.445159 Z10.906667
G0 X55.198532 Y11.394956 Z10.91
G0 X55.184187 Y11.344599 Z10.913333
G0 X55.170371 Y11.294095 Z10.916667
G0 X55.157084 Y11.243449 Z10.92
G0 X55.144329 Y11.192667 Z10.923333
G0 X55.132105 Y11.141754 Z10.926667
G0 X55.120416 Y11.090716 Z10.93
G0 X55.109262 Y11.039558 Z10.933333
G0 X55.098644 Y10.988287 Z10.936667
G0 X55.088564 Y10.936907 Z10.94
G0 X55.079022 Y10.885424 Z10.943333
G0 X55.07002 Y10.833844 Z10.946667
G0 X55.061558 Y10.782172 Z10.95
G0 X55.053638 Y10.730415 Z10.953333
G0 X55.046261 Y10.678578 Z10.956667
G0 X55.039426 Y10.626666 Z10.96
G0 X55.033136 Y10.574686 Z10.963333
G0 X55.027391 Y10.522642 Z10.966667
G0 X55.02219 Y10.470542 Z10.97
G0 X55.017536 Y10.418389 Z10.973333
G0 X55.013428 Y10.366191 Z10.976667
G0 X55.009866 Y10.313953 Z10.98
G0 X55.006852 Y10.26168 Z10.983333
G0 X55.004386 Y10.209378 Z10.986667
G0 X55.002467 Y10.157054 Z10.99
G0 X55.001097 Y10.104712 Z10.993333
G0 X55.000274 Y10.052359 Z10.996667
G0 X55 Y10 Z11
G0 X55.000274 Y9.947641 Z11.003333
G0 X55.001097 Y9.895288 Z11.006667
G0 X55.002467 Y9.842946 Z11.01
G0 X55.004386 Y9.790622 Z11.013333
G0 X55.006852 Y9.73832 Z11.016667
G0 X55.009866 Y9.686047 Z11.02
G0 X55.013428 Y9.633809 Z11.023333
G0 X55.017536 Y9.581611 Z11.026667
G0 X55.02219 Y9.529458 Z11.03
G0 X55.027391 Y9.477358 Z11.033333
G0 X55.033136 Y9.425314 Z11.036667
G0 X55.039426 Y9.373334 Z11.04
G0 X55.046261 Y9.321422 Z11.043333
G0 X55.053638 Y9.269585 Z11.046667
G0 X55.061558 Y9.217828 Z11.05
G0 X55.07002 Y9.166156 Z11.053333
G0 X55.079022 Y9.114576 Z11.056667
G0 X55.088564 Y9.063093 Z11.06
G0 X55.098644 Y9.011713 Z11.063333
G0 X55.109262 Y8.960442 Z11.066667
G0 X55.120416 Y8.909284 Z11.07
G0 X55.132105 Y8.858246 Z11.073333
G0 X55.144329 Y8.807333 Z11.076667
G0 X55.157084 Y8.756551 Z11.08
G0 X55.170371 Y8.705905 Z11.083333
G0 X55.184187 Y8.655401 Z11.086667
G0 X55.198532 Y8.605044 Z11.09
G0 X55.213403 Y8.554841 Z11.093333
G0 X55.228798 Y8.504796 Z11.096667
G0 X55.244717 Y8.454915 Z11.1
G0 X55.261158 Y8.405203 Z11.103333
G0 X55.278118 Y8.355667 Z11.106667
G0 X55.295596 Y8.30631 Z11.11
G0 X55.31359 Y8.25714 Z11.113333
G0 X55.332098 Y8.20816 Z11.116667
G0 X55.351118 Y8.159377 Z11.12
G0 X55.370647 Y8.110796 Z11.123333
G0 X55.390684 Y8.062422 Z11.126667
G0 X55.411227 Y8.014261 Z11.13
G0 X55.432273 Y7.966317 Z11.133333
G0 X55.453819 Y7.918596 Z11.136667
G0 X55.475865 Y7.871104 Z11.14
G0 X55.498406 Y7.823845 Z11.143333
G0 X55.521441 Y7.776824 Z11.146667
G0 X55.544967 Y7.730048 Z11.15
G0 X55.568982 Y7.68352 Z11.153333
G0 X55.593483 Y7.637246 Z11.156667
G0 X55.618467 Y7.591232 Z11.16
G0 X55.643931 Y7.545481 Z11.163333
G0 X55.669873 Y7.5 Z11.166667
G0 X55.69629 Y7.454793 Z11.17
G0 X55.723179 Y7.409865 Z11.173333
G0 X55.750537 Y7.365221 Z11.176667
G0 X55.77836 Y7.320866 Z11.18
G0 X55.806647 Y7.276805 Z11.183333
G0 X55.835394 Y7.233042 Z11.186667
G0 X55.864597 Y7.189583 Z11.19
G0 X55.894254 Y7.146432 Z11.193333
G0 X55.924361 Y7.103594 Z11.196667
G0 X55.954915 Y7.061074 Z11.2
G0 X55.985913 Y7.018876 Z11.203333
G0 X56.01735 Y6.977004 Z11.206667
G0 X56.049225 Y6.935465 Z11.21
G0 X56.081533 Y6.894261 Z11.213333
G0 X56.11427 Y6.853398 Z11.216667
G0 X56.147434 Y6.81288 Z11.22
G0 X56.18102 Y6.772712 Z11.223333
G0 X56.215025 Y6.732897 Z11.226667
G0 X56.249445 Y6.693441 Z11.23
G0 X56.284276 Y6.654347 Z11.233333
G0 X56.319515 Y6.61562 Z11.236667
G0 X56.355157 Y6.577264 Z11.24
G0 X56.391199 Y6.539284 Z11.243333
G0 X56.427637 Y6.501683 Z11.246667
G0 X56.464466 Y6.464466 Z11.25
G0 X56.501683 Y6.427637 Z11.253333
G0 X56.539284 Y6.391199 Z11.256667
G0 X56.577264 Y6.355157 Z11.26
G0 X56.61562 Y6.319515 Z11.263333
G0 X56.654347 Y6.284276 Z11.266667
G0 X56.693441 Y6.249445 Z11.27
G0 X56.732897 Y6.215025 Z11.273333
G0 X56.772712 Y6.18102 Z11.276667
G0 X56.81288 Y6.147434 Z11.28
G0 X56.853398 Y6.11427 Z11.283333
G0 X56.894261 Y6.081533 Z11.286667
G0 X56.935465 Y6.049225 Z11.29
G0 X56.977004 Y6.01735 Z11.293333
G0 X57.018876 Y5.985913 Z11.296667
G0 X57.061074 Y5.954915 Z11.3
G0 X57.103594 Y5.924361 Z11.303333
G0 X57.146432 Y5.894254 Z11.306667
G0 X57.189583 Y5.864597 Z11.31
G0 X57.233042 Y5.835394 Z11.313333
G0 X57.276805 Y5.806647 Z11.316667
G0 X57.320866 Y5.77836 Z11.32
G0 X57.365221 Y5.750537 Z11.323333
G0 X57.409865 Y5.723179 Z11.326667
G0 X57.454793 Y5.69629 Z11.33
G0 X57.5 Y5.669873 Z11.333333
G0 X57.545481 Y5.643931 Z11.336667
G0 X57.591232 Y5.618467 Z11.34
G0 X57.637246 Y5.593483 Z11.343333
G0 X57.68352 Y5.568982 Z11.346667
G0 X57.730048 Y5.544967 Z11.35
G0 X57.776824 Y5.521441 Z11.353333
G0 X57.823845 Y5.498406 Z11.356667
G0 X57.871104 Y5.475865 Z11.36
G0 X57.918596 Y5.453819 Z11.363333
G0 X57.966317 Y5.432273 Z11.366667
G0 X58.014261 Y5.411227 Z11.37
G0 X58.062422 Y5.390684 Z11.373333
G0 X58.110796 Y5.370647 Z11.376667
G0 X58.159377 Y5.351118 Z11.38
G0 X58.20816 Y5.332098 Z11.383333
G0 X58.25714 Y5.31359 Z11.386667
G0 X58.30631 Y5.295596 Z11.39
G0 X58.355667 Y5.278118 Z11.393333
G0 X58.405203 Y5.261158 Z11.396667
G0 X58.454915 Y5.244717 Z11.4
G0 X58.504796 Y5.228798 Z11.403333
G0 X58.554841 Y5.213403 Z11.406667
G0 X58.605044 Y5.198532 Z11.41
G0 X58.655401 Y5.184187 Z11.413333
G0 X58.705905 Y5.170371 Z11.416667
G0 X58.756551 Y5.157084 Z11.42
G0 X58.807333 Y5.144329 Z11.423333
G0 X58.858246 Y5.132105 Z11.426667
G0 X58.909284 Y5.120416 Z11.43
G0 X58.960442 Y5.109262 Z11.433333
G0 X59.011713 Y5.098644 Z11.436667
G0 X59.063093 Y5.088564 Z11.44
G0 X59.114576 Y5.079022 Z11.443333
G0 X59.166156 Y5.07002 Z11.446667
G0 X59.217828 Y5.061558 Z11.45
G0 X59.269585 Y5.053638 Z11.453333
G0 X59.321422 Y5.046261 Z11.456667
G0 X59.373334 Y5.039426 Z11.46
G0 X59.425314 Y5.033136 Z11.463333
G0 X59.477358 Y5.027391 Z11.466667
G0 X59.529458 Y5.02219 Z11.47
G0 X59.581611 Y5.017536 Z11.473333
G0 X59.633809 Y5.013428 Z11.476667
G0 X59.686047 Y5.009866 Z11.48
G0 X59.73832 Y5.006852 Z11.483333
G0 X59.790622 Y5.004386 Z11.486667
G0 X59.842946 Y5.002467 Z11.49
G0 X59.895288 Y5.001097 Z11.493333
G0 X59.947641 Y5.000274 Z11.496667
G0 X60 Y5 Z11.5
G0 X60.052359 Y5.000274 Z11.503333
G0 X60.104712 Y5.001097 Z11.506667
G0 X60.157054 Y5.002467 Z11.51
G0 X60.209378 Y5.004386 Z11.513333
G0 X60.26168 Y5.006852 Z11.516667
G0 X60.313953 Y5.009866 Z11.52
G0 X60.366191 Y5.013428 Z11.523333
G0 X60.418389 Y5.017536 Z11.526667
G0 X60.470542 Y5.02219 Z11.53
G0 X60.522642 Y5.027391 Z11.533333
G0 X60.574686 Y5.033136 Z11.536667
G0 X60.626666 Y5.039426 Z11.54
G0 X60.678578 Y5.046261 Z11.543333
G0 X60.730415 Y5.053638 Z11.546667
G0 X60.782172 Y5.061558 Z11.55
G0 X60.833844 Y5.07002 Z11.553333
G0 X60.885424 Y5.079022 Z11.556667
G0 X60.936907 Y5.088564 Z11.56
G0 X60.988287 Y5.098644 Z11.563333
G0 X61.039558 Y5.109262 Z11.566667
G0 X61.090716 Y5.120416 Z11.57
G0 X61.141754 Y5.132105 Z11.573333
G0 X61.192667 Y5.144329 Z11.576667
G0 X61.243449 Y5.157084 Z11.58
G0 X61.294095 Y5.170371 Z11.583333
G0 X61.344599 Y5.184187 Z11.586667
G0 X61.394956 Y5.198532 Z11.59
G0 X61.445159 Y5.213403 Z11.593333
G0 X61.495204 Y5.228798 Z11.596667
G0 X61.545085 Y5.244717 Z11.6
G0 X61.594797 Y5.261158 Z11.603333
G0 X61.644333 Y5.278118 Z11.606667
G0 X61.69369 Y5.295596 Z11.61
G0 X61.74286 Y5.31359 Z11.613333
G0 X61.79184 Y5.332098 Z11.616667
G0 X61.840623 Y5.351118 Z11.62
G0 X61.889204 Y5.370647 Z11.623333
G0 X61.937578 Y5.390684 Z11.626667
G0 X61.985739 Y5.411227 Z11.63
G0 X62.033683 Y5.432273 Z11.633333
G0 X62.081404 Y5.453819 Z11.636667
G0 X62.128896 Y5.475865 Z11.64
G0 X62.176155 Y5.498406 Z11.643333
G0 X62.223176 Y5.521441 Z11.646667
G0 X62.269952 Y5.544967 Z11.65
G0 X62.31648 Y5.568982 Z11.653333
G0 X62.362754 Y5.593483 Z11.656667
G0 X62.408768 Y5.618467 Z11.66
G0 X62.454519 Y5.643931 Z11.663333
G0 X62.5 Y5.669873 Z11.666667
G0 X62.545207 Y5.69629 Z11.67
G0 X62.590135 Y5.723179 Z11.673333
G0 X62.634779 Y5.750537 Z11.676667
G0 X62.679134 Y5.77836 Z11.68
G0 X62.723195 Y5.806647 Z11.683333
G0 X62.766958 Y5.835394 Z11.686667
G0 X62.810417 Y5.864597 Z11.69
G0 X62.853568 Y5.894254 Z11.693333
G0 X62.896406 Y5.924361 Z11.696667
G0 X62.938926 Y5.954915 Z11.7
G0 X62.981124 Y5.985913 Z11.703333
G0 X63.022996 Y6.01735 Z11.706667
G0 X63.064535 Y6.049225 Z11.71
G0 X63.105739 Y6.081533 Z11.713333
G0 X63.146602 Y6.11427 Z11.716667
G0 X63.18712 Y6.147434 Z11.72
G0 X63.227288 Y6.18102 Z11.723333
G0 X63.267103 Y6.215025 Z11.726667
G0 X63.306559 Y6.249445 Z11.73
G0 X63.345653 Y6.284276 Z11.733333
G0 X63.38438 Y6.319515 Z11.736667
G0 X63.422736 Y6.355157 Z11.74
G0 X63.460716 Y6.391199 Z11.743333
G0 X63.498317 Y6.427637 Z11.746667
G0 X63.535534 Y6.464466 Z11.75
G0 X63.572363 Y6.501683 Z11.753333
G0 X63.608801 Y6.539284 Z11.756667
G0 X63.644843 Y6.577264 Z11.76
G0 X63.680485 Y6.61562 Z11.763333
G0 X63.715724 Y6.654347 Z11.766667
G0 X63.750555 Y6.693441 Z11.77
G0 X63.784975 Y6.732897 Z11.773333
G0 X63.81898 Y6.772712 Z11.776667
G0 X63.852566 Y6.81288 Z11.78
G0 X63.88573 Y6.853398 Z11.783333
G0 X63.918467 Y6.894261 Z11.786667
G0 X63.950775 Y6.935465 Z11.79
G0 X63.98265 Y6.977004 Z11.793333
G0 X64.014087 Y7.018876 Z11.796667
G0 X64.045085 Y7.061074 Z11.8
G0 X64.075639 Y7.103594 Z11.803333
G0 X64.105746 Y7.146432 Z11.806667
G0 X64.135403 Y7.189583 Z11.81
G0 X64.164606 Y7.233042 Z11.813333
G0 X64.193353 Y7.276805 Z11.816667
G0 X64.22164 Y7.320866 Z11.82
G0 X64.249463 Y7.365221 Z11.823333
G0 X64.276821 Y7.409865 Z11.826667
G0 X64.30371 Y7.454793 Z11.83
G0 X64.330127 Y7.5 Z11.833333
G0 X64.356069 Y7.545481 Z11.836667
G0 X64.381533 Y7.591232 Z11.84
G0 X64.406517 Y7.637246 Z11.843333
G0 X64.431018 Y7.68352 Z11.846667
G0 X64.455033 Y7.730048 Z11.85
G0 X64.478559 Y7.776824 Z11.853333
G0 X64.501594 Y7.823845 Z11.856667
G0 X64.524135 Y7.871104 Z11.86
G0 X64.546181 Y7.918596 Z11.863333
G0 X64.567727 Y7.966317 Z11.866667
G0 X64.588773 Y8.014261 Z11.87
G0 X64.609316 Y8.062422 Z11.873333
G0 X64.629353 Y8.110796 Z11.876667
G0 X64.648882 Y8.159377 Z11.88
G0 X64.667902 Y8.20816 Z11.883333
G0 X64.68641 Y8.25714 Z11.886667
G0 X64.704404 Y8.30631 Z11.89
G0 X64.721882 Y8.355667 Z11.893333
G0 X64.738842 Y8.405203 Z11.896667
G0 X64.755283 Y8.454915 Z11.9
G0 X64.771202 Y8.504796 Z11.903333
G0 X64.786597 Y8.554841 Z11.906667
G0 X64.801468 Y8.605044 Z11.91
G0 X64.815813 Y8.655401 Z11.913333
G0 X64.829629 Y8.705905 Z11.916667
G0 X64.842916 Y8.756551 Z11.92
G0 X64.855671 Y8.807333 Z11.923333
G0 X64.867895 Y8.858246 Z11.926667
G0 X64.879584 Y8.909284 Z11.93
G0 X64.890738 Y8.960442 Z11.933333
G0 X64.901356 Y9.011713 Z11.936667
G0 X64.911436 Y9.063093 Z11.94
G0 X64.920978 Y9.114576 Z11.943333
G0 X64.92998 Y9.166156 Z11.946667
G0 X64.938442 Y9.217828 Z11.95
G0 X64.946362 Y9.269585 Z11.953333
G0 X64.953739 Y9.321422 Z11.956667
G0 X64.960574 Y9.373334 Z11.96
G0 X64.966864 Y9.425314 Z11.963333
G0 X64.972609 Y9.477358 Z11.966667
G0 X64.97781 Y9.529458 Z11.97
G0 X64.982464 Y9.581611 Z11.973333
G0 X64.986572 Y9.633809 Z11.976667
G0 X64.990134 Y9.686047 Z11.98
G0 X64.993148 Y9.73832 Z11.983333
G0 X64.995614 Y9.790622 Z11.986667
G0 X64.997533 Y9.842946 Z11.99
G0 X64.998903 Y9.895288 Z11.993333
G0 X64.999726 Y9.947641 Z11.996667
G0 X65 Y10 Z12
G0 X64.999726 Y10.052359 Z12.003333
G0 X64.998903 Y10.104712 Z12.006667
G0 X64.997533 Y10.157054 Z12.01
G0 X64.995614 Y10.209378 Z12.013333
G0 X64.993148 Y10.26168 Z12.016667
G0 X64.990134 Y10.313953 Z12.02
G0 X64.986572 Y10.366191 Z12.023333
G0 X64.982464 Y10.418389 Z12.026667
G0 X64.97781 Y10.470542 Z12.03
G0 X64.972609 Y10.522642 Z12.033333
G0 X64.966864 Y10.574686 Z12.036667
G0 X64.960574 Y10.626666 Z12.04
G0 X64.953739 Y10.678578 Z12.043333
G0 X64.946362 Y10.730415 Z12.046667
G0 X64.938442 Y10.782172 Z12.05
G0 X64.92998 Y10.833844 Z12.053333
G0 X64.920978 Y10.885424 Z12.056667
G0 X64.911436 Y10.936907 Z12.06
G0 X64.901356 Y10.988287 Z12.063333
G0 X64.890738 Y11.039558 Z12.066667
G0 X64.879584 Y11.090716 Z12.07
G0 X64.867895 Y11.141754 Z12.073333
G0 X64.855671 Y11.192667 Z12.076667
G0 X64.842916 Y11.243449 Z12.08
G0 X64.829629 Y11.294095 Z12.083333
G0 X64.815813 Y11.344599 Z12.086667
G0 X64.801468 Y11.394956 Z12.09
G0 X64.786597 Y11.445159 Z12.093333
G0 X64.771202 Y11.495204 Z12.096667
G0 X64.755283 Y11.545085 Z12.1
G0 X64.738842 Y11.594797 Z12.103333
G0 X64.721882 Y11.644333 Z12.106667
G0 X64.704404 Y11.69369 Z12.11
G0 X64.68641 Y11.74286 Z12.113333
G0 X64.667902 Y11.79184 Z12.116667
G0 X64.648882 Y11.840623 Z12.12
G0 X64.629353 Y11.889204 Z12.123333
G0 X64.609316 Y11.937578 Z12.126667
G0 X64.588773 Y11.985739 Z12.13
G0 X64.567727 Y12.033683 Z12.133333
G0 X64.546181 Y12.081404 Z12.136667
G0 X64.524135 Y12.128896 Z12.14
G0 X64.501594 Y12.176155 Z12.143333
G0 X64.478559 Y12.223176 Z12.146667
G0 X64.455033 Y12.269952 Z12.15
G0 X64.431018 Y12.31648 Z12.153333
G0 X64.406517 Y12.362754 Z12.156667
G0 X64.381533 Y12.408768 Z12.16
G0 X64.356069 Y12.454519 Z12.163333
G0 X64.330127 Y12.5 Z12.166667
G0 X64.30371 Y12.545207 Z12.17
G0 X64.276821 Y12.590135 Z12.173333
G0 X64.249463 Y12.634779 Z12.176667
G0 X64.22164 Y12.679134 Z12.18
G0 X64.193353 Y12.723195 Z12.183333
G0 X64.164606 Y12.766958 Z12.186667
G0 X64.135403 Y12.810417 Z12.19
G0 X64.105746 Y12.853568 Z12.193333
G0 X64.075639 Y12.896406 Z12.196667
G0 X64.045085 Y12.938926 Z12.2
G0 X64.014087 Y12.981124 Z12.203333
G0 X63.98265 Y13.022996 Z12.206667
G0 X63.950775 Y13.064535 Z12.21
G0 X63.918467 Y13.105739 Z12.213333
G0 X63.88573 Y13.146602 Z12.216667
G0 X63.852566 Y13.18712 Z12.22
G0 X63.81898 Y13.227288 Z12.223333
G0 X63.784975 Y13.267103 Z12.226667
G0 X63.750555 Y13.306559 Z12.23
G0 X63.715724 Y13.345653 Z12.233333
G0 X63.680485 Y13.38438 Z12.236667
G0 X63.644843 Y13.422736 Z12.24
G0 X63.608801 Y13.460716 Z12.243333
G0 X63.572363 Y13.498317 Z12.246667
G0 X63.535534 Y13.535534 Z12.25
G0 X63.498317 Y13.572363 Z12.253333
G0 X63.460716 Y13.608801 Z12.256667
G0 X63.422736 Y13.644843 Z12.26
G0 X63.38438 Y13.680485 Z12.263333
G0 X63.345653 Y13.715724 Z12.266667
G0 X63.306559 Y13.750555 Z12.27
G0 X63.267103 Y13.784975 Z12.273333
G0 X63.227288 Y13.81898 Z12.276667
G0 X63.18712 Y13.852566 Z12.28
G0 X63.146602 Y13.88573 Z12.283333
G0 X63.105739 Y13.918467 Z12.286667
G0 X63.064535 Y13.950775 Z12.29
G0 X63.022996 Y13.98265 Z12.293333
G0 X62.981124 Y14.014087 Z12.296667
G0 X62.938926 Y14.045085 Z12.3
G0 X62.896406 Y14.075639 Z12.303333
G0 X62.853568 Y14.105746 Z12.306667
G0 X62.810417 Y14.135403 Z12.31
G0 X62.766958 Y14.164606 Z12.313333
G0 X62.723195 Y14.193353 Z12.316667
G0 X62.679134 Y14.22164 Z12.32
G0 X62.634779 Y14.249463 Z12.323333
G0 X62.590135 Y14.276821 Z12.326667
G0 X62.545207 Y14.30371 Z12.33
G0 X62.5 Y14.330127 Z12.333333
G0 X62.454519 Y14.356069 Z12.336667
G0 X62.408768 Y14.381533 Z12.34
G0 X62.362754 Y14.406517 Z12.343333
G0 X62.31648 Y14.431018 Z12.346667
G0 X62.269952 Y14.455033 Z12.35
G0 X62.223176 Y14.478559 Z12.353333
G0 X62.176155 Y14.501594 Z12.356667
G0 X62.128896 Y14.524135 Z12.36
G0 X62.081404 Y14.546181 Z12.363333
G0 X62.033683 Y14.567727 Z12.366667
G0 X61.985739 Y14.588773 Z12.37
G0 X61.937578 Y14.609316 Z12.373333
G0 X61.889204 Y14.629353 Z12.376667
G0 X61.840623 Y14.648882 Z12.38
G0 X61.79184 Y14.667902 Z12.383333
G0 X61.74286 Y14.68641 Z12.386667
G0 X61.69369 Y14.704404 Z12.39
G0 X61.644333 Y14.721882 Z12.393333
G0 X61.594797 Y14.738842 Z12.396667
G0 X61.545085 Y14.755283 Z12.4
G0 X61.495204 Y14.771202 Z12.403333
G0 X61.445159 Y14.786597 Z12.406667
G0 X61.394956 Y14.801468 Z12.41
G0 X61.344599 Y14.815813 Z12.413333
G0 X61.294095 Y14.829629 Z12.416667
G0 X61.243449 Y14.842916 Z12.42
G0 X61.192667 Y14.855671 Z12.423333
G0 X61.141754 Y14.867895 Z12.426667
G0 X61.090716 Y14.879584 Z12.43
G0 X61.039558 Y14.890738 Z12.433333
G0 X60.988287 Y14.901356 Z12.436667
G0 X60.936907 Y14.911436 Z12.44
G0 X60.885424 Y14.920978 Z12.443333
G0 X60.833844 Y14.92998 Z12.446667
G0 X60.782172 Y14.938442 Z12.45
G0 X60.730415 Y14.946362 Z12.453333
G0 X60.678578 Y14.953739 Z12.456667
G0 X60.626666 Y14.960574 Z12.46
G0 X60.574686 Y14.966864 Z12.463333
G0 X60.522642 Y14.972609 Z12.466667
G0 X60.470542 Y14.97781 Z12.47
G0 X60.418389 Y14.982464 Z12.473333
G0 X60.366191 Y14.986572 Z12.476667
G0 X60.313953 Y14.990134 Z12.48
G0 X60.26168 Y14.993148 Z12.483333
G0 X60.209378 Y14.995614 Z12.486667
G0 X60.157054 Y14.997533 Z12.49
G0 X60.104712 Y14.998903 Z12.493333
G0 X60.052359 Y14.999726 Z12.496667
G0 X60 Y15 Z12.5
G0 X59.947641 Y14.999726 Z12.503333
G0 X59.895288 Y14.998903 Z12.506667
G0 X59.842946 Y14.997533 Z12.51
G0 X59.790622 Y14.995614 Z12.513333
G0 X59.73832 Y14.993148 Z12.516667
G0 X59.686047 Y14.990134 Z12.52
G0 X59.633809 Y14.986572 Z12.523333
G0 X59.581611 Y14.982464 Z12.526667
G0 X59.529458 Y14.97781 Z12.53
G0 X59.477358 Y14.972609 Z12.533333
G0 X59.425314 Y14.966864 Z12.536667
G0 X59.373334 Y14.960574 Z12.54
G0 X59.321422 Y14.953739 Z12.543333
G0 X59.269585 Y14.946362 Z12.546667
G0 X59.217828 Y14.938442 Z12.55
G0 X59.166156 Y14.92998 Z12.553333
G0 X59.114576 Y14.920978 Z12.556667
G0 X59.063093 Y14.911436 Z12.56
G0 X59.011713 Y14.901356 Z12.563333
G0 X58.960442 Y14.890738 Z12.566667
G0 X58.909284 Y14.879584 Z12.57
G0 X58.858246 Y14.867895 Z12.573333
G0 X58.807333 Y14.855671 Z12.576667
G0 X58.756551 Y14.842916 Z12.58
G0 X58.705905 Y14.829629 Z12.583333
G0 X58.655401 Y14.815813 Z12.586667
G0 X58.605044 Y14.801468 Z12.59
G0 X58.554841 Y14.786597 Z12.593333
G0 X58.504796 Y14.771202 Z12.596667
G0 X58.454915 Y14.755283 Z12.6
G0 X58.405203 Y14.738842 Z12.603333
G0 X58.355667 Y14.721882 Z12.606667
G0 X58.30631 Y14.704404 Z12.61
G0 X58.25714 Y14.68641 Z12.613333
G0 X58.20816 Y14.667902 Z12.616667
G0 X58.159377 Y14.648882 Z12.62
G0 X58.110796 Y14.629353 Z12.623333
G0 X58.062422 Y14.609316 Z12.626667
G0 X58.014261 Y14.588773 Z12.63
G0 X57.966317 Y14.567727 Z12.633333
G0 X57.918596 Y14.546181 Z12.636667
G0 X57.871104 Y14.524135 Z12.64
G0 X57.823845 Y14.501594 Z12.643333
G0 X57.776824 Y14.478559 Z12.646667
G0 X57.730048 Y14.455033 Z12.65
G0 X57.68352 Y14.431018 Z12.653333
G0 X57.637246 Y14.406517 Z12.656667
G0 X57.591232 Y14.381533 Z12.66
G0 X57.545481 Y14.356069 Z12.663333
G0 X57.5 Y14.330127 Z12.666667
G0 X57.454793 Y14.30371 Z12.67
G0 X57.409865 Y14.276821 Z12.673333
G0 X57.365221 Y14.249463 Z12.676667
G0 X57.320866 Y14.22164 Z12.68
G0 X57.276805 Y14.193353 Z12.683333
G0 X57.233042 Y14.164606 Z12.686667
G0 X57.189583 Y14.135403 Z12.69
G0 X57.146432 Y14.105746 Z12.693333
G0 X57.103594 Y14.075639 Z12.696667
G0 X57.061074 Y14.045085 Z12.7
G0 X57.018876 Y14.014087 Z12.703333
G0 X56.977004 Y13.98265 Z12.706667
G0 X56.935465 Y13.950775 Z12.71
G0 X56.894261 Y13.918467 Z12.713333
G0 X56.853398 Y13.88573 Z12.716667
G0 X56.81288 Y13.852566 Z12.72
G0 X56.772712 Y13.81898 Z12.723333
G0 X56.732897 Y13.784975 Z12.726667
G0 X56.693441 Y13.750555 Z12.73
G0 X56.654347 Y13.715724 Z12.733333
G0 X56.61562 Y13.680485 Z12.736667
G0 X56.577264 Y13.644843 Z12.74
G0 X56.539284 Y13.608801 Z12.743333
G0 X56.501683 Y13.572363 Z12.746667
G0 X56.464466 Y13.535534 Z12.75
G0 X56.427637 Y13.498317 Z12.753333
G0 X56.391199 Y13.460716 Z12.756667
G0 X56.355157 Y13.422736 Z12.76
G0 X56.319515 Y13.38438 Z12.763333
G0 X56.284276 Y13.345653 Z12.766667
G0 X56.249445 Y13.306559 Z12.77
G0 X56.215025 Y13.267103 Z12.773333
G0 X56.18102 Y13.227288 Z12.776667
G0 X56.147434 Y13.18712 Z12.78
G0 X56.11427 Y13.146602 Z12.783333
G0 X56.081533 Y13.105739 Z12.786667
G0 X56.049225 Y13.064535 Z12.79
G0 X56.01735 Y13.022996 Z12.793333
G0 X55.985913 Y12.981124 Z12.796667
G0 X55.954915 Y12.938926 Z12.8
G0 X55.924361 Y12.896406 Z12.803333
G0 X55.894254 Y12.853568 Z12.806667
G0 X55.864597 Y12.810417 Z12.81
G0 X55.835394 Y12.766958 Z12.813333
G0 X55.806647 Y12.723195 Z12.816667
G0 X55.77836 Y12.679134 Z12.82
G0 X55.750537 Y12.634779 Z12.823333
G0 X55.723179 Y12.590135 Z12.826667
G0 X55.69629 Y12.545207 Z12.83
G0 X55.669873 Y12.5 Z12.833333
G0 X55.643931 Y12.454519 Z12.836667
G0 X55.618467 Y12.408768 Z12.84
G0 X55.593483 Y12.362754 Z12.843333
G0 X55.568982 Y12.31648 Z12.846667
G0 X55.544967 Y12.269952 Z12.85
G0 X55.521441 Y12.223176 Z12.853333
G0 X55.498406 Y12.176155 Z12.856667
G0 X55.475865 Y12.128896 Z12.86
G0 X55.453819 Y12.081404 Z12.863333
G0 X55.432273 Y12.033683 Z12.866667
G0 X55.411227 Y11.985739 Z12.87
G0 X55.390684 Y11.937578 Z12.873333
G0 X55.370647 Y11.889204 Z12.876667
G0 X55.351118 Y11.840623 Z12.88
G0 X55.332098 Y11.79184 Z12.883333
G0 X55.31359 Y11.74286 Z12.886667
G0 X55.295596 Y11.69369 Z12.89
G0 X55.278118 Y11.644333 Z12.893333
G0 X55.261158 Y11.594797 Z12.896667
G0 X55.244717 Y11.545085 Z12.9
G0 X55.228798 Y11.495204 Z12.903333
G0 X55.213403 Y11.445159 Z12.906667
G0 X55.198532 Y11.394956 Z12.91
G0 X55.184187 Y11.344599 Z12.913333
G0 X55.170371 Y11.294095 Z12.916667
G0 X55.157084 Y11.243449 Z12.92
G0 X55.144329 Y11.192667 Z12.923333
G0 X55.132105 Y11.141754 Z12.926667
G0 X55.120416 Y11.090716 Z12.93
G0 X55.109262 Y11.039558 Z12.933333
G0 X55.098644 Y10.988287 Z12.936667
G0 X55.088564 Y10.936907 Z12.94
G0 X55.079022 Y10.885424 Z12.943333
G0 X55.07002 Y10.833844 Z12.946667
G0 X55.061558 Y10.782172 Z12.95
G0 X55.053638 Y10.730415 Z12.953333
G0 X55.046261 Y10.678578 Z12.956667
G0 X55.039426 Y10.626666 Z12.96
G0 X55.033136 Y10.574686 Z12.963333
G0 X55.027391 Y10.522642 Z12.966667
G0 X55.02219 Y10.470542 Z12.97
G0 X55.017536 Y10.418389 Z12.973333
G0 X55.013428 Y10.366191 Z12.976667
G0 X55.009866 Y10.313953 Z12.98
G0 X55.006852 Y10.26168 Z12.983333
G0 X55.004386 Y10.209378 Z12.986667
G0 X55.002467 Y10.157054 Z12.99
G0 X55.001097 Y10.104712 Z12.993333
G0 X55.000274 Y10.052359 Z12.996667
G0 X55 Y10 Z13
G0 X55.000274 Y9.947641 Z13.003333
G0 X55.001097 Y9.895288 Z13.006667
G0 X55.002467 Y9.842946 Z13.01
G0 X55.004386 Y9.790622 Z13.013333
G0 X55.006852 Y9.73832 Z13.016667
G0 X55.009866 Y9.686047 Z13.02
G0 X55.013428 Y9.633809 Z13.023333
G0 X55.017536 Y9.581611 Z13.026667
G0 X55.02219 Y9.529458 Z13.03
G0 X55.027391 Y9.477358 Z13.033333
G0 X55.033136 Y9.425314 Z13.036667
G0 X55.039426 Y9.373334 Z13.04
G0 X55.046261 Y9.321422 Z13.043333
G0 X55.053638 Y9.269585 Z13.046667
G0 X55.061558 Y9.217828 Z13.05
G0 X55.07002 Y9.166156 Z13.053333
G0 X55.079022 Y9.114576 Z13.056667
G0 X55.088564 Y9.063093 Z13.06
G0 X55.098644 Y9.011713 Z13.063333
G0 X55.109262 Y8.960442 Z13.066667
G0 X55.120416 Y8.909284 Z13.07
G0 X55.132105 Y8.858246 Z13.073333
G0 X55.144329 Y8.807333 Z13.076667
G0 X55.157084 Y8.756551 Z13.08
G0 X55.170371 Y8.705905 Z13.083333
G0 X55.184187 Y8.655401 Z13.086667
G0 X55.198532 Y8.605044 Z13.09
G0 X55.213403 Y8.554841 Z13.093333
G0 X55.228798 Y8.504796 Z13.096667
G0 X55.244717 Y8.454915 Z13.1
G0 X55.261158 Y8.405203 Z13.103333
G0 X55.278118 Y8.355667 Z13.106667
G0 X55.295596 Y8.30631 Z13.11
G0 X55.31359 Y8.25714 Z13.113333
G0 X55.332098 Y8.20816 Z13.116667
G0 X55.351118 Y8.159377 Z13.12
G0 X55.370647 Y8.110796 Z13.123333
G0 X55.390684 Y8.062422 Z13.126667
G0 X55.411227 Y8.014261 Z13.13
G0 X55.432273 Y7.966317 Z13.133333
G0 X55.453819 Y7.918596 Z13.136667
G0 X55.475865 Y7.871104 Z13.14
G0 X55.498406 Y7.823845 Z13.143333
G0 X55.521441 Y7.776824 Z13.146667
G0 X55.544967 Y7.730048 Z13.15
G0 X55.568982 Y7.68352 Z13.153333
G0 X55.593483 Y7.637246 Z13.156667
G0 X55.618467 Y7.591232 Z13.16
G0 X55.643931 Y7.545481 Z13.163333
G0 X55.669873 Y7.5 Z13.166667
G0 X55.69629 Y7.454793 Z13.17
G0 X55.723179 Y7.409865 Z13.173333
G0 X55.750537 Y7.365221 Z13.176667
G0 X55.77836 Y7.320866 Z13.18
G0 X55.806647 Y7.276805 Z13.183333
G0 X55.835394 Y7.233042 Z13.186667
G0 X55.864597 Y7.189583 Z13.19
G0 X55.894254 Y7.146432 Z13.193333
G0 X55.924361 Y7.103594 Z13.196667
G0 X55.954915 Y7.061074 Z13.2
G0 X55.985913 Y7.018876 Z13.203333
G0 X56.01735 Y6.977004 Z13.206667
G0 X56.049225 Y6.935465 Z13.21
G0 X56.081533 Y6.894261 Z13.213333
G0 X56.11427 Y6.853398 Z13.216667
G0 X56.147434 Y6.81288 Z13.22
G0 X56.18102 Y6.772712 Z13.223333
G0 X56.215025 Y6.732897 Z13.226667
G0 X56.249445 Y6.693441 Z13.23
G0 X56.284276 Y6.654347 Z13.233333
G0 X56.319515 Y6.61562 Z13.236667
G0 X56.355157 Y6.577264 Z13.24
G0 X56.391199 Y6.539284 Z13.243333
G0 X56.427637 Y6.501683 Z13.246667
G0 X56.464466 Y6.464466 Z13.25
G0 X56.501683 Y6.427637 Z13.253333
G0 X56.539284 Y6.391199 Z13.256667
G0 X56.577264 Y6.355157 Z13.26
G0 X56.61562 Y6.319515 Z13.263333
G0 X56.654347 Y6.284276 Z13.266667
G0 X56.693441 Y6.249445 Z13.27
G0 X56.732897 Y6.215025 Z13.273333
G0 X56.772712 Y6.18102 Z13.276667
G0 X56.81288 Y6.147434 Z13.28
G0 X56.853398 Y6.11427 Z13.283333
G0 X56.894261 Y6.081533 Z13.286667
G0 X56.935465 Y6.049225 Z13.29
G0 X56.977004 Y6.01735 Z13.293333
G0 X57.018876 Y5.985913 Z13.296667
G0 X57.061074 Y5.954915 Z13.3
G0 X57.103594 Y5.924361 Z13.303333
G0 X57.146432 Y5.894254 Z13.306667
G0 X57.189583 Y5.864597 Z13.31
G0 X57.233042 Y5.835394 Z13.313333
G0 X57.276805 Y5.806647 Z13.316667
G0 X57.320866 Y5.77836 Z13.32
G0 X57.365221 Y5.750537 Z13.323333
G0 X57.409865 Y5.723179 Z13.326667
G0 X57.454793 Y5.69629 Z13.33
G0 X57.5 Y5.669873 Z13.333333
G0 X57.545481 Y5.643931 Z13.336667
G0 X57.591232 Y5.618467 Z13.34
G0 X57.637246 Y5.593483 Z13.343333
G0 X57.68352 Y5.568982 Z13.346667
G0 X57.730048 Y5.544967 Z13.35
G0 X57.776824 Y5.521441 Z13.353333
G0 X57.823845 Y5.498406 Z13.356667
G0 X57.871104 Y5.475865 Z13.36
G0 X57.918596 Y5.453819 Z13.363333
G0 X57.966317 Y5.432273 Z13.366667
G0 X58.014261 Y5.411227 Z13.37
G0 X58.062422 Y5.390684 Z13.373333
G0 X58.110796 Y5.370647 Z13.376667
G0 X58.159377 Y5.351118 Z13.38
G0 X58.20816 Y5.332098 Z13.383333
G0 X58.25714 Y5.31359 Z13.386667
G0 X58.30631 Y5.295596 Z13.39
G0 X58.355667 Y5.278118 Z13.393333
G0 X58.405203 Y5.261158 Z13.396667
G0 X58.454915 Y5.244717 Z13.4
G0 X58.504796 Y5.228798 Z13.403333
G0 X58.554841 Y5.213403 Z13.406667
G0 X58.605044 Y5.198532 Z13.41
G0 X58.655401 Y5.184187 Z13.413333
G0 X58.705905 Y5.170371 Z13.416667
G0 X58.756551 Y5.157084 Z13.42
G0 X58.807333 Y5.144329 Z13.423333
G0 X58.858246 Y5.132105 Z13.426667
G0 X58.909284 Y5.120416 Z13.43
G0 X58.960442 Y5.109262 Z13.433333
G0 X59.011713 Y5.098644 Z13.436667
G0 X59.063093 Y5.088564 Z13.44
G0 X59.114576 Y5.079022 Z13.443333
G0 X59.166156 Y5.07002 Z13.446667
G0 X59.217828 Y5.061558 Z13.45
G0 X59.269585 Y5.053638 Z13.453333
G0 X59.321422 Y5.046261 Z13.456667
G0 X59.373334 Y5.039426 Z13.46
G0 X59.425314 Y5.033136 Z13.463333
G0 X59.477358 Y5.027391 Z13.466667
G0 X59.529458 Y5.02219 Z13.47
G0 X59.581611 Y5.017536 Z13.473333
G0 X59.633809 Y5.013428 Z13.476667
G0 X59.686047 Y5.009866 Z13.48
G0 X59.73832 Y5.006852 Z13.483333
G0 X59.790622 Y5.004386 Z13.486667
G0 X59.842946 Y5.002467 Z13.49
G0 X59.895288 Y5.001097 Z13.493333
G0 X59.947641 Y5.000274 Z13.496667
G0 X60 Y5 Z13.5
G0 X60.052359 Y5.000274 Z13.503333
G0 X60.104712 Y5.001097 Z13.506667
G0 X60.157054 Y5.002467 Z13.51
G0 X60.209378 Y5.004386 Z13.513333
G0 X60.26168 Y5.006852 Z13.516667
G0 X60.313953 Y5.009866 Z13.52
G0 X60.366191 Y5.013428 Z13.523333
G0 X60.418389 Y5.017536 Z13.526667
G0 X60.470542 Y5.02219 Z13.53
G0 X60.522642 Y5.027391 Z13.533333
G0 X60.574686 Y5.033136 Z13.536667
G0 X60.626666 Y5.039426 Z13.54
G0 X60.678578 Y5.046261 Z13.543333
G0 X60.730415 Y5.053638 Z13.546667
G0 X60.782172 Y5.061558 Z13.55
G0 X60.833844 Y5.07002 Z13.553333
G0 X60.885424 Y5.079022 Z13.556667
G0 X60.936907 Y5.088564 Z13.56
G0 X60.988287 Y5.098644 Z13.563333
G0 X61.039558 Y5.109262 Z13.566667
G0 X61.090716 Y5.120416 Z13.57
G0 X61.141754 Y5.132105 Z13.573333
G0 X61.192667 Y5.144329 Z13.576667
G0 X61.243449 Y5.157084 Z13.58
G0 X61.294095 Y5.170371 Z13.583333
G0 X61.344599 Y5.184187 Z13.586667
G0 X61.394956 Y5.198532 Z13.59
G0 X61.445159 Y5.213403 Z13.593333
G0 X61.495204 Y5.228798 Z13.596667
G0 X61.545085 Y5.244717 Z13.6
G0 X61.594797 Y5.261158 Z13.603333
G0 X61.644333 Y5.278118 Z13.606667
G0 X61.69369 Y5.295596 Z13.61
G0 X61.74286 Y5.31359 Z13.613333
G0 X61.79184 Y5.332098 Z13.616667
G0 X61.840623 Y5.351118 Z13.62
G0 X61.889204 Y5.370647 Z13.623333
G0 X61.937578 Y5.390684 Z13.626667
G0 X61.985739 Y5.411227 Z13.63
G0 X62.033683 Y5.432273 Z13.633333
G0 X62.081404 Y5.453819 Z13.636667
G0 X62.128896 Y5.475865 Z13.64
G0 X62.176155 Y5.498406 Z13.643333
G0 X62.223176 Y5.521441 Z13.646667
G0 X62.269952 Y5.544967 Z13.65
G0 X62.31648 Y5.568982 Z13.653333
G0 X62.362754 Y5.593483 Z13.656667
G0 X62.408768 Y5.618467 Z13.66
G0 X62.454519 Y5.643931 Z13.663333
G0 X62.5 Y5.669873 Z13.666667
G0 X62.545207 Y5.69629 Z13.67
G0 X62.590135 Y5.723179 Z13.673333
G0 X62.634779 Y5.750537 Z13.676667
G0 X62.679134 Y5.77836 Z13.68
G0 X62.723195 Y5.806647 Z13.683333
G0 X62.766958 Y5.835394 Z13.686667
G0 X62.810417 Y5.864597 Z13.69
G0 X62.853568 Y5.894254 Z13.693333
G0 X62.896406 Y5.924361 Z13.696667
G0 X62.938926 Y5.954915 Z13.7
G0 X62.981124 Y5.985913 Z13.703333
G0 X63.022996 Y6.01735 Z13.706667
G0 X63.064535 Y6.049225 Z13.71
G0 X63.105739 Y6.081533 Z13.713333
G0 X63.146602 Y6.11427 Z13.716667
G0 X63.18712 Y6.147434 Z13.72
G0 X63.227288 Y6.18102 Z13.723333
G0 X63.267103 Y6.215025 Z13.726667
G0 X63.306559 Y6.249445 Z13.73
G0 X63.345653 Y6.284276 Z13.733333
G0 X63.38438 Y6.319515 Z13.736667
G0 X63.422736 Y6.355157 Z13.74
G0 X63.460716 Y6.391199 Z13.743333
G0 X63.498317 Y6.427637 Z13.746667
G0 X63.535534 Y6.464466 Z13.75
G0 X63.572363 Y6.501683 Z13.753333
G0 X63.608801 Y6.539284 Z13.756667
G0 X63.644843 Y6.577264 Z13.76
G0 X63.680485 Y6.61562 Z13.763333
G0 X63.715724 Y6.654347 Z13.766667
G0 X63.750555 Y6.693441 Z13.77
G0 X63.784975 Y6.732897 Z13.773333
G0 X63.81898 Y6.772712 Z13.776667
G0 X63.852566 Y6.81288 Z13.78
G0 X63.88573 Y6.853398 Z13.783333
G0 X63.918467 Y6.894261 Z13.786667
G0 X63.950775 Y6.935465 Z13.79
G0 X63.98265 Y6.977004 Z13.793333
G0 X64.014087 Y7.018876 Z13.796667
G0 X64.045085 Y7.061074 Z13.8
G0 X64.075639 Y7.103594 Z13.803333
G0 X64.105746 Y7.146432 Z13.806667
G0 X64.135403 Y7.189583 Z13.81
G0 X64.164606 Y7.233042 Z13.813333
G0 X64.193353 Y7.276805 Z13.816667
G0 X64.22164 Y7.320866 Z13.82
G0 X64.249463 Y7.365221 Z13.823333
G0 X64.276821 Y7.409865 Z13.826667
G0 X64.30371 Y7.454793 Z13.83
G0 X64.330127 Y7.5 Z13.833333
G0 X64.356069 Y7.545481 Z13.836667
G0 X64.381533 Y7.591232 Z13.84
G0 X64.406517 Y7.637246 Z13.843333
G0 X64.431018 Y7.68352 Z13.846667
G0 X64.455033 Y7.730048 Z13.85
G0 X64.478559 Y7.776824 Z13.853333
G0 X64.501594 Y7.823845 Z13.856667
G0 X64.524135 Y7.871104 Z13.86
G0 X64.546181 Y7.918596 Z13.863333
G0 X64.567727 Y7.966317 Z13.866667
G0 X64.588773 Y8.014261 Z13.87
G0 X64.609316 Y8.062422 Z13.873333
G0 X64.629353 Y8.110796 Z13.876667
G0 X64.648882 Y8.159377 Z13.88
G0 X64.667902 Y8.20816 Z13.883333
G0 X64.68641 Y8.25714 Z13.886667
G0 X64.704404 Y8.30631 Z13.89
G0 X64.721882 Y8.355667 Z13.893333
G0 X64.738842 Y8.405203 Z13.896667
G0 X64.755283 Y8.454915 Z13.9
G0 X64.771202 Y8.504796 Z13.903333
G0 X64.786597 Y8.554841 Z13.906667
G0 X64.801468 Y8.605044 Z13.91
G0 X64.815813 Y8.655401 Z13.913333
G0 X64.829629 Y8.705905 Z13.916667
G0 X64.842916 Y8.756551 Z13.92
G0 X64.855671 Y8.807333 Z13.923333
G0 X64.867895 Y8.858246 Z13.926667
G0 X64.879584 Y8.909284 Z13.93
G0 X64.890738 Y8.960442 Z13.933333
G0 X64.901356 Y9.011713 Z13.936667
G0 X64.911436 Y9.063093 Z13.94
G0 X64.920978 Y9.114576 Z13.943333
G0 X64.92998 Y9.166156 Z13.946667
G0 X64.938442 Y9.217828 Z13.95
G0 X64.946362 Y9.269585 Z13.953333
G0 X64.953739 Y9.321422 Z13.956667
G0 X64.960574 Y9.373334 Z13.96
G0 X64.966864 Y9.425314 Z13.963333
G0 X64.972609 Y9.477358 Z13.966667
G0 X64.97781 Y9.529458 Z13.97
G0 X64.982464 Y9.581611 Z13.973333
G0 X64.986572 Y9.633809 Z13.976667
G0 X64.990134 Y9.686047 Z13.98
G0 X64.993148 Y9.73832 Z13.983333
G0 X64.995614 Y9.790622 Z13.986667
G0 X64.997533 Y9.842946 Z13.99
G0 X64.998903 Y9.895288 Z13.993333
G0 X64.999726 Y9.947641 Z13.996667
G0 X65 Y10 Z14
G0 X64.999726 Y10.052359 Z14.003333
G0 X64.998903 Y10.104712 Z14.006667
G0 X64.997533 Y10.157054 Z14.01
G0 X64.995614 Y10.209378 Z14.013333
G0 X64.993148 Y10.26168 Z14.016667
G0 X64.990134 Y10.313953 Z14.02
G0 X64.986572 Y10.366191 Z14.023333
G0 X64.982464 Y10.418389 Z14.026667
G0 X64.97781 Y10.470542 Z14.03
G0 X64.972609 Y10.522642 Z14.033333
G0 X64.966864 Y10.574686 Z14.036667
G0 X64.960574 Y10.626666 Z14.04
G0 X64.953739 Y10.678578 Z14.043333
G0 X64.946362 Y10.730415 Z14.046667
G0 X64.938442 Y10.782172 Z14.05
G0 X64.92998 Y10.833844 Z14.053333
G0 X64.920978 Y10.885424 Z14.056667
G0 X64.911436 Y10.936907 Z14.06
G0 X64.901356 Y10.988287 Z14.063333
G0 X64.890738 Y11.039558 Z14.066667
G0 X64.879584 Y11.090716 Z14.07
G0 X64.867895 Y11.141754 Z14.073333
G0 X64.855671 Y11.192667 Z14.076667
G0 X64.842916 Y11.243449 Z14.08
G0 X64.829629 Y11.294095 Z14.083333
G0 X64.815813 Y11.344599 Z14.086667
G0 X64.801468 Y11.394956 Z14.09
G0 X64.786597 Y11.445159 Z14.093333
G0 X64.771202 Y11.495204 Z14.096667
G0 X64.755283 Y11.545085 Z14.1
G0 X64.738842 Y11.594797 Z14.103333
G0 X64.721882 Y11.644333 Z14.106667
G0 X64.704404 Y11.69369 Z14.11
G0 X64.68641 Y11.74286 Z14.113333
G0 X64.667902 Y11.79184 Z14.116667
G0 X64.648882 Y11.840623 Z14.12
G0 X64.629353 Y11.889204 Z14.123333
G0 X64.609316 Y11.937578 Z14.126667
G0 X64.588773 Y11.985739 Z14.13
G0 X64.567727 Y12.033683 Z14.133333
G0 X64.546181 Y12.081404 Z14.136667
G0 X64.524135 Y12.128896 Z14.14
G0 X64.501594 Y12.176155 Z14.143333
G0 X64.478559 Y12.223176 Z14.146667
G0 X64.455033 Y12.269952 Z14.15
G0 X64.431018 Y12.31648 Z14.153333
G0 X64.406517 Y12.362754 Z14.156667
G0 X64.381533 Y12.408768 Z14.16
G0 X64.356069 Y12.454519 Z14.163333
G0 X64.330127 Y12.5 Z14.166667
G0 X64.30371 Y12.545207 Z14.17
G0 X64.276821 Y12.590135 Z14.173333
G0 X64.249463 Y12.634779 Z14.176667
G0 X64.22164 Y12.679134 Z14.18
G0 X64.193353 Y12.723195 Z14.183333
G0 X64.164606 Y12.766958 Z14.186667
G0 X64.135403 Y12.810417 Z14.19
G0 X64.105746 Y12.853568 Z14.193333
G0 X64.075639 Y12.896406 Z14.196667
G0 X64.045085 Y12.938926 Z14.2
G0 X64.014087 Y12.981124 Z14.203333
G0 X63.98265 Y13.022996 Z14.206667
G0 X63.950775 Y13.064535 Z14.21
G0 X63.918467 Y13.105739 Z14.213333
G0 X63.88573 Y13.146602 Z14.216667
G0 X63.852566 Y13.18712 Z14.22
G0 X63.81898 Y13.227288 Z14.223333
G0 X63.784975 Y13.267103 Z14.226667
G0 X63.750555 Y13.306559 Z14.23
G0 X63.715724 Y13.345653 Z14.233333
G0 X63.680485 Y13.38438 Z14.236667
G0 X63.644843 Y13.422736 Z14.24
G0 X63.608801 Y13.460716 Z14.243333
G0 X63.572363 Y13.498317 Z14.246667
G0 X63.535534 Y13.535534 Z14.25
G0 X63.498317 Y13.572363 Z14.253333
G0 X63.460716 Y13.608801 Z14.256667
G0 X63.422736 Y13.644843 Z14.26
G0 X63.38438 Y13.680485 Z14.263333
G0 X63.345653 Y13.715724 Z14.266667
G0 X63.306559 Y13.750555 Z14.27
G0 X63.267103 Y13.784975 Z14.273333
G0 X63.227288 Y13.81898 Z14.276667
G0 X63.18712 Y13.852566 Z14.28
G0 X63.146602 Y13.88573 Z14.283333
G0 X63.105739 Y13.918467 Z14.286667
G0 X63.064535 Y13.950775 Z14.29
G0 X63.022996 Y13.98265 Z14.293333
G0 X62.981124 Y14.014087 Z14.296667
G0 X62.938926 Y14.045085 Z14.3
G0 X62.896406 Y14.075639 Z14.303333
G0 X62.853568 Y14.105746 Z14.306667
G0 X62.810417 Y14.135403 Z14.31
G0 X62.766958 Y14.164606 Z14.313333
G0 X62.723195 Y14.193353 Z14.316667
G0 X62.679134 Y14.22164 Z14.32
G0 X62.634779 Y14.249463 Z14.323333
G0 X62.590135 Y14.276821 Z14.326667
G0 X62.545207 Y14.30371 Z14.33
G0 X62.5 Y14.330127 Z14.333333
G0 X62.454519 Y14.356069 Z14.336667
G0 X62.408768 Y14.381533 Z14.34
G0 X62.362754 Y14.406517 Z14.343333
G0 X62.31648 Y14.431018 Z14.346667
G0 X62.269952 Y14.455033 Z14.35
G0 X62.223176 Y14.478559 Z14.353333
G0 X62.176155 Y14.501594 Z14.356667
G0 X62.128896 Y14.524135 Z14.36
G0 X62.081404 Y14.546181 Z14.363333
G0 X62.033683 Y14.567727 Z14.366667
G0 X61.985739 Y14.588773 Z14.37
G0 X61.937578 Y14.609316 Z14.373333
G0 X61.889204 Y14.629353 Z14.376667
G0 X61.840623 Y14.648882 Z14.38
G0 X61.79184 Y14.667902 Z14.383333
G0 X61.74286 Y14.68641 Z14.386667
G0 X61.69369 Y14.704404 Z14.39
G0 X61.644333 Y14.721882 Z14.393333
G0 X61.594797 Y14.738842 Z14.396667
G0 X61.545085 Y14.755283 Z14.4
G0 X61.495204 Y14.771202 Z14.403333
G0 X61.445159 Y14.786597 Z14.406667
G0 X61.394956 Y14.801468 Z14.41
G0 X61.344599 Y14.815813 Z14.413333
G0 X61.294095 Y14.829629 Z14.416667
G0 X61.243449 Y14.842916 Z14.42
G0 X61.192667 Y14.855671 Z14.423333
G0 X61.141754 Y14.867895 Z14.426667
G0 X61.090716 Y14.879584 Z14.43
G0 X61.039558 Y14.890738 Z14.433333
G0 X60.988287 Y14.901356 Z14.436667
G0 X60.936907 Y14.911436 Z14.44
G0 X60.885424 Y14.920978 Z14.443333
G0 X60.833844 Y14.92998 Z14.446667
G0 X60.782172 Y14.938442 Z14.45
G0 X60.730415 Y14.946362 Z14.453333
G0 X60.678578 Y14.953739 Z14.456667
G0 X60.626666 Y14.960574 Z14.46
G0 X60.574686 Y14.966864 Z14.463333
G0 X60.522642 Y14.972609 Z14.466667
G0 X60.470542 Y14.97781 Z14.47
G0 X60.418389 Y14.982464 Z14.473333
G0 X60.366191 Y14.986572 Z14.476667
G0 X60.313953 Y14.990134 Z14.48
G0 X60.26168 Y14.993148 Z14.483333
G0 X60.209378 Y14.995614 Z14.486667
G0 X60.157054 Y14.997533 Z14.49
G0 X60.104712 Y14.998903 Z14.493333
G0 X60.052359 Y14.999726 Z14.496667
G0 X60 Y15 Z14.5
G0 X59.947641 Y14.999726 Z14.503333
G0 X59.895288 Y14.998903 Z14.506667
G0 X59.842946 Y14.997533 Z14.51
G0 X59.790622 Y14.995614 Z14.513333
G0 X59.73832 Y14.993148 Z14.516667
G0 X59.686047 Y14.990134 Z14.52
G0 X59.633809 Y14.986572 Z14.523333
G0 X59.581611 Y14.982464 Z14.526667
G0 X59.529458 Y14.97781 Z14.53
G0 X59.477358 Y14.972609 Z14.533333
G0 X59.425314 Y14.966864 Z14.536667
G0 X59.373334 Y14.960574 Z14.54
G0 X59.321422 Y14.953739 Z14.543333
G0 X59.269585 Y14.946362 Z14.546667
G0 X59.217828 Y14.938442 Z14.55
G0 X59.166156 Y14.92998 Z14.553333
G0 X59.114576 Y14.920978 Z14.556667
G0 X59.063093 Y14.911436 Z14.56
G0 X59.011713 Y14.901356 Z14.563333
G0 X58.960442 Y14.890738 Z14.566667
G0 X58.909284 Y14.879584 Z14.57
G0 X58.858246 Y14.867895 Z14.573333
G0 X58.807333 Y14.855671 Z14.576667
G0 X58.756551 Y14.842916 Z14.58
G0 X58.705905 Y14.829629 Z14.583333
G0 X58.655401 Y14.815813 Z14.586667
G0 X58.605044 Y14.801468 Z14.59
G0 X58.554841 Y14.786597 Z14.593333
G0 X58.504796 Y14.771202 Z14.596667
G0 X58.454915 Y14.755283 Z14.6
G0 X58.405203 Y14.738842 Z14.603333
G0 X58.355667 Y14.721882 Z14.606667
G0 X58.30631 Y14.704404 Z14.61
G0 X58.25714 Y14.68641 Z14.613333
G0 X58.20816 Y14.667902 Z14.616667
G0 X58.159377 Y14.648882 Z14.62
G0 X58.110796 Y14.629353 Z14.623333
G0 X58.062422 Y14.609316 Z14.626667
G0 X58.014261 Y14.588773 Z14.63
G0 X57.966317 Y14.567727 Z14.633333
G0 X57.918596 Y14.546181 Z14.636667
G0 X57.871104 Y14.524135 Z14.64
G0 X57.823845 Y14.501594 Z14.643333
G0 X57.776824 Y14.478559 Z14.646667
G0 X57.730048 Y14.455033 Z14.65
G0 X57.68352 Y14.431018 Z14.653333
G0 X57.637246 Y14.406517 Z14.656667
G0 X57.591232 Y14.381533 Z14.66
G0 X57.545481 Y14.356069 Z14.663333
G0 X57.5 Y14.330127 Z14.666667
G0 X57.454793 Y14.30371 Z14.67
G0 X57.409865 Y14.276821 Z14.673333
G0 X57.365221 Y14.249463 Z14.676667
G0 X57.320866 Y14.22164 Z14.68
G0 X57.276805 Y14.193353 Z14.683333
G0 X57.233042 Y14.164606 Z14.686667
G0 X57.189583 Y14.135403 Z14.69
G0 X57.146432 Y14.105746 Z14.693333
G0 X57.103594 Y14.075639 Z14.696667
G0 X57.061074 Y14.045085 Z14.7
G0 X57.018876 Y14.014087 Z14.703333
G0 X56.977004 Y13.98265 Z14.706667
G0 X56.935465 Y13.950775 Z14.71
G0 X56.894261 Y13.918467 Z14.713333
G0 X56.853398 Y13.88573 Z14.716667
G0 X56.81288 Y13.852566 Z14.72
G0 X56.772712 Y13.81898 Z14.723333
G0 X56.732897 Y13.784975 Z14.726667
G0 X56.693441 Y13.750555 Z14.73
G0 X56.654347 Y13.715724 Z14.733333
G0 X56.61562 Y13.680485 Z14.736667
G0 X56.577264 Y13.644843 Z14.74
G0 X56.539284 Y13.608801 Z14.743333
G0 X56.501683 Y13.572363 Z14.746667
G0 X56.464466 Y13.535534 Z14.75
G0 X56.427637 Y13.498317 Z14.753333
G0 X56.391199 Y13.460716 Z14.756667
G0 X56.355157 Y13.422736 Z14.76
G0 X56.319515 Y13.38438 Z14.763333
G0 X56.284276 Y13.345653 Z14.766667
G0 X56.249445 Y13.306559 Z14.77
G0 X56.215025 Y13.267103 Z14.773333
G0 X56.18102 Y13.227288 Z14.776667
G0 X56.147434 Y13.18712 Z14.78
G0 X56.11427 Y13.146602 Z14.783333
G0 X56.081533 Y13.105739 Z14.786667
G0 X56.049225 Y13.064535 Z14.79
G0 X56.01735 Y13.022996 Z14.793333
G0 X55.985913 Y12.981124 Z14.796667
G0 X55.954915 Y12.938926 Z14.8
G0 X55.924361 Y12.896406 Z14.803333
G0 X55.894254 Y12.853568 Z14.806667
G0 X55.864597 Y12.810417 Z14.81
G0 X55.835394 Y12.766958 Z14.813333
G0 X55.806647 Y12.723195 Z14.816667
G0 X55.77836 Y12.679134 Z14.82
G0 X55.750537 Y12.634779 Z14.823333
G0 X55.723179 Y12.590135 Z14.826667
G0 X55.69629 Y12.545207 Z14.83
G0 X55.669873 Y12.5 Z14.833333
G0 X55.643931 Y12.454519 Z14.836667
G0 X55.618467 Y12.408768 Z14.84
G0 X55.593483 Y12.362754 Z14.843333
G0 X55.568982 Y12.31648 Z14.846667
G0 X55.544967 Y12.269952 Z14.85
G0 X55.521441 Y12.223176 Z14.853333
G0 X55.498406 Y12.176155 Z14.856667
G0 X55.475865 Y12.128896 Z14.86
G0 X55.453819 Y12.081404 Z14.863333
G0 X55.432273 Y12.033683 Z14.866667
G0 X55.411227 Y11.985739 Z14.87
G0 X55.390684 Y11.937578 Z14.873333
G0 X55.370647 Y11.889204 Z14.876667
G0 X55.351118 Y11.840623 Z14.88
G0 X55.332098 Y11.79184 Z14.883333
G0 X55.31359 Y11.74286 Z14.886667
G0 X55.295596 Y11.69369 Z14.89
G0 X55.278118 Y11.644333 Z14.893333
G0 X55.261158 Y11.594797 Z14.896667
G0 X55.244717 Y11.545085 Z14.9
G0 X55.228798 Y11.495204 Z14.903333
G0 X55.213403 Y11.445159 Z14.906667
G0 X55.198532 Y11.394956 Z14.91
G0 X55.184187 Y11.344599 Z14.913333
G0 X55.170371 Y11.294095 Z14.916667
G0 X55.157084 Y11.243449 Z14.92
G0 X55.144329 Y11.192667 Z14.923333
G0 X55.132105 Y11.141754 Z14.926667
G0 X55.120416 Y11.090716 Z14.93
G0 X55.109262 Y11.039558 Z14.933333
G0 X55.098644 Y10.988287 Z14.936667
G0 X55.088564 Y10.936907 Z14.94
G0 X55.079022 Y10.885424 Z14.943333
G0 X55.07002 Y10.833844 Z14.946667
G0 X55.061558 Y10.782172 Z14.95
G0 X55.053638 Y10.730415 Z14.953333
G0 X55.046261 Y10.678578 Z14.956667
G0 X55.039426 Y10.626666 Z14.96
G0 X55.033136 Y10.574686 Z14.963333
G0 X55.027391 Y10.522642 Z14.966667
G0 X55.02219 Y10.470542 Z14.97
G0 X55.017536 Y10.418389 Z14.973333
G0 X55.013428 Y10.366191 Z14.976667
G0 X55.009866 Y10.313953 Z14.98
G0 X55.006852 Y10.26168 Z14.983333
G0 X55.004386 Y10.209378 Z14.986667
G0 X55.002467 Y10.157054 Z14.99
G0 X55.001097 Y10.104712 Z14.993333
G0 X55.000274 Y10.052359 Z14.996667
G0 X55 Y10 Z15
G0 X55.000274 Y9.947641 Z15.003333
G0 X55.001097 Y9.895288 Z15.006667
G0 X55.002467 Y9.842946 Z15.01
G0 X55.004386 Y9.790622 Z15.013333
G0 X55.006852 Y9.73832 Z15.016667
G0 X55.009866 Y9.686047 Z15.02
G0 X55.013428 Y9.633809 Z15.023333
G0 X55.017536 Y9.581611 Z15.026667
G0 X55.02219 Y9.529458 Z15.03
G0 X55.027391 Y9.477358 Z15.033333
G0 X55.033136 Y9.425314 Z15.036667
G0 X55.039426 Y9.373334 Z15.04
G0 X55.046261 Y9.321422 Z15.043333
G0 X55.053638 Y9.269585 Z15.046667
G0 X55.061558 Y9.217828 Z15.05
G0 X55.07002 Y9.166156 Z15.053333
G0 X55.079022 Y9.114576 Z15.056667
G0 X55.088564 Y9.063093 Z15.06
G0 X55.098644 Y9.011713 Z15.063333
G0 X55.109262 Y8.960442 Z15.066667
G0 X55.120416 Y8.909284 Z15.07
G0 X55.132105 Y8.858246 Z15.073333
G0 X55.144329 Y8.807333 Z15.076667
G0 X55.157084 Y8.756551 Z15.08
G0 X55.170371 Y8.705905 Z15.083333
G0 X55.184187 Y8.655401 Z15.086667
G0 X55.198532 Y8.605044 Z15.09
G0 X55.213403 Y8.554841 Z15.093333
G0 X55.228798 Y8.504796 Z15.096667
G0 X55.244717 Y8.454915 Z15.1
G0 X55.261158 Y8.405203 Z15.103333
G0 X55.278118 Y8.355667 Z15.106667
G0 X55.295596 Y8.30631 Z15.11
G0 X55.31359 Y8.25714 Z15.113333
G0 X55.332098 Y8.20816 Z15.116667
G0 X55.351118 Y8.159377 Z15.12
G0 X55.370647 Y8.110796 Z15.123333
G0 X55.390684 Y8.062422 Z15.126667
G0 X55.411227 Y8.014261 Z15.13
G0 X55.432273 Y7.966317 Z15.133333
G0 X55.453819 Y7.918596 Z15.136667
G0 X55.475865 Y7.871104 Z15.14
G0 X55.498406 Y7.823845 Z15.143333
G0 X55.521441 Y7.776824 Z15.146667
G0 X55.544967 Y7.730048 Z15.15
G0 X55.568982 Y7.68352 Z15.153333
G0 X55.593483 Y7.637246 Z15.156667
G0 X55.618467 Y7.591232 Z15.16
G0 X55.643931 Y7.545481 Z15.163333
G0 X55.669873 Y7.5 Z15.166667
G0 X55.69629 Y7.454793 Z15.17
G0 X55.723179 Y7.409865 Z15.173333
G0 X55.750537 Y7.365221 Z15.176667
G0 X55.77836 Y7.320866 Z15.18
G0 X55.806647 Y7.276805 Z15.183333
G0 X55.835394 Y7.233042 Z15.186667
G0 X55.864597 Y7.189583 Z15.19
G0 X55.894254 Y7.146432 Z15.193333
G0 X55.924361 Y7.103594 Z15.196667
G0 X55.954915 Y7.061074 Z15.2
G0 X55.985913 Y7.018876 Z15.203333
G0 X56.01735 Y6.977004 Z15.206667
G0 X56.049225 Y6.935465 Z15.21
G0 X56.081533 Y6.894261 Z15.213333
G0 X56.11427 Y6.853398 Z15.216667
G0 X56.147434 Y6.81288 Z15.22
G0 X56.18102 Y6.772712 Z15.223333
G0 X56.215025 Y6.732897 Z15.226667
G0 X56.249445 Y6.693441 Z15.23
G0 X56.284276 Y6.654347 Z15.233333
G0 X56.319515 Y6.61562 Z15.236667
G0 X56.355157 Y6.577264 Z15.24
G0 X56.391199 Y6.539284 Z15.243333
G0 X56.427637 Y6.501683 Z15.246667
G0 X56.464466 Y6.464466 Z15.25
G0 X56.501683 Y6.427637 Z15.253333
G0 X56.539284 Y6.391199 Z15.256667
G0 X56.577264 Y6.355157 Z15.26
G0 X56.61562 Y6.319515 Z15.263333
G0 X56.654347 Y6.284276 Z15.266667
G0 X56.693441 Y6.249445 Z15.27
G0 X56.732897 Y6.215025 Z15.273333
G0 X56.772712 Y6.18102 Z15.276667
G0 X56.81288 Y6.147434 Z15.28
G0 X56.853398 Y6.11427 Z15.283333
G0 X56.894261 Y6.081533 Z15.286667
G0 X56.935465 Y6.049225 Z15.29
G0 X56.977004 Y6.01735 Z15.293333
G0 X57.018876 Y5.985913 Z15.296667
G0 X57.061074 Y5.954915 Z15.3
G0 X57.103594 Y5.924361 Z15.303333
G0 X57.146432 Y5.894254 Z15.306667
G0 X57.189583 Y5.864597 Z15.31
G0 X57.233042 Y5.835394 Z15.313333
G0 X57.276805 Y5.806647 Z15.316667
G0 X57.320866 Y5.77836 Z15.32
G0 X57.365221 Y5.750537 Z15.323333
G0 X57.409865 Y5.723179 Z15.326667
G0 X57.454793 Y5.69629 Z15.33
G0 X57.5 Y5.669873 Z15.333333
G0 X57.545481 Y5.643931 Z15.336667
G0 X57.591232 Y5.618467 Z15.34
G0 X57.637246 Y5.593483 Z15.343333
G0 X57.68352 Y5.568982 Z15.346667
G0 X57.730048 Y5.544967 Z15.35
G0 X57.776824 Y5.521441 Z15.353333
G0 X57.823845 Y5.498406 Z15.356667
G0 X57.871104 Y5.475865 Z15.36
G0 X57.918596 Y5.453819 Z15.363333
G0 X57.966317 Y5.432273 Z15.366667
G0 X58.014261 Y5.411227 Z15.37
G0 X58.062422 Y5.390684 Z15.373333
G0 X58.110796 Y5.370647 Z15.376667
G0 X58.159377 Y5.351118 Z15.38
G0 X58.20816 Y5.332098 Z15.383333
G0 X58.25714 Y5.31359 Z15.386667
G0 X58.30631 Y5.295596 Z15.39
G0 X58.355667 Y5.278118 Z15.393333
G0 X58.405203 Y5.261158 Z15.396667
G0 X58.454915 Y5.244717 Z15.4
G0 X58.504796 Y5.228798 Z15.403333
G0 X58.554841 Y5.213403 Z15.406667
G0 X58.605044 Y5.198532 Z15.41
G0 X58.655401 Y5.184187 Z15.413333
G0 X58.705905 Y5.170371 Z15.416667
G0 X58.756551 Y5.157084 Z15.42
G0 X58.807333 Y5.144329 Z15.423333
G0 X58.858246 Y5.132105 Z15.426667
G0 X58.909284 Y5.120416 Z15.43
G0 X58.960442 Y5.109262 Z15.433333
G0 X59.011713 Y5.098644 Z15.436667
G0 X59.063093 Y5.088564 Z15.44
G0 X59.114576 Y5.079022 Z15.443333
G0 X59.166156 Y5.07002 Z15.446667
G0 X59.217828 Y5.061558 Z15.45
G0 X59.269585 Y5.053638 Z15.453333
G0 X59.321422 Y5.046261 Z15.456667
G0 X59.373334 Y5.039426 Z15.46
G0 X59.425314 Y5.033136 Z15.463333
G0 X59.477358 Y5.027391 Z15.466667
G0 X59.529458 Y5.02219 Z15.47
G0 X59.581611 Y5.017536 Z15.473333
G0 X59.633809 Y5.013428 Z15.476667
G0 X59.686047 Y5.009866 Z15.48
G0 X59.73832 Y5.006852 Z15.483333
G0 X59.790622 Y5.004386 Z15.486667
G0 X59.842946 Y5.002467 Z15.49
G0 X59.895288 Y5.001097 Z15.493333
G0 X59.947641 Y5.000274 Z15.496667
G0 X60 Y5 Z15.5
G0 X60.052359 Y5.000274 Z15.503333
G0 X60.104712 Y5.001097 Z15.506667
G0 X60.157054 Y5.002467 Z15.51
G0 X60.209378 Y5.004386 Z15.513333
G0 X60.26168 Y5.006852 Z15.516667
G0 X60.313953 Y5.009866 Z15.52
G0 X60.366191 Y5.013428 Z15.523333
G0 X60.418389 Y5.017536 Z15.526667
G0 X60.470542 Y5.02219 Z15.53
G0 X60.522642 Y5.027391 Z15.533333
G0 X60.574686 Y5.033136 Z15.536667
G0 X60.626666 Y5.039426 Z15.54
G0 X60.678578 Y5.046261 Z15.543333
G0 X60.730415 Y5.053638 Z15.546667
G0 X60.782172 Y5.061558 Z15.55
G0 X60.833844 Y5.07002 Z15.553333
G0 X60.885424 Y5.079022 Z15.556667
G0 X60.936907 Y5.088564 Z15.56
G0 X60.988287 Y5.098644 Z15.563333
G0 X61.039558 Y5.109262 Z15.566667
G0 X61.090716 Y5.120416 Z15.57
G0 X61.141754 Y5.132105 Z15.573333
G0 X61.192667 Y5.144329 Z15.576667
G0 X61.243449 Y5.157084 Z15.58
G0 X61.294095 Y5.170371 Z15.583333
G0 X61.344599 Y5.184187 Z15.586667
G0 X61.394956 Y5.198532 Z15.59
G0 X61.445159 Y5.213403 Z15.593333
G0 X61.495204 Y5.228798 Z15.596667
G0 X61.545085 Y5.244717 Z15.6
G0 X61.594797 Y5.261158 Z15.603333
G0 X61.644333 Y5.278118 Z15.606667
G0 X61.69369 Y5.295596 Z15.61
G0 X61.74286 Y5.31359 Z15.613333
G0 X61.79184 Y5.332098 Z15.616667
G0 X61.840623 Y5.351118 Z15.62
G0 X61.889204 Y5.370647 Z15.623333
G0 X61.937578 Y5.390684 Z15.626667
G0 X61.985739 Y5.411227 Z15.63
G0 X62.033683 Y5.432273 Z15.633333
G0 X62.081404 Y5.453819 Z15.636667
G0 X62.128896 Y5.475865 Z15.64
G0 X62.176155 Y5.498406 Z15.643333
G0 X62.223176 Y5.521441 Z15.646667
G0 X62.269952 Y5.544967 Z15.65
G0 X62.31648 Y5.568982 Z15.653333
G0 X62.362754 Y5.593483 Z15.656667
G0 X62.408768 Y5.618467 Z15.66
G0 X62.454519 Y5.643931 Z15.663333
G0 X62.5 Y5.669873 Z15.666667
G0 X62.545207 Y5.69629 Z15.67
G0 X62.590135 Y5.723179 Z15.673333
G0 X62.634779 Y5.750537 Z15.676667
G0 X62.679134 Y5.77836 Z15.68
G0 X62.723195 Y5.806647 Z15.683333
G0 X62.766958 Y5.835394 Z15.686667
G0 X62.810417 Y5.864597 Z15.69
G0 X62.853568 Y5.894254 Z15.693333
G0 X62.896406 Y5.924361 Z15.696667
G0 X62.938926 Y5.954915 Z15.7
G0 X62.981124 Y5.985913 Z15.703333
G0 X63.022996 Y6.01735 Z15.706667
G0 X63.064535 Y6.049225 Z15.71
G0 X63.105739 Y6.081533 Z15.713333
G0 X63.146602 Y6.11427 Z15.716667
G0 X63.18712 Y6.147434 Z15.72
G0 X63.227288 Y6.18102 Z15.723333
G0 X63.267103 Y6.215025 Z15.726667
G0 X63.306559 Y6.249445 Z15.73
G0 X63.345653 Y6.284276 Z15.733333
G0 X63.38438 Y6.319515 Z15.736667
G0 X63.422736 Y6.355157 Z15.74
G0 X63.460716 Y6.391199 Z15.743333
G0 X63.498317 Y6.427637 Z15.746667
G0 X63.535534 Y6.464466 Z15.75
G0 X63.572363 Y6.501683 Z15.753333
G0 X63.608801 Y6.539284 Z15.756667
G0 X63.644843 Y6.577264 Z15.76
G0 X63.680485 Y6.61562 Z15.763333
G0 X63.715724 Y6.654347 Z15.766667
G0 X63.750555 Y6.693441 Z15.77
G0 X63.784975 Y6.732897 Z15.773333
G0 X63.81898 Y6.772712 Z15.776667
G0 X63.852566 Y6.81288 Z15.78
G0 X63.88573 Y6.853398 Z15.783333
G0 X63.918467 Y6.894261 Z15.786667
G0 X63.950775 Y6.935465 Z15.79
G0 X63.98265 Y6.977004 Z15.793333
G0 X64.014087 Y7.018876 Z15.796667
G0 X64.045085 Y7.061074 Z15.8
G0 X64.075639 Y7.103594 Z15.803333
G0 X64.105746 Y7.146432 Z15.806667
G0 X64.135403 Y7.189583 Z15.81
G0 X64.164606 Y7.233042 Z15.813333
G0 X64.193353 Y7.276805 Z15.816667
G0 X64.22164 Y7.320866 Z15.82
G0 X64.249463 Y7.365221 Z15.823333
G0 X64.276821 Y7.409865 Z15.826667
G0 X64.30371 Y7.454793 Z15.83
G0 X64.330127 Y7.5 Z15.833333
G0 X64.356069 Y7.545481 Z15.836667
G0 X64.381533 Y7.591232 Z15.84
G0 X64.406517 Y7.637246 Z15.843333
G0 X64.431018 Y7.68352 Z15.846667
G0 X64.455033 Y7.730048 Z15.85
G0 X64.478559 Y7.776824 Z15.853333
G0 X64.501594 Y7.823845 Z15.856667
G0 X64.524135 Y7.871104 Z15.86
G0 X64.546181 Y7.918596 Z15.863333
G0 X64.567727 Y7.966317 Z15.866667
G0 X64.588773 Y8.014261 Z15.87
G0 X64.609316 Y8.062422 Z15.873333
G0 X64.629353 Y8.110796 Z15.876667
G0 X64.648882 Y8.159377 Z15.88
G0 X64.667902 Y8.20816 Z15.883333
G0 X64.68641 Y8.25714 Z15.886667
G0 X64.704404 Y8.30631 Z15.89
G0 X64.721882 Y8.355667 Z15.893333
G0 X64.738842 Y8.405203 Z15.896667
G0 X64.755283 Y8.454915 Z15.9
G0 X64.771202 Y8.504796 Z15.903333
G0 X64.786597 Y8.554841 Z15.906667
G0 X64.801468 Y8.605044 Z15.91
G0 X64.815813 Y8.655401 Z15.913333
G0 X64.829629 Y8.705905 Z15.916667
G0 X64.842916 Y8.756551 Z15.92
G0 X64.855671 Y8.807333 Z15.923333
G0 X64.867895 Y8.858246 Z15.926667
G0 X64.879584 Y8.909284 Z15.93
G0 X64.890738 Y8.960442 Z15.933333
G0 X64.901356 Y9.011713 Z15.936667
G0 X64.911436 Y9.063093 Z15.94
G0 X64.920978 Y9.114576 Z15.943333
G0 X64.92998 Y9.166156 Z15.946667
G0 X64.938442 Y9.217828 Z15.95
G0 X64.946362 Y9.269585 Z15.953333
G0 X64.953739 Y9.321422 Z15.956667
G0 X64.960574 Y9.373334 Z15.96
G0 X64.966864 Y9.425314 Z15.963333
G0 X64.972609 Y9.477358 Z15.966667
G0 X64.97781 Y9.529458 Z15.97
G0 X64.982464 Y9.581611 Z15.973333
G0 X64.986572 Y9.633809 Z15.976667
G0 X64.990134 Y9.686047 Z15.98
G0 X64.993148 Y9.73832 Z15.983333
G0 X64.995614 Y9.790622 Z15.986667
G0 X64.997533 Y9.842946 Z15.99
G0 X64.998903 Y9.895288 Z15.993333
G0 X64.999726 Y9.947641 Z15.996667
G0 X65 Y10 Z16
G0 F1500 X57 Y0 Z0
G0 X53.5 Y-6.062178 Z-0.333333
G0 X46.5 Y-6.062178 Z-0.666667
G0 X43 Y-0 Z-1
G0 X46.5 Y6.062178 Z-1.333333
G0 X53.5 Y6.062178 Z-1.666667
G0 X57 Y0 Z-2
G0 X53.5 Y-6.062178 Z-2.333333
G0 X46.5 Y-6.062178 Z-2.666667
G0 X43 Y-0 Z-3
G0 X46.5 Y6.062178 Z-3.333333
G0 X53.5 Y6.062178 Z-3.666667
G0 X57 Y0 Z-4
G0 X53.5 Y-6.062178 Z-4.333333
G0 X46.5 Y-6.062178 Z-4.666667
G0 X43 Y-0 Z-5
G0 X46.5 Y6.062178 Z-5.333333
G0 X53.5 Y6.062178 Z-5.666667
G0 X57 Y0 Z-6
G0 Y0 Z0
G0 X56.986187 Y-0.439534 Z0.02
G0 X56.944803 Y-0.877333 Z0.04
G0 X56.876011 Y-1.311669 Z0.06
G0 X56.780082 Y-1.740829 Z0.08
G0 X56.657396 Y-2.163119 Z0.1
G0 X56.508435 Y-2.576872 Z0.12
G0 X56.333789 Y-2.980455 Z0.14
G0 X56.134147 Y-3.372276 Z0.16
G0 X55.910295 Y-3.750788 Z0.18
G0 X55.663119 Y-4.114497 Z0.2
G0 X55.393593 Y-4.461968 Z0.22
G0 X55.10278 Y-4.79183 Z0.24
G0 X54.79183 Y-5.10278 Z0.26
G0 X54.461968 Y-5.393593 Z0.28
G0 X54.114497 Y-5.663119 Z0.3
G0 X53.750788 Y-5.910295 Z0.32
G0 X53.372276 Y-6.134147 Z0.34
G0 X52.980455 Y-6.333789 Z0.36
G0 X52.576872 Y-6.508435 Z0.38
G0 X52.163119 Y-6.657396 Z0.4
G0 X51.740829 Y-6.780082 Z0.42
G0 X51.311669 Y-6.876011 Z0.44
G0 X50.877333 Y-6.944803 Z0.46
G0 X50.439534 Y-6.986187 Z0.48
G0 X50 Y-7 Z0.5
G0 X49.560466 Y-6.986187 Z0.52
G0 X49.122667 Y-6.944803 Z0.54
G0 X48.688331 Y-6.876011 Z0.56
G0 X48.259171 Y-6.780082 Z0.58
G0 X47.836881 Y-6.657396 Z0.6
G0 X47.423128 Y-6.508435 Z0.62
G0 X47.019545 Y-6.333789 Z0.64
G0 X46.627724 Y-6.134147 Z0.66
G0 X46.249212 Y-5.910295 Z0.68
G0 X45.885503 Y-5.663119 Z0.7
G0 X45.538032 Y-5.393593 Z0.72
G0 X45.20817 Y-5.10278 Z0.74
G0 X44.89722 Y-4.79183 Z0.76
G0 X44.606407 Y-4.461968 Z0.78
G0 X44.336881 Y-4.114497 Z0.8
G0 X44.089705 Y-3.750788 Z0.82
G0 X43.865853 Y-3.372276 Z0.84
G0 X43.666211 Y-2.980455 Z0.86
G0 X43.491565 Y-2.576872 Z0.88
G0 X43.342604 Y-2.163119 Z0.9
G0 X43.219918 Y-1.740829 Z0.92
G0 X43.123989 Y-1.311669 Z0.94
G0 X43.055197 Y-0.877333 Z0.96
G0 X43.013813 Y-0.439534 Z0.98
G0 X43 Y0 Z1
G0 X43.013813 Y0.439534 Z1.02
G0 X43.055197 Y0.877333 Z1.04
G0 X43.123989 Y1.311669 Z1.06
G0 X43.219918 Y1.740829 Z1.08
G0 X43.342604 Y2.163119 Z1.1
G0 X43.491565 Y2.576872 Z1.12
G0 X43.666211 Y2.980455 Z1.14
G0 X43.865853 Y3.372276 Z1.16
G0 X44.089705 Y3.750788 Z1.18
G0 X44.336881 Y4.114497 Z1.2
G0 X44.606407 Y4.461968 Z1.22
G0 X44.89722 Y4.79183 Z1.24
G0 X45.20817 Y5.10278 Z1.26
G0 X45.538032 Y5.393593 Z1.28
G0 X45.885503 Y5.663119 Z1.3
G0 X46.249212 Y5.910295 Z1.32
G0 X46.627724 Y6.134147 Z1.34
G0 X47.019545 Y6.333789 Z1.36
G0 X47.423128 Y6.508435 Z1.38
G0 X47.836881 Y6.657396 Z1.4
G0 X48.259171 Y6.780082 Z1.42
G0 X48.688331 Y6.876011 Z1.44
G0 X49.122667 Y6.944803 Z1.46
G0 X49.560466 Y6.986187 Z1.48
G0 X50 Y7 Z1.5
G0 X50.439534 Y6.986187 Z1.52
G0 X50.877333 Y6.944803 Z1.54
G0 X51.311669 Y6.876011 Z1.56
G0 X51.740829 Y6.780082 Z1.58
G0 X52.163119 Y6.657396 Z1.6
G0 X52.576872 Y6.508435 Z1.62
G0 X52.980455 Y6.333789 Z1.64
G0 X53.372276 Y6.134147 Z1.66
G0 X53.750788 Y5.910295 Z1.68
G0 X54.114497 Y5.663119 Z1.7
G0 X54.461968 Y5.393593 Z1.72
G0 X54.79183 Y5.10278 Z1.74
G0 X55.10278 Y4.79183 Z1.76
G0 X55.393593 Y4.461968 Z1.78
G0 X55.663119 Y4.114497 Z1.8
G0 X55.910295 Y3.750788 Z1.82
G0 X56.134147 Y3.372276 Z1.84
G0 X56.333789 Y2.980455 Z1.86
G0 X56.508435 Y2.576872 Z1.88
G0 X56.657396 Y2.163119 Z1.9
G0 X56.780082 Y1.740829 Z1.92
G0 X56.876011 Y1.311669 Z1.94
G0 X56.944803 Y0.877333 Z1.96
G0 X56.986187 Y0.439534 Z1.98
G0 X57 Y-0 Z2
G0 X56.986187 Y-0.439534 Z2.02
G0 X56.944803 Y-0.877333 Z2.04
G0 X56.876011 Y-1.311669 Z2.06
G0 X56.780082 Y-1.740829 Z2.08
G0 X56.657396 Y-2.163119 Z2.1
G0 X56.508435 Y-2.576872 Z2.12
G0 X56.333789 Y-2.980455 Z2.14
G0 X56.134147 Y-3.372276 Z2.16
G0 X55.910295 Y-3.750788 Z2.18
G0 X55.663119 Y-4.114497 Z2.2
G0 X55.393593 Y-4.461968 Z2.22
G0 X55.10278 Y-4.79183 Z2.24
G0 X54.79183 Y-5.10278 Z2.26
G0 X54.461968 Y-5.393593 Z2.28
G0 X54.114497 Y-5.663119 Z2.3
G0 X53.750788 Y-5.910295 Z2.32
G0 X53.372276 Y-6.134147 Z2.34
G0 X52.980455 Y-6.333789 Z2.36
G0 X52.576872 Y-6.508435 Z2.38
G0 X52.163119 Y-6.657396 Z2.4
G0 X51.740829 Y-6.780082 Z2.42
G0 X51.311669 Y-6.876011 Z2.44
G0 X50.877333 Y-6.944803 Z2.46
G0 X50.439534 Y-6.986187 Z2.48
G0 X50 Y-7 Z2.5
G0 X49.560466 Y-6.986187 Z2.52
G0 X49.122667 Y-6.944803 Z2.54
G0 X48.688331 Y-6.876011 Z2.56
G0 X48.259171 Y-6.780082 Z2.58
G0 X47.836881 Y-6.657396 Z2.6
G0 X47.423128 Y-6.508435 Z2.62
G0 X47.019545 Y-6.333789 Z2.64
G0 X46.627724 Y-6.134147 Z2.66
G0 X46.249212 Y-5.910295 Z2.68
G0 X45.885503 Y-5.663119 Z2.7
G0 X45.538032 Y-5.393593 Z2.72
G0 X45.20817 Y-5.10278 Z2.74
G0 X44.89722 Y-4.79183 Z2.76
G0 X44.606407 Y-4.461968 Z2.78
G0 X44.336881 Y-4.114497 Z2.8
G0 X44.089705 Y-3.750788 Z2.82
G0 X43.865853 Y-3.372276 Z2.84
G0 X43.666211 Y-2.980455 Z2.86
G0 X43.491565 Y-2.576872 Z2.88
G0 X43.342604 Y-2.163119 Z2.9
G0 X43.219918 Y-1.740829 Z2.92
G0 X43.123989 Y-1.311669 Z2.94
G0 X43.055197 Y-0.877333 Z2.96
G0 X43.013813 Y-0.439534 Z2.98
G0 X43 Y-0 Z3
G0 X43.013813 Y0.439534 Z3.02
G0 X43.055197 Y0.877333 Z3.04
G0 X43.123989 Y1.311669 Z3.06
G0 X43.219918 Y1.740829 Z3.08
G0 X43.342604 Y2.163119 Z3.1
G0 X43.491565 Y2.576872 Z3.12
G0 X43.666211 Y2.980455 Z3.14
G0 X43.865853 Y3.372276 Z3.16
G0 X44.089705 Y3.750788 Z3.18
G0 X44.336881 Y4.114497 Z3.2
G0 X44.606407 Y4.461968 Z3.22
G0 X44.89722 Y4.79183 Z3.24
G0 X45.20817 Y5.10278 Z3.26
G0 X45.538032 Y5.393593 Z3.28
G0 X45.885503 Y5.663119 Z3.3
G0 X46.249212 Y5.910295 Z3.32
G0 X46.627724 Y6.134147 Z3.34
G0 X47.019545 Y6.333789 Z3.36
G0 X47.423128 Y6.508435 Z3.38
G0 X47.836881 Y6.657396 Z3.4
G0 X48.259171 Y6.780082 Z3.42
G0 X48.688331 Y6.876011 Z3.44
G0 X49.122667 Y6.944803 Z3.46
G0 X49.560466 Y6.986187 Z3.48
G0 X50 Y7 Z3.5
G0 X50.439534 Y6.986187 Z3.52
G0 X50.877333 Y6.944803 Z3.54
G0 X51.311669 Y6.876011 Z3.56
G0 X51.740829 Y6.780082 Z3.58
G0 X52.163119 Y6.657396 Z3.6
G0 X52.576872 Y6.508435 Z3.62
G0 X52.980455 Y6.333789 Z3.64
G0 X53.372276 Y6.134147 Z3.66
G0 X53.750788 Y5.910295 Z3.68
G0 X54.114497 Y5.663119 Z3.7
G0 X54.461968 Y5.393593 Z3.72
G0 X54.79183 Y5.10278 Z3.74
G0 X55.10278 Y4.79183 Z3.76
G0 X55.393593 Y4.461968 Z3.78
G0 X55.663119 Y4.114497 Z3.8
G0 X55.910295 Y3.750788 Z3.82
G0 X56.134147 Y3.372276 Z3.84
G0 X56.333789 Y2.980455 Z3.86
G0 X56.508435 Y2.576872 Z3.88
G0 X56.657396 Y2.163119 Z3.9
G0 X56.780082 Y1.740829 Z3.92
G0 X56.876011 Y1.311669 Z3.94
G0 X56.944803 Y0.877333 Z3.96
G0 X56.986187 Y0.439534 Z3.98
G0 X57 Y-0 Z4
G0 X56.986187 Y-0.439534 Z4.02
G0 X56.944803 Y-0.877333 Z4.04
G0 X56.876011 Y-1.311669 Z4.06
G0 X56.780082 Y-1.740829 Z4.08
G0 X56.657396 Y-2.163119 Z4.1
G0 X56.508435 Y-2.576872 Z4.12
G0 X56.333789 Y-2.980455 Z4.14
G0 X56.134147 Y-3.372276 Z4.16
G0 X55.910295 Y-3.750788 Z4.18
G0 X55.663119 Y-4.114497 Z4.2
G0 X55.393593 Y-4.461968 Z4.22
G0 X55.10278 Y-4.79183 Z4.24
G0 X54.79183 Y-5.10278 Z4.26
G0 X54.461968 Y-5.393593 Z4.28
G0 X54.114497 Y-5.663119 Z4.3
G0 X53.750788 Y-5.910295 Z4.32
G0 X53.372276 Y-6.134147 Z4.34
G0 X52.980455 Y-6.333789 Z4.36
G0 X52.576872 Y-6.508435 Z4.38
G0 X52.163119 Y-6.657396 Z4.4
G0 X51.740829 Y-6.780082 Z4.42
G0 X51.311669 Y-6.876011 Z4.44
G0 X50.877333 Y-6.944803 Z4.46
G0 X50.439534 Y-6.986187 Z4.48
G0 X50 Y-7 Z4.5
G0 X49.560466 Y-6.986187 Z4.52
G0 X49.122667 Y-6.944803 Z4.54
G0 X48.688331 Y-6.876011 Z4.56
G0 X48.259171 Y-6.780082 Z4.58
G0 X47.836881 Y-6.657396 Z4.6
G0 X47.423128 Y-6.508435 Z4.62
G0 X47.019545 Y-6.333789 Z4.64
G0 X46.627724 Y-6.134147 Z4.66
G0 X46.249212 Y-5.910295 Z4.68
G0 X45.885503 Y-5.663119 Z4.7
G0 X45.538032 Y-5.393593 Z4.72
G0 X45.20817 Y-5.10278 Z4.74
G0 X44.89722 Y-4.79183 Z4.76
G0 X44.606407 Y-4.461968 Z4.78
G0 X44.336881 Y-4.114497 Z4.8
G0 X44.089705 Y-3.750788 Z4.82
G0 X43.865853 Y-3.372276 Z4.84
G0 X43.666211 Y-2.980455 Z4.86
G0 X43.491565 Y-2.576872 Z4.88
G0 X43.342604 Y-2.163119 Z4.9
G0 X43.219918 Y-1.740829 Z4.92
G0 X43.123989 Y-1.311669 Z4.94
G0 X43.055197 Y-0.877333 Z4.96
G0 X43.013813 Y-0.439534 Z4.98
G0 X43 Y0 Z5
G0 X43.013813 Y0.439534 Z5.02
G0 X43.055197 Y0.877333 Z5.04
G0 X43.123989 Y1.311669 Z5.06
G0 X43.219918 Y1.740829 Z5.08
G0 X43.342604 Y2.163119 Z5.1
G0 X43.491565 Y2.576872 Z5.12
G0 X43.666211 Y2.980455 Z5.14
G0 X43.865853 Y3.372276 Z5.16
G0 X44.089705 Y3.750788 Z5.18
G0 X44.336881 Y4.114497 Z5.2
G0 X44.606407 Y4.461968 Z5.22
G0 X44.89722 Y4.79183 Z5.24
G0 X45.20817 Y5.10278 Z5.26
G0 X45.538032 Y5.393593 Z5.28
G0 X45.885503 Y5.663119 Z5.3
G0 X46.249212 Y5.910295 Z5.32
G0 X46.627724 Y6.134147 Z5.34
G0 X47.019545 Y6.333789 Z5.36
G0 X47.423128 Y6.508435 Z5.38
G0 X47.836881 Y6.657396 Z5.4
G0 X48.259171 Y6.780082 Z5.42
G0 X48.688331 Y6.876011 Z5.44
G0 X49.122667 Y6.944803 Z5.46
G0 X49.560466 Y6.986187 Z5.48
G0 X50 Y7 Z5.5
G0 X50.439534 Y6.986187 Z5.52
G0 X50.877333 Y6.944803 Z5.54
G0 X51.311669 Y6.876011 Z5.56
G0 X51.740829 Y6.780082 Z5.58
G0 X52.163119 Y6.657396 Z5.6
G0 X52.576872 Y6.508435 Z5.62
G0 X52.980455 Y6.333789 Z5.64
G0 X53.372276 Y6.134147 Z5.66
G0 X53.750788 Y5.910295 Z5.68
G0 X54.114497 Y5.663119 Z5.7
G0 X54.461968 Y5.393593 Z5.72
G0 X54.79183 Y5.10278 Z5.74
G0 X55.10278 Y4.79183 Z5.76
G0 X55.393593 Y4.461968 Z5.78
G0 X55.663119 Y4.114497 Z5.8
G0 X55.910295 Y3.750788 Z5.82
G0 X56.134147 Y3.372276 Z5.84
G0 X56.333789 Y2.980455 Z5.86
G0 X56.508435 Y2.576872 Z5.88
G0 X56.657396 Y2.163119 Z5.9
G0 X56.780082 Y1.740829 Z5.92
G0 X56.876011 Y1.311669 Z5.94
G0 X56.944803 Y0.877333 Z5.96
G0 X56.986187 Y0.439534 Z5.98
G0 X57 Y0 Z6
G0 X50 Y37 Z0
G0 X50.439534 Y36.986187 Z0.02
G0 X50.877333 Y36.944803 Z0.04
G0 X51.311669 Y36.876011 Z0.06
G0 X51.740829 Y36.780082 Z0.08
G0 X52.163119 Y36.657396 Z0.1
G0 X52.576872 Y36.508435 Z0.12
G0 X52.980455 Y36.333789 Z0.14
G0 X53.372276 Y36.134147 Z0.16
G0 X53.750788 Y35.910295 Z0.18
G0 X54.114497 Y35.663119 Z0.2
G0 X54.461968 Y35.393593 Z0.22
G0 X54.79183 Y35.10278 Z0.24
G0 X55.10278 Y34.79183 Z0.26
G0 X55.393593 Y34.461968 Z0.28
G0 X55.663119 Y34.114497 Z0.3
G0 X55.910295 Y33.750788 Z0.32
G0 X56.134147 Y33.372276 Z0.34
G0 X56.333789 Y32.980455 Z0.36
G0 X56.508435 Y32.576872 Z0.38
G0 X56.657396 Y32.163119 Z0.4
G0 X56.780082 Y31.740829 Z0.42
G0 X56.876011 Y31.311669 Z0.44
G0 X56.944803 Y30.877333 Z0.46
G0 X56.986187 Y30.439534 Z0.48
G0 X57 Y30 Z0.5
G0 X56.986187 Y29.560466 Z0.52
G0 X56.944803 Y29.122667 Z0.54
G0 X56.876011 Y28.688331 Z0.56
G0 X56.780082 Y28.259171 Z0.58
G0 X56.657396 Y27.836881 Z0.6
G0 X56.508435 Y27.423128 Z0.62
G0 X56.333789 Y27.019545 Z0.64
G0 X56.134147 Y26.627724 Z0.66
G0 X55.910295 Y26.249212 Z0.68
G0 X55.663119 Y25.885503 Z0.7
G0 X55.393593 Y25.538032 Z0.72
G0 X55.10278 Y25.20817 Z0.74
G0 X54.79183 Y24.89722 Z0.76
G0 X54.461968 Y24.606407 Z0.78
G0 X54.114497 Y24.336881 Z0.8
G0 X53.750788 Y24.089705 Z0.82
G0 X53.372276 Y23.865853 Z0.84
G0 X52.980455 Y23.666211 Z0.86
G0 X52.576872 Y23.491565 Z0.88
G0 X52.163119 Y23.342604 Z0.9
G0 X51.740829 Y23.219918 Z0.92
G0 X51.311669 Y23.123989 Z0.94
G0 X50.877333 Y23.055197 Z0.96
G0 X50.439534 Y23.013813 Z0.98
G0 X50 Y23 Z1
G0 X49.560466 Y23.013813 Z1.02
G0 X49.122667 Y23.055197 Z1.04
G0 X48.688331 Y23.123989 Z1.06
G0 X48.259171 Y23.219918 Z1.08
G0 X47.836881 Y23.342604 Z1.1
G0 X47.423128 Y23.491565 Z1.12
G0 X47.019545 Y23.666211 Z1.14
G0 X46.627724 Y23.865853 Z1.16
G0 X46.249212 Y24.089705 Z1.18
G0 X45.885503 Y24.336881 Z1.2
G0 X45.538032 Y24.606407 Z1.22
G0 X45.20817 Y24.89722 Z1.24
G0 X44.89722 Y25.20817 Z1.26
G0 X44.606407 Y25.538032 Z1.28
G0 X44.336881 Y25.885503 Z1.3
G0 X44.089705 Y26.249212 Z1.32
G0 X43.865853 Y26.627724 Z1.34
G0 X43.666211 Y27.019545 Z1.36
G0 X43.491565 Y27.423128 Z1.38
G0 X43.342604 Y27.836881 Z1.4
G0 X43.219918 Y28.259171 Z1.42
G0 X43.123989 Y28.688331 Z1.44
G0 X43.055197 Y29.122667 Z1.46
G0 X43.013813 Y29.560466 Z1.48
G0 X43 Y30 Z1.5
G0 X43.013813 Y30.439534 Z1.52
G0 X43.055197 Y30.877333 Z1.54
G0 X43.123989 Y31.311669 Z1.56
G0 X43.219918 Y31.740829 Z1.58
G0 X43.342604 Y32.163119 Z1.6
G0 X43.491565 Y32.576872 Z1.62
G0 X43.666211 Y32.980455 Z1.64
G0 X43.865853 Y33.372276 Z1.66
G0 X44.089705 Y33.750788 Z1.68
G0 X44.336881 Y34.114497 Z1.7
G0 X44.606407 Y34.461968 Z1.72
G0 X44.89722 Y34.79183 Z1.74
G0 X45.20817 Y35.10278 Z1.76
G0 X45.538032 Y35.393593 Z1.78
G0 X45.885503 Y35.663119 Z1.8
G0 X46.249212 Y35.910295 Z1.82
G0 X46.627724 Y36.134147 Z1.84
G0 X47.019545 Y36.333789 Z1.86
G0 X47.423128 Y36.508435 Z1.88
G0 X47.836881 Y36.657396 Z1.9
G0 X48.259171 Y36.780082 Z1.92
G0 X48.688331 Y36.876011 Z1.94
G0 X49.122667 Y36.944803 Z1.96
G0 X49.560466 Y36.986187 Z1.98
G0 X50 Y37 Z2
G0 X50.439534 Y36.986187 Z2.02
G0 X50.877333 Y36.944803 Z2.04
G0 X51.311669 Y36.876011 Z2.06
G0 X51.740829 Y36.780082 Z2.08
G0 X52.163119 Y36.657396 Z2.1
G0 X52.576872 Y36.508435 Z2.12
G0 X52.980455 Y36.333789 Z2.14
G0 X53.372276 Y36.134147 Z2.16
G0 X53.750788 Y35.910295 Z2.18
G0 X54.114497 Y35.663119 Z2.2
G0 X54.461968 Y35.393593 Z2.22
G0 X54.79183 Y35.10278 Z2.24
G0 X55.10278 Y34.79183 Z2.26
G0 X55.393593 Y34.461968 Z2.28
G0 X55.663119 Y34.114497 Z2.3
G0 X55.910295 Y33.750788 Z2.32
G0 X56.134147 Y33.372276 Z2.34
G0 X56.333789 Y32.980455 Z2.36
G0 X56.508435 Y32.576872 Z2.38
G0 X56.657396 Y32.163119 Z2.4
G0 X56.780082 Y31.740829 Z2.42
G0 X56.876011 Y31.311669 Z2.44
G0 X56.944803 Y30.877333 Z2.46
G0 X56.986187 Y30.439534 Z2.48
G0 X57 Y30 Z2.5
G0 X56.986187 Y29.560466 Z2.52
G0 X56.944803 Y29.122667 Z2.54
G0 X56.876011 Y28.688331 Z2.56
G0 X56.780082 Y28.259171 Z2.58
G0 X56.657396 Y27.836881 Z2.6
G0 X56.508435 Y27.423128 Z2.62
G0 X56.333789 Y27.019545 Z2.64
G0 X56.134147 Y26.627724 Z2.66
G0 X55.910295 Y26.249212 Z2.68
G0 X55.663119 Y25.885503 Z2.7
G0 X55.393593 Y25.538032 Z2.72
G0 X55.10278 Y25.20817 Z2.74
G0 X54.79183 Y24.89722 Z2.76
G0 X54.461968 Y24.606407 Z2.78
G0 X54.114497 Y24.336881 Z2.8
G0 X53.750788 Y24.089705 Z2.82
G0 X53.372276 Y23.865853 Z2.84
G0 X52.980455 Y23.666211 Z2.86
G0 X52.576872 Y23.491565 Z2.88
G0 X52.163119 Y23.342604 Z2.9
G0 X51.740829 Y23.219918 Z2.92
G0 X51.311669 Y23.123989 Z2.94
G0 X50.877333 Y23.055197 Z2.96
G0 X50.439534 Y23.013813 Z2.98
G0 X50 Y23 Z3
G0 X49.560466 Y23.013813 Z3.02
G0 X49.122667 Y23.055197 Z3.04
G0 X48.688331 Y23.123989 Z3.06
G0 X48.259171 Y23.219918 Z3.08
G0 X47.836881 Y23.342604 Z3.1
G0 X47.423128 Y23.491565 Z3.12
G0 X47.019545 Y23.666211 Z3.14
G0 X46.627724 Y23.865853 Z3.16
G0 X46.249212 Y24.089705 Z3.18
G0 X45.885503 Y24.336881 Z3.2
G0 X45.538032 Y24.606407 Z3.22
G0 X45.20817 Y24.89722 Z3.24
G0 X44.89722 Y25.20817 Z3.26
G0 X44.606407 Y25.538032 Z3.28
G0 X44.336881 Y25.885503 Z3.3
G0 X44.089705 Y26.249212 Z3.32
G0 X43.865853 Y26.627724 Z3.34
G0 X43.666211 Y27.019545 Z3.36
G0 X43.491565 Y27.423128 Z3.38
G0 X43.342604 Y27.836881 Z3.4
G0 X43.219918 Y28.259171 Z3.42
G0 X43.123989 Y28.688331 Z3.44
G0 X43.055197 Y29.122667 Z3.46
G0 X43.013813 Y29.560466 Z3.48
G0 X43 Y30 Z3.5
G0 X43.013813 Y30.439534 Z3.52
G0 X43.055197 Y30.877333 Z3.54
G0 X43.123989 Y31.311669 Z3.56
G0 X43.219918 Y31.740829 Z3.58
G0 X43.342604 Y32.163119 Z3.6
G0 X43.491565 Y32.576872 Z3.62
G0 X43.666211 Y32.980455 Z3.64
G0 X43.865853 Y33.372276 Z3.66
G0 X44.089705 Y33.750788 Z3.68
G0 X44.336881 Y34.114497 Z3.7
G0 X44.606407 Y34.461968 Z3.72
G0 X44.89722 Y34.79183 Z3.74
G0 X45.20817 Y35.10278 Z3.76
G0 X45.538032 Y35.393593 Z3.78
G0 X45.885503 Y35.663119 Z3.8
G0 X46.249212 Y35.910295 Z3.82
G0 X46.627724 Y36.134147 Z3.84
G0 X47.019545 Y36.333789 Z3.86
G0 X47.423128 Y36.508435 Z3.88
G0 X47.836881 Y36.657396 Z3.9
G0 X48.259171 Y36.780082 Z3.92
G0 X48.688331 Y36.876011 Z3.94
G0 X49.122667 Y36.944803 Z3.96
G0 X49.560466 Y36.986187 Z3.98
G0 X50 Y37 Z4
G0 X50.439534 Y36.986187 Z4.02
G0 X50.877333 Y36.944803 Z4.04
G0 X51.311669 Y36.876011 Z4.06
G0 X51.740829 Y36.780082 Z4.08
G0 X52.163119 Y36.657396 Z4.1
G0 X52.576872 Y36.508435 Z4.12
G0 X52.980455 Y36.333789 Z4.14
G0 X53.372276 Y36.134147 Z4.16
G0 X53.750788 Y35.910295 Z4.18
G0 X54.114497 Y35.663119 Z4.2
G0 X54.461968 Y35.393593 Z4.22
G0 X54.79183 Y35.10278 Z4.24
G0 X55.10278 Y34.79183 Z4.26
G0 X55.393593 Y34.461968 Z4.28
G0 X55.663119 Y34.114497 Z4.3
G0 X55.910295 Y33.750788 Z4.32
G0 X56.134147 Y33.372276 Z4.34
G0 X56.333789 Y32.980455 Z4.36
G0 X56.508435 Y32.576872 Z4.38
G0 X56.657396 Y32.163119 Z4.4
G0 X56.780082 Y31.740829 Z4.42
G0 X56.876011 Y31.311669 Z4.44
G0 X56.944803 Y30.877333 Z4.46
G0 X56.986187 Y30.439534 Z4.48
G0 X57 Y30 Z4.5
G0 X56.986187 Y29.560466 Z4.52
G0 X56.944803 Y29.122667 Z4.54
G0 X56.876011 Y28.688331 Z4.56
G0 X56.780082 Y28.259171 Z4.58
G0 X56.657396 Y27.836881 Z4.6
G0 X56.508435 Y27.423128 Z4.62
G0 X56.333789 Y27.019545 Z4.64
G0 X56.134147 Y26.627724 Z4.66
G0 X55.910295 Y26.249212 Z4.68
G0 X55.663119 Y25.885503 Z4.7
G0 X55.393593 Y25.538032 Z4.72
G0 X55.10278 Y25.20817 Z4.74
G0 X54.79183 Y24.89722 Z4.76
G0 X54.461968 Y24.606407 Z4.78
G0 X54.114497 Y24.336881 Z4.8
G0 X53.750788 Y24.089705 Z4.82
G0 X53.372276 Y23.865853 Z4.84
G0 X52.980455 Y23.666211 Z4.86
G0 X52.576872 Y23.491565 Z4.88
G0 X52.163119 Y23.342604 Z4.9
G0 X51.740829 Y23.219918 Z4.92
G0 X51.311669 Y23.123989 Z4.94
G0 X50.877333 Y23.055197 Z4.96
G0 X50.439534 Y23.013813 Z4.98
G0 X50 Y23 Z5
G0 X49.560466 Y23.013813 Z5.02
G0 X49.122667 Y23.055197 Z5.04
G0 X48.688331 Y23.123989 Z5.06
G0 X48.259171 Y23.219918 Z5.08
G0 X47.836881 Y23.342604 Z5.1
G0 X47.423128 Y23.491565 Z5.12
G0 X47.019545 Y23.666211 Z5.14
G0 X46.627724 Y23.865853 Z5.16
G0 X46.249212 Y24.089705 Z5.18
G0 X45.885503 Y24.336881 Z5.2
G0 X45.538032 Y24.606407 Z5.22
G0 X45.20817 Y24.89722 Z5.24
G0 X44.89722 Y25.20817 Z5.26
G0 X44.606407 Y25.538032 Z5.28
G0 X44.336881 Y25.885503 Z5.3
G0 X44.089705 Y26.249212 Z5.32
G0 X43.865853 Y26.627724 Z5.34
G0 X43.666211 Y27.019545 Z5.36
G0 X43.491565 Y27.423128 Z5.38
G0 X43.342604 Y27.836881 Z5.4
G0 X43.219918 Y28.259171 Z5.42
G0 X43.123989 Y28.688331 Z5.44
G0 X43.055197 Y29.122667 Z5.46
G0 X43.013813 Y29.560466 Z5.48
G0 X43 Y30 Z5.5
G0 X43.013813 Y30.439534 Z5.52
G0 X43.055197 Y30.877333 Z5.54
G0 X43.123989 Y31.311669 Z5.56
G0 X43.219918 Y31.740829 Z5.58
G0 X43.342604 Y32.163119 Z5.6
G0 X43.491565 Y32.576872 Z5.62
G0 X43.666211 Y32.980455 Z5.64
G0 X43.865853 Y33.372276 Z5.66
G0 X44.089705 Y33.750788 Z5.68
G0 X44.336881 Y34.114497 Z5.7
G0 X44.606407 Y34.461968 Z5.72
G0 X44.89722 Y34.79183 Z5.74
G0 X45.20817 Y35.10278 Z5.76
G0 X45.538032 Y35.393593 Z5.78
G0 X45.885503 Y35.663119 Z5.8
G0 X46.249212 Y35.910295 Z5.82
G0 X46.627724 Y36.134147 Z5.84
G0 X47.019545 Y36.333789 Z5.86
G0 X47.423128 Y36.508435 Z5.88
G0 X47.836881 Y36.657396 Z5.9
G0 X48.259171 Y36.780082 Z5.92
G0 X48.688331 Y36.876011 Z5.94
G0 X49.122667 Y36.944803 Z5.96
G0 X49.560466 Y36.986187 Z5.98
G0 X50 Y37 Z6
G0 X43 Y60 Z0
G0 X43.013813 Y60.439534 Z0.02
G0 X43.055197 Y60.877333 Z0.04
G0 X43.123989 Y61.311669 Z0.06
G0 X43.219918 Y61.740829 Z0.08
G0 X43.342604 Y62.163119 Z0.1
G0 X43.491565 Y62.576872 Z0.12
G0 X43.666211 Y62.980455 Z0.14
G0 X43.865853 Y63.372276 Z0.16
G0 X44.089705 Y63.750788 Z0.18
G0 X44.336881 Y64.114497 Z0.2
G0 X44.606407 Y64.461968 Z0.22
G0 X44.89722 Y64.79183 Z0.24
G0 X45.20817 Y65.10278 Z0.26
G0 X45.538032 Y65.393593 Z0.28
G0 X45.885503 Y65.663119 Z0.3
G0 X46.249212 Y65.910295 Z0.32
G0 X46.627724 Y66.134147 Z0.34
G0 X47.019545 Y66.333789 Z0.36
G0 X47.423128 Y66.508435 Z0.38
G0 X47.836881 Y66.657396 Z0.4
G0 X48.259171 Y66.780082 Z0.42
G0 X48.688331 Y66.876011 Z0.44
G0 X49.122667 Y66.944803 Z0.46
G0 X49.560466 Y66.986187 Z0.48
G0 X50 Y67 Z0.5
G0 X50.439534 Y66.986187 Z0.52
G0 X50.877333 Y66.944803 Z0.54
G0 X51.311669 Y66.876011 Z0.56
G0 X51.740829 Y66.780082 Z0.58
G0 X52.163119 Y66.657396 Z0.6
G0 X52.576872 Y66.508435 Z0.62
G0 X52.980455 Y66.333789 Z0.64
G0 X53.372276 Y66.134147 Z0.66
G0 X53.750788 Y65.910295 Z0.68
G0 X54.114497 Y65.663119 Z0.7
G0 X54.461968 Y65.393593 Z0.72
G0 X54.79183 Y65.10278 Z0.74
G0 X55.10278 Y64.79183 Z0.76
G0 X55.393593 Y64.461968 Z0.78
G0 X55.663119 Y64.114497 Z0.8
G0 X55.910295 Y63.750788 Z0.82
G0 X56.134147 Y63.372276 Z0.84
G0 X56.333789 Y62.980455 Z0.86
G0 X56.508435 Y62.576872 Z0.88
G0 X56.657396 Y62.163119 Z0.9
G0 X56.780082 Y61.740829 Z0.92
G0 X56.876011 Y61.311669 Z0.94
G0 X56.944803 Y60.877333 Z0.96
G0 X56.986187 Y60.439534 Z0.98
G0 X57 Y60 Z1
G0 X56.986187 Y59.560466 Z1.02
G0 X56.944803 Y59.122667 Z1.04
G0 X56.876011 Y58.688331 Z1.06
G0 X56.780082 Y58.259171 Z1.08
G0 X56.657396 Y57.836881 Z1.1
G0 X56.508435 Y57.423128 Z1.12
G0 X56.333789 Y57.019545 Z1.14
G0 X56.134147 Y56.627724 Z1.16
G0 X55.910295 Y56.249212 Z1.18
G0 X55.663119 Y55.885503 Z1.2
G0 X55.393593 Y55.538032 Z1.22
G0 X55.10278 Y55.20817 Z1.24
G0 X54.79183 Y54.89722 Z1.26
G0 X54.461968 Y54.606407 Z1.28
G0 X54.114497 Y54.336881 Z1.3
G0 X53.750788 Y54.089705 Z1.32
G0 X53.372276 Y53.865853 Z1.34
G0 X52.980455 Y53.666211 Z1.36
G0 X52.576872 Y53.491565 Z1.38
G0 X52.163119 Y53.342604 Z1.4
G0 X51.740829 Y53.219918 Z1.42
G0 X51.311669 Y53.123989 Z1.44
G0 X50.877333 Y53.055197 Z1.46
G0 X50.439534 Y53.013813 Z1.48
G0 X50 Y53 Z1.5
G0 X49.560466 Y53.013813 Z1.52
G0 X49.122667 Y53.055197 Z1.54
G0 X48.688331 Y53.123989 Z1.56
G0 X48.259171 Y53.219918 Z1.58
G0 X47.836881 Y53.342604 Z1.6
G0 X47.423128 Y53.491565 Z1.62
G0 X47.019545 Y53.666211 Z1.64
G0 X46.627724 Y53.865853 Z1.66
G0 X46.249212 Y54.089705 Z1.68
G0 X45.885503 Y54.336881 Z1.7
G0 X45.538032 Y54.606407 Z1.72
G0 X45.20817 Y54.89722 Z1.74
G0 X44.89722 Y55.20817 Z1.76
G0 X44.606407 Y55.538032 Z1.78
G0 X44.336881 Y55.885503 Z1.8
G0 X44.089705 Y56.249212 Z1.82
G0 X43.865853 Y56.627724 Z1.84
G0 X43.666211 Y57.019545 Z1.86
G0 X43.491565 Y57.423128 Z1.88
G0 X43.342604 Y57.836881 Z1.9
G0 X43.219918 Y58.259171 Z1.92
G0 X43.123989 Y58.688331 Z1.94
G0 X43.055197 Y59.122667 Z1.96
G0 X43.013813 Y59.560466 Z1.98
G0 X43 Y60 Z2
G0 X43.013813 Y60.439534 Z2.02
G0 X43.055197 Y60.877333 Z2.04
G0 X43.123989 Y61.311669 Z2.06
G0 X43.219918 Y61.740829 Z2.08
G0 X43.342604 Y62.163119 Z2.1
G0 X43.491565 Y62.576872 Z2.12
G0 X43.666211 Y62.980455 Z2.14
G0 X43.865853 Y63.372276 Z2.16
G0 X44.089705 Y63.750788 Z2.18
G0 X44.336881 Y64.114497 Z2.2
G0 X44.606407 Y64.461968 Z2.22
G0 X44.89722 Y64.79183 Z2.24
G0 X45.20817 Y65.10278 Z2.26
G0 X45.538032 Y65.393593 Z2.28
G0 X45.885503 Y65.663119 Z2.3
G0 X46.249212 Y65.910295 Z2.32
G0 X46.627724 Y66.134147 Z2.34
G0 X47.019545 Y66.333789 Z2.36
G0 X47.423128 Y66.508435 Z2.38
G0 X47.836881 Y66.657396 Z2.4
G0 X48.259171 Y66.780082 Z2.42
G0 X48.688331 Y66.876011 Z2.44
G0 X49.122667 Y66.944803 Z2.46
G0 X49.560466 Y66.986187 Z2.48
G0 X50 Y67 Z2.5
G0 X50.439534 Y66.986187 Z2.52
G0 X50.877333 Y66.944803 Z2.54
G0 X51.311669 Y66.876011 Z2.56
G0 X51.740829 Y66.780082 Z2.58
G0 X52.163119 Y66.657396 Z2.6
G0 X52.576872 Y66.508435 Z2.62
G0 X52.980455 Y66.333789 Z2.64
G0 X53.372276 Y66.134147 Z2.66
G0 X53.750788 Y65.910295 Z2.68
G0 X54.114497 Y65.663119 Z2.7
G0 X54.461968 Y65.393593 Z2.72
G0 X54.79183 Y65.10278 Z2.74
G0 X55.10278 Y64.79183 Z2.76
G0 X55.393593 Y64.461968 Z2.78
G0 X55.663119 Y64.114497 Z2.8
G0 X55.910295 Y63.750788 Z2.82
G0 X56.134147 Y63.372276 Z2.84
G0 X56.333789 Y62.980455 Z2.86
G0 X56.508435 Y62.576872 Z2.88
G0 X56.657396 Y62.163119 Z2.9
G0 X56.780082 Y61.740829 Z2.92
G0 X56.876011 Y61.311669 Z2.94
G0 X56.944803 Y60.877333 Z2.96
G0 X56.986187 Y60.439534 Z2.98
G0 X57 Y60 Z3
G0 X56.986187 Y59.560466 Z3.02
G0 X56.944803 Y59.122667 Z3.04
G0 X56.876011 Y58.688331 Z3.06
G0 X56.780082 Y58.259171 Z3.08
G0 X56.657396 Y57.836881 Z3.1
G0 X56.508435 Y57.423128 Z3.12
G0 X56.333789 Y57.019545 Z3.14
G0 X56.134147 Y56.627724 Z3.16
G0 X55.910295 Y56.249212 Z3.18
G0 X55.663119 Y55.885503 Z3.2
G0 X55.393593 Y55.538032 Z3.22
G0 X55.10278 Y55.20817 Z3.24
G0 X54.79183 Y54.89722 Z3.26
G0 X54.461968 Y54.606407 Z3.28
G0 X54.114497 Y54.336881 Z3.3
G0 X53.750788 Y54.089705 Z3.32
G0 X53.372276 Y53.865853 Z3.34
G0 X52.980455 Y53.666211 Z3.36
G0 X52.576872 Y53.491565 Z3.38
G0 X52.163119 Y53.342604 Z3.4
G0 X51.740829 Y53.219918 Z3.42
G0 X51.311669 Y53.123989 Z3.44
G0 X50.877333 Y53.055197 Z3.46
G0 X50.439534 Y53.013813 Z3.48
G0 X50 Y53 Z3.5
G0 X49.560466 Y53.013813 Z3.52
G0 X49.122667 Y53.055197 Z3.54
G0 X48.688331 Y53.123989 Z3.56
G0 X48.259171 Y53.219918 Z3.58
G0 X47.836881 Y53.342604 Z3.6
G0 X47.423128 Y53.491565 Z3.62
G0 X47.019545 Y53.666211 Z3.64
G0 X46.627724 Y53.865853 Z3.66
G0 X46.249212 Y54.089705 Z3.68
G0 X45.885503 Y54.336881 Z3.7
G0 X45.538032 Y54.606407 Z3.72
G0 X45.20817 Y54.89722 Z3.74
G0 X44.89722 Y55.20817 Z3.76
G0 X44.606407 Y55.538032 Z3.78
G0 X44.336881 Y55.885503 Z3.8
G0 X44.089705 Y56.249212 Z3.82
G0 X43.865853 Y56.627724 Z3.84
G0 X43.666211 Y57.019545 Z3.86
G0 X43.491565 Y57.423128 Z3.88
G0 X43.342604 Y57.836881 Z3.9
G0 X43.219918 Y58.259171 Z3.92
G0 X43.123989 Y58.688331 Z3.94
G0 X43.055197 Y59.122667 Z3.96
G0 X43.013813 Y59.560466 Z3.98
G0 X43 Y60 Z4
G0 X43.013813 Y60.439534 Z4.02
G0 X43.055197 Y60.877333 Z4.04
G0 X43.123989 Y61.311669 Z4.06
G0 X43.219918 Y61.740829 Z4.08
G0 X43.342604 Y62.163119 Z4.1
G0 X43.491565 Y62.576872 Z4.12
G0 X43.666211 Y62.980455 Z4.14
G0 X43.865853 Y63.372276 Z4.16
G0 X44.089705 Y63.750788 Z4.18
G0 X44.336881 Y64.114497 Z4.2
G0 X44.606407 Y64.461968 Z4.22
G0 X44.89722 Y64.79183 Z4.24
G0 X45.20817 Y65.10278 Z4.26
G0 X45.538032 Y65.393593 Z4.28
G0 X45.885503 Y65.663119 Z4.3
G0 X46.249212 Y65.910295 Z4.32
G0 X46.627724 Y66.134147 Z4.34
G0 X47.019545 Y66.333789 Z4.36
G0 X47.423128 Y66.508435 Z4.38
G0 X47.836881 Y66.657396 Z4.4
G0 X48.259171 Y66.780082 Z4.42
G0 X48.688331 Y66.876011 Z4.44
G0 X49.122667 Y66.944803 Z4.46
G0 X49.560466 Y66.986187 Z4.48
G0 X50 Y67 Z4.5
G0 X50.439534 Y66.986187 Z4.52
G0 X50.877333 Y66.944803 Z4.54
G0 X51.311669 Y66.876011 Z4.56
G0 X51.740829 Y66.780082 Z4.58
G0 X52.163119 Y66.657396 Z4.6
G0 X52.576872 Y66.508435 Z4.62
G0 X52.980455 Y66.333789 Z4.64
G0 X53.372276 Y66.134147 Z4.66
G0 X53.750788 Y65.910295 Z4.68
G0 X54.114497 Y65.663119 Z4.7
G0 X54.461968 Y65.393593 Z4.72
G0 X54.79183 Y65.10278 Z4.74
G0 X55.10278 Y64.79183 Z4.76
G0 X55.393593 Y64.461968 Z4.78
G0 X55.663119 Y64.114497 Z4.8
G0 X55.910295 Y63.750788 Z4.82
G0 X56.134147 Y63.372276 Z4.84
G0 X56.333789 Y62.980455 Z4.86
G0 X56.508435 Y62.576872 Z4.88
G0 X56.657396 Y62.163119 Z4.9
G0 X56.780082 Y61.740829 Z4.92
G0 X56.876011 Y61.311669 Z4.94
G0 X56.944803 Y60.877333 Z4.96
G0 X56.986187 Y60.439534 Z4.98
G0 X57 Y60 Z5
G0 X56.986187 Y59.560466 Z5.02
G0 X56.944803 Y59.122667 Z5.04
G0 X56.876011 Y58.688331 Z5.06
G0 X56.780082 Y58.259171 Z5.08
G0 X56.657396 Y57.836881 Z5.1
G0 X56.508435 Y57.423128 Z5.12
G0 X56.333789 Y57.019545 Z5.14
G0 X56.134147 Y56.627724 Z5.16
G0 X55.910295 Y56.249212 Z5.18
G0 X55.663119 Y55.885503 Z5.2
G0 X55.393593 Y55.538032 Z5.22
G0 X55.10278 Y55.20817 Z5.24
G0 X54.79183 Y54.89722 Z5.26
G0 X54.461968 Y54.606407 Z5.28
G0 X54.114497 Y54.336881 Z5.3
G0 X53.750788 Y54.089705 Z5.32
G0 X53.372276 Y53.865853 Z5.34
G0 X52.980455 Y53.666211 Z5.36
G0 X52.576872 Y53.491565 Z5.38
G0 X52.163119 Y53.342604 Z5.4
G0 X51.740829 Y53.219918 Z5.42
G0 X51.311669 Y53.123989 Z5.44
G0 X50.877333 Y53.055197 Z5.46
G0 X50.439534 Y53.013813 Z5.48
G0 X50 Y53 Z5.5
G0 X49.560466 Y53.013813 Z5.52
G0 X49.122667 Y53.055197 Z5.54
G0 X48.688331 Y53.123989 Z5.56
G0 X48.259171 Y53.219918 Z5.58
G0 X47.836881 Y53.342604 Z5.6
G0 X47.423128 Y53.491565 Z5.62
G0 X47.019545 Y53.666211 Z5.64
G0 X46.627724 Y53.865853 Z5.66
G0 X46.249212 Y54.089705 Z5.68
G0 X45.885503 Y54.336881 Z5.7
G0 X45.538032 Y54.606407 Z5.72
G0 X45.20817 Y54.89722 Z5.74
G0 X44.89722 Y55.20817 Z5.76
G0 X44.606407 Y55.538032 Z5.78
G0 X44.336881 Y55.885503 Z5.8
G0 X44.089705 Y56.249212 Z5.82
G0 X43.865853 Y56.627724 Z5.84
G0 X43.666211 Y57.019545 Z5.86
G0 X43.491565 Y57.423128 Z5.88
G0 X43.342604 Y57.836881 Z5.9
G0 X43.219918 Y58.259171 Z5.92
G0 X43.123989 Y58.688331 Z5.94
G0 X43.055197 Y59.122667 Z5.96
G0 X43.013813 Y59.560466 Z5.98
G0 X43 Y60 Z6
G0 X50 Y83 Z0
G0 X49.560466 Y83.013813 Z0.02
G0 X49.122667 Y83.055197 Z0.04
G0 X48.688331 Y83.123989 Z0.06
G0 X48.259171 Y83.219918 Z0.08
G0 X47.836881 Y83.342604 Z0.1
G0 X47.423128 Y83.491565 Z0.12
G0 X47.019545 Y83.666211 Z0.14
G0 X46.627724 Y83.865853 Z0.16
G0 X46.249212 Y84.089705 Z0.18
G0 X45.885503 Y84.336881 Z0.2
G0 X45.538032 Y84.606407 Z0.22
G0 X45.20817 Y84.89722 Z0.24
G0 X44.89722 Y85.20817 Z0.26
G0 X44.606407 Y85.538032 Z0.28
G0 X44.336881 Y85.885503 Z0.3
G0 X44.089705 Y86.249212 Z0.32
G0 X43.865853 Y86.627724 Z0.34
G0 X43.666211 Y87.019545 Z0.36
G0 X43.491565 Y87.423128 Z0.38
G0 X43.342604 Y87.836881 Z0.4
G0 X43.219918 Y88.259171 Z0.42
G0 X43.123989 Y88.688331 Z0.44
G0 X43.055197 Y89.122667 Z0.46
G0 X43.013813 Y89.560466 Z0.48
G0 X43 Y90 Z0.5
G0 X43.013813 Y90.439534 Z0.52
G0 X43.055197 Y90.877333 Z0.54
G0 X43.123989 Y91.311669 Z0.56
G0 X43.219918 Y91.740829 Z0.58
G0 X43.342604 Y92.163119 Z0.6
G0 X43.491565 Y92.576872 Z0.62
G0 X43.666211 Y92.980455 Z0.64
G0 X43.865853 Y93.372276 Z0.66
G0 X44.089705 Y93.750788 Z0.68
G0 X44.336881 Y94.114497 Z0.7
G0 X44.606407 Y94.461968 Z0.72
G0 X44.89722 Y94.79183 Z0.74
G0 X45.20817 Y95.10278 Z0.76
G0 X45.538032 Y95.393593 Z0.78
G0 X45.885503 Y95.663119 Z0.8
G0 X46.249212 Y95.910295 Z0.82
G0 X46.627724 Y96.134147 Z0.84
G0 X47.019545 Y96.333789 Z0.86
G0 X47.423128 Y96.508435 Z0.88
G0 X47.836881 Y96.657396 Z0.9
G0 X48.259171 Y96.780082 Z0.92
G0 X48.688331 Y96.876011 Z0.94
G0 X49.122667 Y96.944803 Z0.96
G0 X49.560466 Y96.986187 Z0.98
G0 X50 Y97 Z1
G0 X50.439534 Y96.986187 Z1.02
G0 X50.877333 Y96.944803 Z1.04
G0 X51.311669 Y96.876011 Z1.06
G0 X51.740829 Y96.780082 Z1.08
G0 X52.163119 Y96.657396 Z1.1
G0 X52.576872 Y96.508435 Z1.12
G0 X52.980455 Y96.333789 Z1.14
G0 X53.372276 Y96.134147 Z1.16
G0 X53.750788 Y95.910295 Z1.18
G0 X54.114497 Y95.663119 Z1.2
G0 X54.461968 Y95.393593 Z1.22
G0 X54.79183 Y95.10278 Z1.24
G0 X55.10278 Y94.79183 Z1.26
G0 X55.393593 Y94.461968 Z1.28
G0 X55.663119 Y94.114497 Z1.3
G0 X55.910295 Y93.750788 Z1.32
G0 X56.134147 Y93.372276 Z1.34
G0 X56.333789 Y92.980455 Z1.36
G0 X56.508435 Y92.576872 Z1.38
G0 X56.657396 Y92.163119 Z1.4
G0 X56.780082 Y91.740829 Z1.42
G0 X56.876011 Y91.311669 Z1.44
G0 X56.944803 Y90.877333 Z1.46
G0 X56.986187 Y90.439534 Z1.48
G0 X57 Y90 Z1.5
G0 X56.986187 Y89.560466 Z1.52
G0 X56.944803 Y89.122667 Z1.54
G0 X56.876011 Y88.688331 Z1.56
G0 X56.780082 Y88.259171 Z1.58
G0 X56.657396 Y87.836881 Z1.6
G0 X56.508435 Y87.423128 Z1.62
G0 X56.333789 Y87.019545 Z1.64
G0 X56.134147 Y86.627724 Z1.66
G0 X55.910295 Y86.249212 Z1.68
G0 X55.663119 Y85.885503 Z1.7
G0 X55.393593 Y85.538032 Z1.72
G0 X55.10278 Y85.20817 Z1.74
G0 X54.79183 Y84.89722 Z1.76
G0 X54.461968 Y84.606407 Z1.78
G0 X54.114497 Y84.336881 Z1.8
G0 X53.750788 Y84.089705 Z1.82
G0 X53.372276 Y83.865853 Z1.84
G0 X52.980455 Y83.666211 Z1.86
G0 X52.576872 Y83.491565 Z1.88
G0 X52.163119 Y83.342604 Z1.9
G0 X51.740829 Y83.219918 Z1.92
G0 X51.311669 Y83.123989 Z1.94
G0 X50.877333 Y83.055197 Z1.96
G0 X50.439534 Y83.013813 Z1.98
G0 X50 Y83 Z2
G0 X49.560466 Y83.013813 Z2.02
G0 X49.122667 Y83.055197 Z2.04
G0 X48.688331 Y83.123989 Z2.06
G0 X48.259171 Y83.219918 Z2.08
G0 X47.836881 Y83.342604 Z2.1
G0 X47.423128 Y83.491565 Z2.12
G0 X47.019545 Y83.666211 Z2.14
G0 X46.627724 Y83.865853 Z2.16
G0 X46.249212 Y84.089705 Z2.18
G0 X45.885503 Y84.336881 Z2.2
G0 X45.538032 Y84.606407 Z2.22
G0 X45.20817 Y84.89722 Z2.24
G0 X44.89722 Y85.20817 Z2.26
G0 X44.606407 Y85.538032 Z2.28
G0 X44.336881 Y85.885503 Z2.3
G0 X44.089705 Y86.249212 Z2.32
G0 X43.865853 Y86.627724 Z2.34
G0 X43.666211 Y87.019545 Z2.36
G0 X43.491565 Y87.423128 Z2.38
G0 X43.342604 Y87.836881 Z2.4
G0 X43.219918 Y88.259171 Z2.42
G0 X43.123989 Y88.688331 Z2.44
G0 X43.055197 Y89.122667 Z2.46
G0 X43.013813 Y89.560466 Z2.48
G0 X43 Y90 Z2.5
G0 X43.013813 Y90.439534 Z2.52
G0 X43.055197 Y90.877333 Z2.54
G0 X43.123989 Y91.311669 Z2.56
G0 X43.219918 Y91.740829 Z2.58
G0 X43.342604 Y92.163119 Z2.6
G0 X43.491565 Y92.576872 Z2.62
G0 X43.666211 Y92.980455 Z2.64
G0 X43.865853 Y93.372276 Z2.66
G0 X44.089705 Y93.750788 Z2.68
G0 X44.336881 Y94.114497 Z2.7
G0 X44.606407 Y94.461968 Z2.72
G0 X44.89722 Y94.79183 Z2.74
G0 X45.20817 Y95.10278 Z2.76
G0 X45.538032 Y95.393593 Z2.78
G0 X45.885503 Y95.663119 Z2.8
G0 X46.249212 Y95.910295 Z2.82
G0 X46.627724 Y96.134147 Z2.84
G0 X47.019545 Y96.333789 Z2.86
G0 X47.423128 Y96.508435 Z2.88
G0 X47.836881 Y96.657396 Z2.9
G0 X48.259171 Y96.780082 Z2.92
G0 X48.688331 Y96.876011 Z2.94
G0 X49.122667 Y96.944803 Z2.96
G0 X49.560466 Y96.986187 Z2.98
G0 X50 Y97 Z3
G0 X50.439534 Y96.986187 Z3.02
G0 X50.877333 Y96.944803 Z3.04
G0 X51.311669 Y96.876011 Z3.06
G0 X51.740829 Y96.780082 Z3.08
G0 X52.163119 Y96.657396 Z3.1
G0 X52.576872 Y96.508435 Z3.12
G0 X52.980455 Y96.333789 Z3.14
G0 X53.372276 Y96.134147 Z3.16
G0 X53.750788 Y95.910295 Z3.18
G0 X54.114497 Y95.663119 Z3.2
G0 X54.461968 Y95.393593 Z3.22
G0 X54.79183 Y95.10278 Z3.24
G0 X55.10278 Y94.79183 Z3.26
G0 X55.393593 Y94.461968 Z3.28
G0 X55.663119 Y94.114497 Z3.3
G0 X55.910295 Y93.750788 Z3.32
G0 X56.134147 Y93.372276 Z3.34
G0 X56.333789 Y92.980455 Z3.36
G0 X56.508435 Y92.576872 Z3.38
G0 X56.657396 Y92.163119 Z3.4
G0 X56.780082 Y91.740829 Z3.42
G0 X56.876011 Y91.311669 Z3.44
G0 X56.944803 Y90.877333 Z3.46
G0 X56.986187 Y90.439534 Z3.48
G0 X57 Y90 Z3.5
G0 X56.986187 Y89.560466 Z3.52
G0 X56.944803 Y89.122667 Z3.54
G0 X56.876011 Y88.688331 Z3.56
G0 X56.780082 Y88.259171 Z3.58
G0 X56.657396 Y87.836881 Z3.6
G0 X56.508435 Y87.423128 Z3.62
G0 X56.333789 Y87.019545 Z3.64
G0 X56.134147 Y86.627724 Z3.66
G0 X55.910295 Y86.249212 Z3.68
G0 X55.663119 Y85.885503 Z3.7
G0 X55.393593 Y85.538032 Z3.72
G0 X55.10278 Y85.20817 Z3.74
G0 X54.79183 Y84.89722 Z3.76
G0 X54.461968 Y84.606407 Z3.78
G0 X54.114497 Y84.336881 Z3.8
G0 X53.750788 Y84.089705 Z3.82
G0 X53.372276 Y83.865853 Z3.84
G0 X52.980455 Y83.666211 Z3.86
G0 X52.576872 Y83.491565 Z3.88
G0 X52.163119 Y83.342604 Z3.9
G0 X51.740829 Y83.219918 Z3.92
G0 X51.311669 Y83.123989 Z3.94
G0 X50.877333 Y83.055197 Z3.96
G0 X50.439534 Y83.013813 Z3.98
G0 X50 Y83 Z4
G0 X49.560466 Y83.013813 Z4.02
G0 X49.122667 Y83.055197 Z4.04
G0 X48.688331 Y83.123989 Z4.06
G0 X48.259171 Y83.219918 Z4.08
G0 X47.836881 Y83.342604 Z4.1
G0 X47.423128 Y83.491565 Z4.12
G0 X47.019545 Y83.666211 Z4.14
G0 X46.627724 Y83.865853 Z4.16
G0 X46.249212 Y84.089705 Z4.18
G0 X45.885503 Y84.336881 Z4.2
G0 X45.538032 Y84.606407 Z4.22
G0 X45.20817 Y84.89722 Z4.24
G0 X44.89722 Y85.20817 Z4.26
G0 X44.606407 Y85.538032 Z4.28
G0 X44.336881 Y85.885503 Z4.3
G0 X44.089705 Y86.249212 Z4.32
G0 X43.865853 Y86.627724 Z4.34
G0 X43.666211 Y87.019545 Z4.36
G0 X43.491565 Y87.423128 Z4.38
G0 X43.342604 Y87.836881 Z4.4
G0 X43.219918 Y88.259171 Z4.42
G0 X43.123989 Y88.688331 Z4.44
G0 X43.055197 Y89.122667 Z4.46
G0 X43.013813 Y89.560466 Z4.48
G0 X43 Y90 Z4.5
G0 X43.013813 Y90.439534 Z4.52
G0 X43.055197 Y90.877333 Z4.54
G0 X43.123989 Y91.311669 Z4.56
G0 X43.219918 Y91.740829 Z4.58
G0 X43.342604 Y92.163119 Z4.6
G0 X43.491565 Y92.576872 Z4.62
G0 X43.666211 Y92.980455 Z4.64
G0 X43.865853 Y93.372276 Z4.66
G0 X44.089705 Y93.750788 Z4.68
G0 X44.336881 Y94.114497 Z4.7
G0 X44.606407 Y94.461968 Z4.72
G0 X44.89722 Y94.79183 Z4.74
G0 X45.20817 Y95.10278 Z4.76
G0 X45.538032 Y95.393593 Z4.78
G0 X45.885503 Y95.663119 Z4.8
G0 X46.249212 Y95.910295 Z4.82
G0 X46.627724 Y96.134147 Z4.84
G0 X47.019545 Y96.333789 Z4.86
G0 X47.423128 Y96.508435 Z4.88
G0 X47.836881 Y96.657396 Z4.9
G0 X48.259171 Y96.780082 Z4.92
G0 X48.688331 Y96.876011 Z4.94
G0 X49.122667 Y96.944803 Z4.96
G0 X49.560466 Y96.986187 Z4.98
G0 X50 Y97 Z5
G0 X50.439534 Y96.986187 Z5.02
G0 X50.877333 Y96.944803 Z5.04
G0 X51.311669 Y96.876011 Z5.06
G0 X51.740829 Y96.780082 Z5.08
G0 X52.163119 Y96.657396 Z5.1
G0 X52.576872 Y96.508435 Z5.12
G0 X52.980455 Y96.333789 Z5.14
G0 X53.372276 Y96.134147 Z5.16
G0 X53.750788 Y95.910295 Z5.18
G0 X54.114497 Y95.663119 Z5.2
G0 X54.461968 Y95.393593 Z5.22
G0 X54.79183 Y95.10278 Z5.24
G0 X55.10278 Y94.79183 Z5.26
G0 X55.393593 Y94.461968 Z5.28
G0 X55.663119 Y94.114497 Z5.3
G0 X55.910295 Y93.750788 Z5.32
G0 X56.134147 Y93.372276 Z5.34
G0 X56.333789 Y92.980455 Z5.36
G0 X56.508435 Y92.576872 Z5.38
G0 X56.657396 Y92.163119 Z5.4
G0 X56.780082 Y91.740829 Z5.42
G0 X56.876011 Y91.311669 Z5.44
G0 X56.944803 Y90.877333 Z5.46
G0 X56.986187 Y90.439534 Z5.48
G0 X57 Y90 Z5.5
G0 X56.986187 Y89.560466 Z5.52
G0 X56.944803 Y89.122667 Z5.54
G0 X56.876011 Y88.688331 Z5.56
G0 X56.780082 Y88.259171 Z5.58
G0 X56.657396 Y87.836881 Z5.6
G0 X56.508435 Y87.423128 Z5.62
G0 X56.333789 Y87.019545 Z5.64
G0 X56.134147 Y86.627724 Z5.66
G0 X55.910295 Y86.249212 Z5.68
G0 X55.663119 Y85.885503 Z5.7
G0 X55.393593 Y85.538032 Z5.72
G0 X55.10278 Y85.20817 Z5.74
G0 X54.79183 Y84.89722 Z5.76
G0 X54.461968 Y84.606407 Z5.78
G0 X54.114497 Y84.336881 Z5.8
G0 X53.750788 Y84.089705 Z5.82
G0 X53.372276 Y83.865853 Z5.84
G0 X52.980455 Y83.666211 Z5.86
G0 X52.576872 Y83.491565 Z5.88
G0 X52.163119 Y83.342604 Z5.9
G0 X51.740829 Y83.219918 Z5.92
G0 X51.311669 Y83.123989 Z5.94
G0 X50.877333 Y83.055197 Z5.96
G0 X50.439534 Y83.013813 Z5.98
G0 X50 Y83 Z6
G0 X57 Y120 Z0
G0 X56.986187 Y119.560466 Z0.02
G0 X56.944803 Y119.122667 Z0.04
G0 X56.876011 Y118.688331 Z0.06
G0 X56.780082 Y118.259171 Z0.08
G0 X56.657396 Y117.836881 Z0.1
G0 X56.508435 Y117.423128 Z0.12
G0 X56.333789 Y117.019545 Z0.14
G0 X56.134147 Y116.627724 Z0.16
G0 X55.910295 Y116.249212 Z0.18
G0 X55.663119 Y115.885503 Z0.2
G0 X55.393593 Y115.538032 Z0.22
G0 X55.10278 Y115.20817 Z0.24
G0 X54.79183 Y114.89722 Z0.26
G0 X54.461968 Y114.606407 Z0.28
G0 X54.114497 Y114.336881 Z0.3
G0 X53.750788 Y114.089705 Z0.32
G0 X53.372276 Y113.865853 Z0.34
G0 X52.980455 Y113.666211 Z0.36
G0 X52.576872 Y113.491565 Z0.38
G0 X52.163119 Y113.342604 Z0.4
G0 X51.740829 Y113.219918 Z0.42
G0 X51.311669 Y113.123989 Z0.44
G0 X50.877333 Y113.055197 Z0.46
G0 X50.439534 Y113.013813 Z0.48
G0 X50 Y113 Z0.5
G0 X49.560466 Y113.013813 Z0.52
G0 X49.122667 Y113.055197 Z0.54
G0 X48.688331 Y113.123989 Z0.56
G0 X48.259171 Y113.219918 Z0.58
G0 X47.836881 Y113.342604 Z0.6
G0 X47.423128 Y113.491565 Z0.62
G0 X47.019545 Y113.666211 Z0.64
G0 X46.627724 Y113.865853 Z0.66
G0 X46.249212 Y114.089705 Z0.68
G0 X45.885503 Y114.336881 Z0.7
G0 X45.538032 Y114.606407 Z0.72
G0 X45.20817 Y114.89722 Z0.74
G0 X44.89722 Y115.20817 Z0.76
G0 X44.606407 Y115.538032 Z0.78
G0 X44.336881 Y115.885503 Z0.8
G0 X44.089705 Y116.249212 Z0.82
G0 X43.865853 Y116.627724 Z0.84
G0 X43.666211 Y117.019545 Z0.86
G0 X43.491565 Y117.423128 Z0.88
G0 X43.342604 Y117.836881 Z0.9
G0 X43.219918 Y118.259171 Z0.92
G0 X43.123989 Y118.688331 Z0.94
G0 X43.055197 Y119.122667 Z0.96
G0 X43.013813 Y119.560466 Z0.98
G0 X43 Y120 Z1
G0 X43.013813 Y120.439534 Z1.02
G0 X43.055197 Y120.877333 Z1.04
G0 X43.123989 Y121.311669 Z1.06
G0 X43.219918 Y121.740829 Z1.08
G0 X43.342604 Y122.163119 Z1.1
G0 X43.491565 Y122.576872 Z1.12
G0 X43.666211 Y122.980455 Z1.14
G0 X43.865853 Y123.372276 Z1.16
G0 X44.089705 Y123.750788 Z1.18
G0 X44.336881 Y124.114497 Z1.2
G0 X44.606407 Y124.461968 Z1.22
G0 X44.89722 Y124.79183 Z1.24
G0 X45.20817 Y125.10278 Z1.26
G0 X45.538032 Y125.393593 Z1.28
G0 X45.885503 Y125.663119 Z1.3
G0 X46.249212 Y125.910295 Z1.32
G0 X46.627724 Y126.134147 Z1.34
G0 X47.019545 Y126.333789 Z1.36
G0 X47.423128 Y126.508435 Z1.38
G0 X47.836881 Y126.657396 Z1.4
G0 X48.259171 Y126.780082 Z1.42
G0 X48.688331 Y126.876011 Z1.44
G0 X49.122667 Y126.944803 Z1.46
G0 X49.560466 Y126.986187 Z1.48
G0 X50 Y127 Z1.5
G0 X50.439534 Y126.986187 Z1.52
G0 X50.877333 Y126.944803 Z1.54
G0 X51.311669 Y126.876011 Z1.56
G0 X51.740829 Y126.780082 Z1.58
G0 X52.163119 Y126.657396 Z1.6
G0 X52.576872 Y126.508435 Z1.62
G0 X52.980455 Y126.333789 Z1.64
G0 X53.372276 Y126.134147 Z1.66
G0 X53.750788 Y125.910295 Z1.68
G0 X54.114497 Y125.663119 Z1.7
G0 X54.461968 Y125.393593 Z1.72
G0 X54.79183 Y125.10278 Z1.74
G0 X55.10278 Y124.79183 Z1.76
G0 X55.393593 Y124.461968 Z1.78
G0 X55.663119 Y124.114497 Z1.8
G0 X55.910295 Y123.750788 Z1.82
G0 X56.134147 Y123.372276 Z1.84
G0 X56.333789 Y122.980455 Z1.86
G0 X56.508435 Y122.576872 Z1.88
G0 X56.657396 Y122.163119 Z1.9
G0 X56.780082 Y121.740829 Z1.92
G0 X56.876011 Y121.311669 Z1.94
G0 X56.944803 Y120.877333 Z1.96
G0 X56.986187 Y120.439534 Z1.98
G0 X57 Y120 Z2
G0 X56.986187 Y119.560466 Z2.02
G0 X56.944803 Y119.122667 Z2.04
G0 X56.876011 Y118.688331 Z2.06
G0 X56.780082 Y118.259171 Z2.08
G0 X56.657396 Y117.836881 Z2.1
G0 X56.508435 Y117.423128 Z2.12
G0 X56.333789 Y117.019545 Z2.14
G0 X56.134147 Y116.627724 Z2.16
G0 X55.910295 Y116.249212 Z2.18
G0 X55.663119 Y115.885503 Z2.2
G0 X55.393593 Y115.538032 Z2.22
G0 X55.10278 Y115.20817 Z2.24
G0 X54.79183 Y114.89722 Z2.26
G0 X54.461968 Y114.606407 Z2.28
G0 X54.114497 Y114.336881 Z2.3
G0 X53.750788 Y114.089705 Z2.32
G0 X53.372276 Y113.865853 Z2.34
G0 X52.980455 Y113.666211 Z2.36
G0 X52.576872 Y113.491565 Z2.38
G0 X52.163119 Y113.342604 Z2.4
G0 X51.740829 Y113.219918 Z2.42
G0 X51.311669 Y113.123989 Z2.44
G0 X50.877333 Y113.055197 Z2.46
G0 X50.439534 Y113.013813 Z2.48
G0 X50 Y113 Z2.5
G0 X49.560466 Y113.013813 Z2.52
G0 X49.122667 Y113.055197 Z2.54
G0 X48.688331 Y113.123989 Z2.56
G0 X48.259171 Y113.219918 Z2.58
G0 X47.836881 Y113.342604 Z2.6
G0 X47.423128 Y113.491565 Z2.62
G0 X47.019545 Y113.666211 Z2.64
G0 X46.627724 Y113.865853 Z2.66
G0 X46.249212 Y114.089705 Z2.68
G0 X45.885503 Y114.336881 Z2.7
G0 X45.538032 Y114.606407 Z2.72
G0 X45.20817 Y114.89722 Z2.74
G0 X44.89722 Y115.20817 Z2.76
G0 X44.606407 Y115.538032 Z2.78
G0 X44.336881 Y115.885503 Z2.8
G0 X44.089705 Y116.249212 Z2.82
G0 X43.865853 Y116.627724 Z2.84
G0 X43.666211 Y117.019545 Z2.86
G0 X43.491565 Y117.423128 Z2.88
G0 X43.342604 Y117.836881 Z2.9
G0 X43.219918 Y118.259171 Z2.92
G0 X43.123989 Y118.688331 Z2.94
G0 X43.055197 Y119.122667 Z2.96
G0 X43.013813 Y119.560466 Z2.98
G0 X43 Y120 Z3
G0 X43.013813 Y120.439534 Z3.02
G0 X43.055197 Y120.877333 Z3.04
G0 X43.123989 Y121.311669 Z3.06
G0 X43.219918 Y121.740829 Z3.08
G0 X43.342604 Y122.163119 Z3.1
G0 X43.491565 Y122.576872 Z3.12
G0 X43.666211 Y122.980455 Z3.14
G0 X43.865853 Y123.372276 Z3.16
G0 X44.089705 Y123.750788 Z3.18
G0 X44.336881 Y124.114497 Z3.2
G0 X44.606407 Y124.461968 Z3.22
G0 X44.89722 Y124.79183 Z3.24
G0 X45.20817 Y125.10278 Z3.26
G0 X45.538032 Y125.393593 Z3.28
G0 X45.885503 Y125.663119 Z3.3
G0 X46.249212 Y125.910295 Z3.32
G0 X46.627724 Y126.134147 Z3.34
G0 X47.019545 Y126.333789 Z3.36
G0 X47.423128 Y126.508435 Z3.38
G0 X47.836881 Y126.657396 Z3.4
G0 X48.259171 Y126.780082 Z3.42
G0 X48.688331 Y126.876011 Z3.44
G0 X49.122667 Y126.944803 Z3.46
G0 X49.560466 Y126.986187 Z3.48
G0 X50 Y127 Z3.5
G0 X50.439534 Y126.986187 Z3.52
G0 X50.877333 Y126.944803 Z3.54
G0 X51.311669 Y126.876011 Z3.56
G0 X51.740829 Y126.780082 Z3.58
G0 X52.163119 Y126.657396 Z3.6
G0 X52.576872 Y126.508435 Z3.62
G0 X52.980455 Y126.333789 Z3.64
G0 X53.372276 Y126.134147 Z3.66
G0 X53.750788 Y125.910295 Z3.68
G0 X54.114497 Y125.663119 Z3.7
G0 X54.461968 Y125.393593 Z3.72
G0 X54.79183 Y125.10278 Z3.74
G0 X55.10278 Y124.79183 Z3.76
G0 X55.393593 Y124.461968 Z3.78
G0 X55.663119 Y124.114497 Z3.8
G0 X55.910295 Y123.750788 Z3.82
G0 X56.134147 Y123.372276 Z3.84
G0 X56.333789 Y122.980455 Z3.86
G0 X56.508435 Y122.576872 Z3.88
G0 X56.657396 Y122.163119 Z3.9
G0 X56.780082 Y121.740829 Z3.92
G0 X56.876011 Y121.311669 Z3.94
G0 X56.944803 Y120.877333 Z3.96
G0 X56.986187 Y120.439534 Z3.98
G0 X57 Y120 Z4
G0 X56.986187 Y119.560466 Z4.02
G0 X56.944803 Y119.122667 Z4.04
G0 X56.876011 Y118.688331 Z4.06
G0 X56.780082 Y118.259171 Z4.08
G0 X56.657396 Y117.836881 Z4.1
G0 X56.508435 Y117.423128 Z4.12
G0 X56.333789 Y117.019545 Z4.14
G0 X56.134147 Y116.627724 Z4.16
G0 X55.910295 Y116.249212 Z4.18
G0 X55.663119 Y115.885503 Z4.2
G0 X55.393593 Y115.538032 Z4.22
G0 X55.10278 Y115.20817 Z4.24
G0 X54.79183 Y114.89722 Z4.26
G0 X54.461968 Y114.606407 Z4.28
G0 X54.114497 Y114.336881 Z4.3
G0 X53.750788 Y114.089705 Z4.32
G0 X53.372276 Y113.865853 Z4.34
G0 X52.980455 Y113.666211 Z4.36
G0 X52.576872 Y113.491565 Z4.38
G0 X52.163119 Y113.342604 Z4.4
G0 X51.740829 Y113.219918 Z4.42
G0 X51.311669 Y113.123989 Z4.44
G0 X50.877333 Y113.055197 Z4.46
G0 X50.439534 Y113.013813 Z4.48
G0 X50 Y113 Z4.5
G0 X49.560466 Y113.013813 Z4.52
G0 X49.122667 Y113.055197 Z4.54
G0 X48.688331 Y113.123989 Z4.56
G0 X48.259171 Y113.219918 Z4.58
G0 X47.836881 Y113.342604 Z4.6
G0 X47.423128 Y113.491565 Z4.62
G0 X47.019545 Y113.666211 Z4.64
G0 X46.627724 Y113.865853 Z4.66
G0 X46.249212 Y114.089705 Z4.68
G0 X45.885503 Y114.336881 Z4.7
G0 X45.538032 Y114.606407 Z4.72
G0 X45.20817 Y114.89722 Z4.74
G0 X44.89722 Y115.20817 Z4.76
G0 X44.606407 Y115.538032 Z4.78
G0 X44.336881 Y115.885503 Z4.8
G0 X44.089705 Y116.249212 Z4.82
G0 X43.865853 Y116.627724 Z4.84
G0 X43.666211 Y117.019545 Z4.86
G0 X43.491565 Y117.423128 Z4.88
G0 X43.342604 Y117.836881 Z4.9
G0 X43.219918 Y118.259171 Z4.92
G0 X43.123989 Y118.688331 Z4.94
G0 X43.055197 Y119.122667 Z4.96
G0 X43.013813 Y119.560466 Z4.98
G0 X43 Y120 Z5
G0 X43.013813 Y120.439534 Z5.02
G0 X43.055197 Y120.877333 Z5.04
G0 X43.123989 Y121.311669 Z5.06
G0 X43.219918 Y121.740829 Z5.08
G0 X43.342604 Y122.163119 Z5.1
G0 X43.491565 Y122.576872 Z5.12
G0 X43.666211 Y122.980455 Z5.14
G0 X43.865853 Y123.372276 Z5.16
G0 X44.089705 Y123.750788 Z5.18
G0 X44.336881 Y124.114497 Z5.2
G0 X44.606407 Y124.461968 Z5.22
G0 X44.89722 Y124.79183 Z5.24
G0 X45.20817 Y125.10278 Z5.26
G0 X45.538032 Y125.393593 Z5.28
G0 X45.885503 Y125.663119 Z5.3
G0 X46.249212 Y125.910295 Z5.32
G0 X46.627724 Y126.134147 Z5.34
G0 X47.019545 Y126.333789 Z5.36
G0 X47.423128 Y126.508435 Z5.38
G0 X47.836881 Y126.657396 Z5.4
G0 X48.259171 Y126.780082 Z5.42
G0 X48.688331 Y126.876011 Z5.44
G0 X49.122667 Y126.944803 Z5.46
G0 X49.560466 Y126.986187 Z5.48
G0 X50 Y127 Z5.5
G0 X50.439534 Y126.986187 Z5.52
G0 X50.877333 Y126.944803 Z5.54
G0 X51.311669 Y126.876011 Z5.56
G0 X51.740829 Y126.780082 Z5.58
G0 X52.163119 Y126.657396 Z5.6
G0 X52.576872 Y126.508435 Z5.62
G0 X52.980455 Y126.333789 Z5.64
G0 X53.372276 Y126.134147 Z5.66
G0 X53.750788 Y125.910295 Z5.68
G0 X54.114497 Y125.663119 Z5.7
G0 X54.461968 Y125.393593 Z5.72
G0 X54.79183 Y125.10278 Z5.74
G0 X55.10278 Y124.79183 Z5.76
G0 X55.393593 Y124.461968 Z5.78
G0 X55.663119 Y124.114497 Z5.8
G0 X55.910295 Y123.750788 Z5.82
G0 X56.134147 Y123.372276 Z5.84
G0 X56.333789 Y122.980455 Z5.86
G0 X56.508435 Y122.576872 Z5.88
G0 X56.657396 Y122.163119 Z5.9
G0 X56.780082 Y121.740829 Z5.92
G0 X56.876011 Y121.311669 Z5.94
G0 X56.944803 Y120.877333 Z5.96
G0 X56.986187 Y120.439534 Z5.98
G0 X57 Y120 Z6
G0 F3000 X100 Y-3 Z16
G0 X100.188372 Y-2.99408 Z16.02
G0 X100.376 Y-2.976344 Z16.04
G0 X100.562144 Y-2.946862 Z16.06
G0 X100.74607 Y-2.905749 Z16.08
G0 X100.927051 Y-2.85317 Z16.1
G0 X101.104374 Y-2.789329 Z16.12
G0 X101.277338 Y-2.714481 Z16.14
G0 X101.445261 Y-2.62892 Z16.16
G0 X101.60748 Y-2.532984 Z16.18
G0 X101.763356 Y-2.427051 Z16.2
G0 X101.912272 Y-2.31154 Z16.22
G0 X102.053641 Y-2.186906 Z16.24
G0 X102.186906 Y-2.053641 Z16.26
G0 X102.31154 Y-1.912272 Z16.28
G0 X102.427051 Y-1.763356 Z16.3
G0 X102.532984 Y-1.60748 Z16.32
G0 X102.62892 Y-1.445261 Z16.34
G0 X102.714481 Y-1.277338 Z16.36
G0 X102.789329 Y-1.104374 Z16.38
G0 X102.85317 Y-0.927051 Z16.4
G0 X102.905749 Y-0.74607 Z16.42
G0 X102.946862 Y-0.562144 Z16.44
G0 X102.976344 Y-0.376 Z16.46
G0 X102.99408 Y-0.188372 Z16.48
G0 X103 Y-0 Z16.5
G0 X102.99408 Y0.188372 Z16.52
G0 X102.976344 Y0.376 Z16.54
G0 X102.946862 Y0.562144 Z16.56
G0 X102.905749 Y0.74607 Z16.58
G0 X102.85317 Y0.927051 Z16.6
G0 X102.789329 Y1.104374 Z16.62
G0 X102.714481 Y1.277338 Z16.64
G0 X102.62892 Y1.445261 Z16.66
G0 X102.532984 Y1.60748 Z16.68
G0 X102.427051 Y1.763356 Z16.7
G0 X102.31154 Y1.912272 Z16.72
G0 X102.186906 Y2.053641 Z16.74
G0 X102.053641 Y2.186906 Z16.76
G0 X101.912272 Y2.31154 Z16.78
G0 X101.763356 Y2.427051 Z16.8
G0 X101.60748 Y2.532984 Z16.82
G0 X101.445261 Y2.62892 Z16.84
G0 X101.277338 Y2.714481 Z16.86
G0 X101.104374 Y2.789329 Z16.88
G0 X100.927051 Y2.85317 Z16.9
G0 X100.74607 Y2.905749 Z16.92
G0 X100.562144 Y2.946862 Z16.94
G0 X100.376 Y2.976344 Z16.96
G0 X100.188372 Y2.99408 Z16.98
G0 X100 Y3 Z17
G0 X99.811628 Y2.99408 Z17.02
G0 X99.624 Y2.976344 Z17.04
G0 X99.437856 Y2.946862 Z17.06
G0 X99.25393 Y2.905749 Z17.08
G0 X99.072949 Y2.85317 Z17.1
G0 X98.895626 Y2.789329 Z17.12
G0 X98.722662 Y2.714481 Z17.14
G0 X98.554739 Y2.62892 Z17.16
G0 X98.39252 Y2.532984 Z17.18
G0 X98.236644 Y2.427051 Z17.2
G0 X98.087728 Y2.31154 Z17.22
G0 X97.946359 Y2.186906 Z17.24
G0 X97.813094 Y2.053641 Z17.26
G0 X97.68846 Y1.912272 Z17.28
G0 X97.572949 Y1.763356 Z17.3
G0 X97.467016 Y1.60748 Z17.32
G0 X97.37108 Y1.445261 Z17.34
G0 X97.285519 Y1.277338 Z17.36
G0 X97.210671 Y1.104374 Z17.38
G0 X97.14683 Y0.927051 Z17.4
G0 X97.094251 Y0.74607 Z17.42
G0 X97.053138 Y0.562144 Z17.44
G0 X97.023656 Y0.376 Z17.46
G0 X97.00592 Y0.188372 Z17.48
G0 X97 Y0 Z17.5
G0 X97.00592 Y-0.188372 Z17.52
G0 X97.023656 Y-0.376 Z17.54
G0 X97.053138 Y-0.562144 Z17.56
G0 X97.094251 Y-0.74607 Z17.58
G0 X97.14683 Y-0.927051 Z17.6
G0 X97.210671 Y-1.104374 Z17.62
G0 X97.285519 Y-1.277338 Z17.64
G0 X97.37108 Y-1.445261 Z17.66
G0 X97.467016 Y-1.60748 Z17.68
G0 X97.572949 Y-1.763356 Z17.7
G0 X97.68846 Y-1.912272 Z17.72
G0 X97.813094 Y-2.053641 Z17.74
G0 X97.946359 Y-2.186906 Z17.76
G0 X98.087728 Y-2.31154 Z17.78
G0 X98.236644 Y-2.427051 Z17.8
G0 X98.39252 Y-2.532984 Z17.82
G0 X98.554739 Y-2.62892 Z17.84
G0 X98.722662 Y-2.714481 Z17.86
G0 X98.895626 Y-2.789329 Z17.88
G0 X99.072949 Y-2.85317 Z17.9
G0 X99.25393 Y-2.905749 Z17.92
G0 X99.437856 Y-2.946862 Z17.94
G0 X99.624 Y-2.976344 Z17.96
G0 X99.811628 Y-2.99408 Z17.98
G0 X100 Y-3 Z18
G0 X100.188372 Y-2.99408 Z18.02
G0 X100.376 Y-2.976344 Z18.04
G0 X100.562144 Y-2.946862 Z18.06
G0 X100.74607 Y-2.905749 Z18.08
G0 X100.927051 Y-2.85317 Z18.1
G0 X101.104374 Y-2.789329 Z18.12
G0 X101.277338 Y-2.714481 Z18.14
G0 X101.445261 Y-2.62892 Z18.16
G0 X101.60748 Y-2.532984 Z18.18
G0 X101.763356 Y-2.427051 Z18.2
G0 X101.912272 Y-2.31154 Z18.22
G0 X102.053641 Y-2.186906 Z18.24
G0 X102.186906 Y-2.053641 Z18.26
G0 X102.31154 Y-1.912272 Z18.28
G0 X102.427051 Y-1.763356 Z18.3
G0 X102.532984 Y-1.60748 Z18.32
G0 X102.62892 Y-1.445261 Z18.34
G0 X102.714481 Y-1.277338 Z18.36
G0 X102.789329 Y-1.104374 Z18.38
G0 X102.85317 Y-0.927051 Z18.4
G0 X102.905749 Y-0.74607 Z18.42
G0 X102.946862 Y-0.562144 Z18.44
G0 X102.976344 Y-0.376 Z18.46
G0 X102.99408 Y-0.188372 Z18.48
G0 X103 Y-0 Z18.5
G0 X102.99408 Y0.188372 Z18.52
G0 X102.976344 Y0.376 Z18.54
G0 X102.946862 Y0.562144 Z18.56
G0 X102.905749 Y0.74607 Z18.58
G0 X102.85317 Y0.927051 Z18.6
G0 X102.789329 Y1.104374 Z18.62
G0 X102.714481 Y1.277338 Z18.64
G0 X102.62892 Y1.445261 Z18.66
G0 X102.532984 Y1.60748 Z18.68
G0 X102.427051 Y1.763356 Z18.7
G0 X102.31154 Y1.912272 Z18.72
G0 X102.186906 Y2.053641 Z18.74
G0 X102.053641 Y2.186906 Z18.76
G0 X101.912272 Y2.31154 Z18.78
G0 X101.763356 Y2.427051 Z18.8
G0 X101.60748 Y2.532984 Z18.82
G0 X101.445261 Y2.62892 Z18.84
G0 X101.277338 Y2.714481 Z18.86
G0 X101.104374 Y2.789329 Z18.88
G0 X100.927051 Y2.85317 Z18.9
G0 X100.74607 Y2.905749 Z18.92
G0 X100.562144 Y2.946862 Z18.94
G0 X100.376 Y2.976344 Z18.96
G0 X100.188372 Y2.99408 Z18.98
G0 X100 Y3 Z19
G0 X99.811628 Y2.99408 Z19.02
G0 X99.624 Y2.976344 Z19.04
G0 X99.437856 Y2.946862 Z19.06
G0 X99.25393 Y2.905749 Z19.08
G0 X99.072949 Y2.85317 Z19.1
G0 X98.895626 Y2.789329 Z19.12
G0 X98.722662 Y2.714481 Z19.14
G0 X98.554739 Y2.62892 Z19.16
G0 X98.39252 Y2.532984 Z19.18
G0 X98.236644 Y2.427051 Z19.2
G0 X98.087728 Y2.31154 Z19.22
G0 X97.946359 Y2.186906 Z19.24
G0 X97.813094 Y2.053641 Z19.26
G0 X97.68846 Y1.912272 Z19.28
G0 X97.572949 Y1.763356 Z19.3
G0 X97.467016 Y1.60748 Z19.32
G0 X97.37108 Y1.445261 Z19.34
G0 X97.285519 Y1.277338 Z19.36
G0 X97.210671 Y1.104374 Z19.38
G0 X97.14683 Y0.927051 Z19.4
G0 X97.094251 Y0.74607 Z19.42
G0 X97.053138 Y0.562144 Z19.44
G0 X97.023656 Y0.376 Z19.46
G0 X97.00592 Y0.188372 Z19.48
G0 X97 Y-0 Z19.5
G0 X97.00592 Y-0.188372 Z19.52
G0 X97.023656 Y-0.376 Z19.54
G0 X97.053138 Y-0.562144 Z19.56
G0 X97.094251 Y-0.74607 Z19.58
G0 X97.14683 Y-0.927051 Z19.6
G0 X97.210671 Y-1.104374 Z19.62
G0 X97.285519 Y-1.277338 Z19.64
G0 X97.37108 Y-1.445261 Z19.66
G0 X97.467016 Y-1.60748 Z19.68
G0 X97.572949 Y-1.763356 Z19.7
G0 X97.68846 Y-1.912272 Z19.72
G0 X97.813094 Y-2.053641 Z19.74
G0 X97.946359 Y-2.186906 Z19.76
G0 X98.087728 Y-2.31154 Z19.78
G0 X98.236644 Y-2.427051 Z19.8
G0 X98.39252 Y-2.532984 Z19.82
G0 X98.554739 Y-2.62892 Z19.84
G0 X98.722662 Y-2.714481 Z19.86
G0 X98.895626 Y-2.789329 Z19.88
G0 X99.072949 Y-2.85317 Z19.9
G0 X99.25393 Y-2.905749 Z19.92
G0 X99.437856 Y-2.946862 Z19.94
G0 X99.624 Y-2.976344 Z19.96
G0 X99.811628 Y-2.99408 Z19.98
G0 X100 Y-3 Z20
G0 Y-5 Z20
G0 X100.313953 Y-4.990134 Z19.98
G0 X100.626666 Y-4.960574 Z19.96
G0 X100.936907 Y-4.911436 Z19.94
G0 X101.243449 Y-4.842916 Z19.92
G0 X101.545085 Y-4.755283 Z19.9
G0 X101.840623 Y-4.648882 Z19.88
G0 X102.128896 Y-4.524135 Z19.86
G0 X102.408768 Y-4.381533 Z19.84
G0 X102.679134 Y-4.22164 Z19.82
G0 X102.938926 Y-4.045085 Z19.8
G0 X103.18712 Y-3.852566 Z19.78
G0 X103.422736 Y-3.644843 Z19.76
G0 X103.644843 Y-3.422736 Z19.74
G0 X103.852566 Y-3.18712 Z19.72
G0 X104.045085 Y-2.938926 Z19.7
G0 X104.22164 Y-2.679134 Z19.68
G0 X104.381533 Y-2.408768 Z19.66
G0 X104.524135 Y-2.128896 Z19.64
G0 X104.648882 Y-1.840623 Z19.62
G0 X104.755283 Y-1.545085 Z19.6
G0 X104.842916 Y-1.243449 Z19.58
G0 X104.911436 Y-0.936907 Z19.56
G0 X104.960574 Y-0.626666 Z19.54
G0 X104.990134 Y-0.313953 Z19.52
G0 X105 Y-0 Z19.5
G0 X104.990134 Y0.313953 Z19.48
G0 X104.960574 Y0.626666 Z19.46
G0 X104.911436 Y0.936907 Z19.44
G0 X104.842916 Y1.243449 Z19.42
G0 X104.755283 Y1.545085 Z19.4
G0 X104.648882 Y1.840623 Z19.38
G0 X104.524135 Y2.128896 Z19.36
G0 X104.381533 Y2.408768 Z19.34
G0 X104.22164 Y2.679134 Z19.32
G0 X104.045085 Y2.938926 Z19.3
G0 X103.852566 Y3.18712 Z19.28
G0 X103.644843 Y3.422736 Z19.26
G0 X103.422736 Y3.644843 Z19.24
G0 X103.18712 Y3.852566 Z19.22
G0 X102.938926 Y4.045085 Z19.2
G0 X102.679134 Y4.22164 Z19.18
G0 X102.408768 Y4.381533 Z19.16
G0 X102.128896 Y4.524135 Z19.14
G0 X101.840623 Y4.648882 Z19.12
G0 X101.545085 Y4.755283 Z19.1
G0 X101.243449 Y4.842916 Z19.08
G0 X100.936907 Y4.911436 Z19.06
G0 X100.626666 Y4.960574 Z19.04
G0 X100.313953 Y4.990134 Z19.02
G0 X100 Y5 Z19
G0 X99.686047 Y4.990134 Z18.98
G0 X99.373334 Y4.960574 Z18.96
G0 X99.063093 Y4.911436 Z18.94
G0 X98.756551 Y4.842916 Z18.92
G0 X98.454915 Y4.755283 Z18.9
G0 X98.159377 Y4.648882 Z18.88
G0 X97.871104 Y4.524135 Z18.86
G0 X97.591232 Y4.381533 Z18.84
G0 X97.320866 Y4.22164 Z18.82
G0 X97.061074 Y4.045085 Z18.8
G0 X96.81288 Y3.852566 Z18.78
G0 X96.577264 Y3.644843 Z18.76
G0 X96.355157 Y3.422736 Z18.74
G0 X96.147434 Y3.18712 Z18.72
G0 X95.954915 Y2.938926 Z18.7
G0 X95.77836 Y2.679134 Z18.68
G0 X95.618467 Y2.408768 Z18.66
G0 X95.475865 Y2.128896 Z18.64
G0 X95.351118 Y1.840623 Z18.62
G0 X95.244717 Y1.545085 Z18.6
G0 X95.157084 Y1.243449 Z18.58
G0 X95.088564 Y0.936907 Z18.56
G0 X95.039426 Y0.626666 Z18.54
G0 X95.009866 Y0.313953 Z18.52
G0 X95 Y0 Z18.5
G0 X95.009866 Y-0.313953 Z18.48
G0 X95.039426 Y-0.626666 Z18.46
G0 X95.088564 Y-0.936907 Z18.44
G0 X95.157084 Y-1.243449 Z18.42
G0 X95.244717 Y-1.545085 Z18.4
G0 X95.351118 Y-1.840623 Z18.38
G0 X95.475865 Y-2.128896 Z18.36
G0 X95.618467 Y-2.408768 Z18.34
G0 X95.77836 Y-2.679134 Z18.32
G0 X95.954915 Y-2.938926 Z18.3
G0 X96.147434 Y-3.18712 Z18.28
G0 X96.355157 Y-3.422736 Z18.26
G0 X96.577264 Y-3.644843 Z18.24
G0 X96.81288 Y-3.852566 Z18.22
G0 X97.061074 Y-4.045085 Z18.2
G0 X97.320866 Y-4.22164 Z18.18
G0 X97.591232 Y-4.381533 Z18.16
G0 X97.871104 Y-4.524135 Z18.14
G0 X98.159377 Y-4.648882 Z18.12
G0 X98.454915 Y-4.755283 Z18.1
G0 X98.756551 Y-4.842916 Z18.08
G0 X99.063093 Y-4.911436 Z18.06
G0 X99.373334 Y-4.960574 Z18.04
G0 X99.686047 Y-4.990134 Z18.02
G0 X100 Y-5 Z18
G0 X100.313953 Y-4.990134 Z17.98
G0 X100.626666 Y-4.960574 Z17.96
G0 X100.936907 Y-4.911436 Z17.94
G0 X101.243449 Y-4.842916 Z17.92
G0 X101.545085 Y-4.755283 Z17.9
G0 X101.840623 Y-4.648882 Z17.88
G0 X102.128896 Y-4.524135 Z17.86
G0 X102.408768 Y-4.381533 Z17.84
G0 X102.679134 Y-4.22164 Z17.82
G0 X102.938926 Y-4.045085 Z17.8
G0 X103.18712 Y-3.852566 Z17.78
G0 X103.422736 Y-3.644843 Z17.76
G0 X103.644843 Y-3.422736 Z17.74
G0 X103.852566 Y-3.18712 Z17.72
G0 X104.045085 Y-2.938926 Z17.7
G0 X104.22164 Y-2.679134 Z17.68
G0 X104.381533 Y-2.408768 Z17.66
G0 X104.524135 Y-2.128896 Z17.64
G0 X104.648882 Y-1.840623 Z17.62
G0 X104.755283 Y-1.545085 Z17.6
G0 X104.842916 Y-1.243449 Z17.58
G0 X104.911436 Y-0.936907 Z17.56
G0 X104.960574 Y-0.626666 Z17.54
G0 X104.990134 Y-0.313953 Z17.52
G0 X105 Y-0 Z17.5
G0 X104.990134 Y0.313953 Z17.48
G0 X104.960574 Y0.626666 Z17.46
G0 X104.911436 Y0.936907 Z17.44
G0 X104.842916 Y1.243449 Z17.42
G0 X104.755283 Y1.545085 Z17.4
G0 X104.648882 Y1.840623 Z17.38
G0 X104.524135 Y2.128896 Z17.36
G0 X104.381533 Y2.408768 Z17.34
G0 X104.22164 Y2.679134 Z17.32
G0 X104.045085 Y2.938926 Z17.3
G0 X103.852566 Y3.18712 Z17.28
G0 X103.644843 Y3.422736 Z17.26
G0 X103.422736 Y3.644843 Z17.24
G0 X103.18712 Y3.852566 Z17.22
G0 X102.938926 Y4.045085 Z17.2
G0 X102.679134 Y4.22164 Z17.18
G0 X102.408768 Y4.381533 Z17.16
G0 X102.128896 Y4.524135 Z17.14
G0 X101.840623 Y4.648882 Z17.12
G0 X101.545085 Y4.755283 Z17.1
G0 X101.243449 Y4.842916 Z17.08
G0 X100.936907 Y4.911436 Z17.06
G0 X100.626666 Y4.960574 Z17.04
G0 X100.313953 Y4.990134 Z17.02
G0 X100 Y5 Z17
G0 X99.686047 Y4.990134 Z16.98
G0 X99.373334 Y4.960574 Z16.96
G0 X99.063093 Y4.911436 Z16.94
G0 X98.756551 Y4.842916 Z16.92
G0 X98.454915 Y4.755283 Z16.9
G0 X98.159377 Y4.648882 Z16.88
G0 X97.871104 Y4.524135 Z16.86
G0 X97.591232 Y4.381533 Z16.84
G0 X97.320866 Y4.22164 Z16.82
G0 X97.061074 Y4.045085 Z16.8
G0 X96.81288 Y3.852566 Z16.78
G0 X96.577264 Y3.644843 Z16.76
G0 X96.355157 Y3.422736 Z16.74
G0 X96.147434 Y3.18712 Z16.72
G0 X95.954915 Y2.938926 Z16.7
G0 X95.77836 Y2.679134 Z16.68
G0 X95.618467 Y2.408768 Z16.66
G0 X95.475865 Y2.128896 Z16.64
G0 X95.351118 Y1.840623 Z16.62
G0 X95.244717 Y1.545085 Z16.6
G0 X95.157084 Y1.243449 Z16.58
G0 X95.088564 Y0.936907 Z16.56
G0 X95.039426 Y0.626666 Z16.54
G0 X95.009866 Y0.313953 Z16.52
G0 X95 Y-0 Z16.5
G0 X95.009866 Y-0.313953 Z16.48
G0 X95.039426 Y-0.626666 Z16.46
G0 X95.088564 Y-0.936907 Z16.44
G0 X95.157084 Y-1.243449 Z16.42
G0 X95.244717 Y-1.545085 Z16.4
G0 X95.351118 Y-1.840623 Z16.38
G0 X95.475865 Y-2.128896 Z16.36
G0 X95.618467 Y-2.408768 Z16.34
G0 X95.77836 Y-2.679134 Z16.32
G0 X95.954915 Y-2.938926 Z16.3
G0 X96.147434 Y-3.18712 Z16.28
G0 X96.355157 Y-3.422736 Z16.26
G0 X96.577264 Y-3.644843 Z16.24
G0 X96.81288 Y-3.852566 Z16.22
G0 X97.061074 Y-4.045085 Z16.2
G0 X97.320866 Y-4.22164 Z16.18
G0 X97.591232 Y-4.381533 Z16.16
G0 X97.871104 Y-4.524135 Z16.14
G0 X98.159377 Y-4.648882 Z16.12
G0 X98.454915 Y-4.755283 Z16.1
G0 X98.756551 Y-4.842916 Z16.08
G0 X99.063093 Y-4.911436 Z16.06
G0 X99.373334 Y-4.960574 Z16.04
G0 X99.686047 Y-4.990134 Z16.02
G0 X100 Y-5 Z16
G0 Y-7 Z16
G0 X100.439534 Y-6.986187 Z16.02
G0 X100.877333 Y-6.944803 Z16.04
G0 X101.311669 Y-6.876011 Z16.06
G0 X101.740829 Y-6.780082 Z16.08
G0 X102.163119 Y-6.657396 Z16.1
G0 X102.576872 Y-6.508435 Z16.12
G0 X102.980455 Y-6.333789 Z16.14
G0 X103.372276 Y-6.134147 Z16.16
G0 X103.750788 Y-5.910295 Z16.18
G0 X104.114497 Y-5.663119 Z16.2
G0 X104.461968 Y-5.393593 Z16.22
G0 X104.79183 Y-5.10278 Z16.24
G0 X105.10278 Y-4.79183 Z16.26
G0 X105.393593 Y-4.461968 Z16.28
G0 X105.663119 Y-4.114497 Z16.3
G0 X105.910295 Y-3.750788 Z16.32
G0 X106.134147 Y-3.372276 Z16.34
G0 X106.333789 Y-2.980455 Z16.36
G0 X106.508435 Y-2.576872 Z16.38
G0 X106.657396 Y-2.163119 Z16.4
G0 X106.780082 Y-1.740829 Z16.42
G0 X106.876011 Y-1.311669 Z16.44
G0 X106.944803 Y-0.877333 Z16.46
G0 X106.986187 Y-0.439534 Z16.48
G0 X107 Y-0 Z16.5
G0 X106.986187 Y0.439534 Z16.52
G0 X106.944803 Y0.877333 Z16.54
G0 X106.876011 Y1.311669 Z16.56
G0 X106.780082 Y1.740829 Z16.58
G0 X106.657396 Y2.163119 Z16.6
G0 X106.508435 Y2.576872 Z16.62
G0 X106.333789 Y2.980455 Z16.64
G0 X106.134147 Y3.372276 Z16.66
G0 X105.910295 Y3.750788 Z16.68
G0 X105.663119 Y4.114497 Z16.7
G0 X105.393593 Y4.461968 Z16.72
G0 X105.10278 Y4.79183 Z16.74
G0 X104.79183 Y5.10278 Z16.76
G0 X104.461968 Y5.393593 Z16.78
G0 X104.114497 Y5.663119 Z16.8
G0 X103.750788 Y5.910295 Z16.82
G0 X103.372276 Y6.134147 Z16.84
G0 X102.980455 Y6.333789 Z16.86
G0 X102.576872 Y6.508435 Z16.88
G0 X102.163119 Y6.657396 Z16.9
G0 X101.740829 Y6.780082 Z16.92
G0 X101.311669 Y6.876011 Z16.94
G0 X100.877333 Y6.944803 Z16.96
G0 X100.439534 Y6.986187 Z16.98
G0 X100 Y7 Z17
G0 X99.560466 Y6.986187 Z17.02
G0 X99.122667 Y6.944803 Z17.04
G0 X98.688331 Y6.876011 Z17.06
G0 X98.259171 Y6.780082 Z17.08
G0 X97.836881 Y6.657396 Z17.1
G0 X97.423128 Y6.508435 Z17.12
G0 X97.019545 Y6.333789 Z17.14
G0 X96.627724 Y6.134147 Z17.16
G0 X96.249212 Y5.910295 Z17.18
G0 X95.885503 Y5.663119 Z17.2
G0 X95.538032 Y5.393593 Z17.22
G0 X95.20817 Y5.10278 Z17.24
G0 X94.89722 Y4.79183 Z17.26
G0 X94.606407 Y4.461968 Z17.28
G0 X94.336881 Y4.114497 Z17.3
G0 X94.089705 Y3.750788 Z17.32
G0 X93.865853 Y3.372276 Z17.34
G0 X93.666211 Y2.980455 Z17.36
G0 X93.491565 Y2.576872 Z17.38
G0 X93.342604 Y2.163119 Z17.4
G0 X93.219918 Y1.740829 Z17.42
G0 X93.123989 Y1.311669 Z17.44
G0 X93.055197 Y0.877333 Z17.46
G0 X93.013813 Y0.439534 Z17.48
G0 X93 Y0 Z17.5
G0 X93.013813 Y-0.439534 Z17.52
G0 X93.055197 Y-0.877333 Z17.54
G0 X93.123989 Y-1.311669 Z17.56
G0 X93.219918 Y-1.740829 Z17.58
G0 X93.342604 Y-2.163119 Z17.6
G0 X93.491565 Y-2.576872 Z17.62
G0 X93.666211 Y-2.980455 Z17.64
G0 X93.865853 Y-3.372276 Z17.66
G0 X94.089705 Y-3.750788 Z17.68
G0 X94.336881 Y-4.114497 Z17.7
G0 X94.606407 Y-4.461968 Z17.72
G0 X94.89722 Y-4.79183 Z17.74
G0 X95.20817 Y-5.10278 Z17.76
G0 X95.538032 Y-5.393593 Z17.78
G0 X95.885503 Y-5.663119 Z17.8
G0 X96.249212 Y-5.910295 Z17.82
G0 X96.627724 Y-6.134147 Z17.84
G0 X97.019545 Y-6.333789 Z17.86
G0 X97.423128 Y-6.508435 Z17.88
G0 X97.836881 Y-6.657396 Z17.9
G0 X98.259171 Y-6.780082 Z17.92
G0 X98.688331 Y-6.876011 Z17.94
G0 X99.122667 Y-6.944803 Z17.96
G0 X99.560466 Y-6.986187 Z17.98
G0 X100 Y-7 Z18
G0 X100.439534 Y-6.986187 Z18.02
G0 X100.877333 Y-6.944803 Z18.04
G0 X101.311669 Y-6.876011 Z18.06
G0 X101.740829 Y-6.780082 Z18.08
G0 X102.163119 Y-6.657396 Z18.1
G0 X102.576872 Y-6.508435 Z18.12
G0 X102.980455 Y-6.333789 Z18.14
G0 X103.372276 Y-6.134147 Z18.16
G0 X103.750788 Y-5.910295 Z18.18
G0 X104.114497 Y-5.663119 Z18.2
G0 X104.461968 Y-5.393593 Z18.22
G0 X104.79183 Y-5.10278 Z18.24
G0 X105.10278 Y-4.79183 Z18.26
G0 X105.393593 Y-4.461968 Z18.28
G0 X105.663119 Y-4.114497 Z18.3
G0 X105.910295 Y-3.750788 Z18.32
G0 X106.134147 Y-3.372276 Z18.34
G0 X106.333789 Y-2.980455 Z18.36
G0 X106.508435 Y-2.576872 Z18.38
G0 X106.657396 Y-2.163119 Z18.4
G0 X106.780082 Y-1.740829 Z18.42
G0 X106.876011 Y-1.311669 Z18.44
G0 X106.944803 Y-0.877333 Z18.46
G0 X106.986187 Y-0.439534 Z18.48
G0 X107 Y-0 Z18.5
G0 X106.986187 Y0.439534 Z18.52
G0 X106.944803 Y0.877333 Z18.54
G0 X106.876011 Y1.311669 Z18.56
G0 X106.780082 Y1.740829 Z18.58
G0 X106.657396 Y2.163119 Z18.6
G0 X106.508435 Y2.576872 Z18.62
G0 X106.333789 Y2.980455 Z18.64
G0 X106.134147 Y3.372276 Z18.66
G0 X105.910295 Y3.750788 Z18.68
G0 X105.663119 Y4.114497 Z18.7
G0 X105.393593 Y4.461968 Z18.72
G0 X105.10278 Y4.79183 Z18.74
G0 X104.79183 Y5.10278 Z18.76
G0 X104.461968 Y5.393593 Z18.78
G0 X104.114497 Y5.663119 Z18.8
G0 X103.750788 Y5.910295 Z18.82
G0 X103.372276 Y6.134147 Z18.84
G0 X102.980455 Y6.333789 Z18.86
G0 X102.576872 Y6.508435 Z18.88
G0 X102.163119 Y6.657396 Z18.9
G0 X101.740829 Y6.780082 Z18.92
G0 X101.311669 Y6.876011 Z18.94
G0 X100.877333 Y6.944803 Z18.96
G0 X100.439534 Y6.986187 Z18.98
G0 X100 Y7 Z19
G0 X99.560466 Y6.986187 Z19.02
G0 X99.122667 Y6.944803 Z19.04
G0 X98.688331 Y6.876011 Z19.06
G0 X98.259171 Y6.780082 Z19.08
G0 X97.836881 Y6.657396 Z19.1
G0 X97.423128 Y6.508435 Z19.12
G0 X97.019545 Y6.333789 Z19.14
G0 X96.627724 Y6.134147 Z19.16
G0 X96.249212 Y5.910295 Z19.18
G0 X95.885503 Y5.663119 Z19.2
G0 X95.538032 Y5.393593 Z19.22
G0 X95.20817 Y5.10278 Z19.24
G0 X94.89722 Y4.79183 Z19.26
G0 X94.606407 Y4.461968 Z19.28
G0 X94.336881 Y4.114497 Z19.3
G0 X94.089705 Y3.750788 Z19.32
G0 X93.865853 Y3.372276 Z19.34
G0 X93.666211 Y2.980455 Z19.36
G0 X93.491565 Y2.576872 Z19.38
G0 X93.342604 Y2.163119 Z19.4
G0 X93.219918 Y1.740829 Z19.42
G0 X93.123989 Y1.311669 Z19.44
G0 X93.055197 Y0.877333 Z19.46
G0 X93.013813 Y0.439534 Z19.48
G0 X93 Y-0 Z19.5
G0 X93.013813 Y-0.439534 Z19.52
G0 X93.055197 Y-0.877333 Z19.54
G0 X93.123989 Y-1.311669 Z19.56
G0 X93.219918 Y-1.740829 Z19.58
G0 X93.342604 Y-2.163119 Z19.6
G0 X93.491565 Y-2.576872 Z19.62
G0 X93.666211 Y-2.980455 Z19.64
G0 X93.865853 Y-3.372276 Z19.66
G0 X94.089705 Y-3.750788 Z19.68
G0 X94.336881 Y-4.114497 Z19.7
G0 X94.606407 Y-4.461968 Z19.72
G0 X94.89722 Y-4.79183 Z19.74
G0 X95.20817 Y-5.10278 Z19.76
G0 X95.538032 Y-5.393593 Z19.78
G0 X95.885503 Y-5.663119 Z19.8
G0 X96.249212 Y-5.910295 Z19.82
G0 X96.627724 Y-6.134147 Z19.84
G0 X97.019545 Y-6.333789 Z19.86
G0 X97.423128 Y-6.508435 Z19.88
G0 X97.836881 Y-6.657396 Z19.9
G0 X98.259171 Y-6.780082 Z19.92
G0 X98.688331 Y-6.876011 Z19.94
G0 X99.122667 Y-6.944803 Z19.96
G0 X99.560466 Y-6.986187 Z19.98
G0 X100 Y-7 Z20
G0 X97 Y30 Z16
G0 X97.00592 Y29.811628 Z16.02
G0 X97.023656 Y29.624 Z16.04
G0 X97.053138 Y29.437856 Z16.06
G0 X97.094251 Y29.25393 Z16.08
G0 X97.14683 Y29.072949 Z16.1
G0 X97.210671 Y28.895626 Z16.12
G0 X97.285519 Y28.722662 Z16.14
G0 X97.37108 Y28.554739 Z16.16
G0 X97.467016 Y28.39252 Z16.18
G0 X97.572949 Y28.236644 Z16.2
G0 X97.68846 Y28.087728 Z16.22
G0 X97.813094 Y27.946359 Z16.24
G0 X97.946359 Y27.813094 Z16.26
G0 X98.087728 Y27.68846 Z16.28
G0 X98.236644 Y27.572949 Z16.3
G0 X98.39252 Y27.467016 Z16.32
G0 X98.554739 Y27.37108 Z16.34
G0 X98.722662 Y27.285519 Z16.36
G0 X98.895626 Y27.210671 Z16.38
G0 X99.072949 Y27.14683 Z16.4
G0 X99.25393 Y27.094251 Z16.42
G0 X99.437856 Y27.053138 Z16.44
G0 X99.624 Y27.023656 Z16.46
G0 X99.811628 Y27.00592 Z16.48
G0 X100 Y27 Z16.5
G0 X100.188372 Y27.00592 Z16.52
G0 X100.376 Y27.023656 Z16.54
G0 X100.562144 Y27.053138 Z16.56
G0 X100.74607 Y27.094251 Z16.58
G0 X100.927051 Y27.14683 Z16.6
G0 X101.104374 Y27.210671 Z16.62
G0 X101.277338 Y27.285519 Z16.64
G0 X101.445261 Y27.37108 Z16.66
G0 X101.60748 Y27.467016 Z16.68
G0 X101.763356 Y27.572949 Z16.7
G0 X101.912272 Y27.68846 Z16.72
G0 X102.053641 Y27.813094 Z16.74
G0 X102.186906 Y27.946359 Z16.76
G0 X102.31154 Y28.087728 Z16.78
G0 X102.427051 Y28.236644 Z16.8
G0 X102.532984 Y28.39252 Z16.82
G0 X102.62892 Y28.554739 Z16.84
G0 X102.714481 Y28.722662 Z16.86
G0 X102.789329 Y28.895626 Z16.88
G0 X102.85317 Y29.072949 Z16.9
G0 X102.905749 Y29.25393 Z16.92
G0 X102.946862 Y29.437856 Z16.94
G0 X102.976344 Y29.624 Z16.96
G0 X102.99408 Y29.811628 Z16.98
G0 X103 Y30 Z17
G0 X102.99408 Y30.188372 Z17.02
G0 X102.976344 Y30.376 Z17.04
G0 X102.946862 Y30.562144 Z17.06
G0 X102.905749 Y30.74607 Z17.08
G0 X102.85317 Y30.927051 Z17.1
G0 X102.789329 Y31.104374 Z17.12
G0 X102.714481 Y31.277338 Z17.14
G0 X102.62892 Y31.445261 Z17.16
G0 X102.532984 Y31.60748 Z17.18
G0 X102.427051 Y31.763356 Z17.2
G0 X102.31154 Y31.912272 Z17.22
G0 X102.186906 Y32.053641 Z17.24
G0 X102.053641 Y32.186906 Z17.26
G0 X101.912272 Y32.31154 Z17.28
G0 X101.763356 Y32.427051 Z17.3
G0 X101.60748 Y32.532984 Z17.32
G0 X101.445261 Y32.62892 Z17.34
G0 X101.277338 Y32.714481 Z17.36
G0 X101.104374 Y32.789329 Z17.38
G0 X100.927051 Y32.85317 Z17.4
G0 X100.74607 Y32.905749 Z17.42
G0 X100.562144 Y32.946862 Z17.44
G0 X100.376 Y32.976344 Z17.46
G0 X100.188372 Y32.99408 Z17.48
G0 X100 Y33 Z17.5
G0 X99.811628 Y32.99408 Z17.52
G0 X99.624 Y32.976344 Z17.54
G0 X99.437856 Y32.946862 Z17.56
G0 X99.25393 Y32.905749 Z17.58
G0 X99.072949 Y32.85317 Z17.6
G0 X98.895626 Y32.789329 Z17.62
G0 X98.722662 Y32.714481 Z17.64
G0 X98.554739 Y32.62892 Z17.66
G0 X98.39252 Y32.532984 Z17.68
G0 X98.236644 Y32.427051 Z17.7
G0 X98.087728 Y32.31154 Z17.72
G0 X97.946359 Y32.186906 Z17.74
G0 X97.813094 Y32.053641 Z17.76
G0 X97.68846 Y31.912272 Z17.78
G0 X97.572949 Y31.763356 Z17.8
G0 X97.467016 Y31.60748 Z17.82
G0 X97.37108 Y31.445261 Z17.84
G0 X97.285519 Y31.277338 Z17.86
G0 X97.210671 Y31.104374 Z17.88
G0 X97.14683 Y30.927051 Z17.9
G0 X97.094251 Y30.74607 Z17.92
G0 X97.053138 Y30.562144 Z17.94
G0 X97.023656 Y30.376 Z17.96
G0 X97.00592 Y30.188372 Z17.98
G0 X97 Y30 Z18
G0 X97.00592 Y29.811628 Z18.02
G0 X97.023656 Y29.624 Z18.04
G0 X97.053138 Y29.437856 Z18.06
G0 X97.094251 Y29.25393 Z18.08
G0 X97.14683 Y29.072949 Z18.1
G0 X97.210671 Y28.895626 Z18.12
G0 X97.285519 Y28.722662 Z18.14
G0 X97.37108 Y28.554739 Z18.16
G0 X97.467016 Y28.39252 Z18.18
G0 X97.572949 Y28.236644 Z18.2
G0 X97.68846 Y28.087728 Z18.22
G0 X97.813094 Y27.946359 Z18.24
G0 X97.946359 Y27.813094 Z18.26
G0 X98.087728 Y27.68846 Z18.28
G0 X98.236644 Y27.572949 Z18.3
G0 X98.39252 Y27.467016 Z18.32
G0 X98.554739 Y27.37108 Z18.34
G0 X98.722662 Y27.285519 Z18.36
G0 X98.895626 Y27.210671 Z18.38
G0 X99.072949 Y27.14683 Z18.4
G0 X99.25393 Y27.094251 Z18.42
G0 X99.437856 Y27.053138 Z18.44
G0 X99.624 Y27.023656 Z18.46
G0 X99.811628 Y27.00592 Z18.48
G0 X100 Y27 Z18.5
G0 X100.188372 Y27.00592 Z18.52
G0 X100.376 Y27.023656 Z18.54
G0 X100.562144 Y27.053138 Z18.56
G0 X100.74607 Y27.094251 Z18.58
G0 X100.927051 Y27.14683 Z18.6
G0 X101.104374 Y27.210671 Z18.62
G0 X101.277338 Y27.285519 Z18.64
G0 X101.445261 Y27.37108 Z18.66
G0 X101.60748 Y27.467016 Z18.68
G0 X101.763356 Y27.572949 Z18.7
G0 X101.912272 Y27.68846 Z18.72
G0 X102.053641 Y27.813094 Z18.74
G0 X102.186906 Y27.946359 Z18.76
G0 X102.31154 Y28.087728 Z18.78
G0 X102.427051 Y28.236644 Z18.8
G0 X102.532984 Y28.39252 Z18.82
G0 X102.62892 Y28.554739 Z18.84
G0 X102.714481 Y28.722662 Z18.86
G0 X102.789329 Y28.895626 Z18.88
G0 X102.85317 Y29.072949 Z18.9
G0 X102.905749 Y29.25393 Z18.92
G0 X102.946862 Y29.437856 Z18.94
G0 X102.976344 Y29.624 Z18.96
G0 X102.99408 Y29.811628 Z18.98
G0 X103 Y30 Z19
G0 X102.99408 Y30.188372 Z19.02
G0 X102.976344 Y30.376 Z19.04
G0 X102.946862 Y30.562144 Z19.06
G0 X102.905749 Y30.74607 Z19.08
G0 X102.85317 Y30.927051 Z19.1
G0 X102.789329 Y31.104374 Z19.12
G0 X102.714481 Y31.277338 Z19.14
G0 X102.62892 Y31.445261 Z19.16
G0 X102.532984 Y31.60748 Z19.18
G0 X102.427051 Y31.763356 Z19.2
G0 X102.31154 Y31.912272 Z19.22
G0 X102.186906 Y32.053641 Z19.24
G0 X102.053641 Y32.186906 Z19.26
G0 X101.912272 Y32.31154 Z19.28
G0 X101.763356 Y32.427051 Z19.3
G0 X101.60748 Y32.532984 Z19.32
G0 X101.445261 Y32.62892 Z19.34
G0 X101.277338 Y32.714481 Z19.36
G0 X101.104374 Y32.789329 Z19.38
G0 X100.927051 Y32.85317 Z19.4
G0 X100.74607 Y32.905749 Z19.42
G0 X100.562144 Y32.946862 Z19.44
G0 X100.376 Y32.976344 Z19.46
G0 X100.188372 Y32.99408 Z19.48
G0 X100 Y33 Z19.5
G0 X99.811628 Y32.99408 Z19.52
G0 X99.624 Y32.976344 Z19.54
G0 X99.437856 Y32.946862 Z19.56
G0 X99.25393 Y32.905749 Z19.58
G0 X99.072949 Y32.85317 Z19.6
G0 X98.895626 Y32.789329 Z19.62
G0 X98.722662 Y32.714481 Z19.64
G0 X98.554739 Y32.62892 Z19.66
G0 X98.39252 Y32.532984 Z19.68
G0 X98.236644 Y32.427051 Z19.7
G0 X98.087728 Y32.31154 Z19.72
G0 X97.946359 Y32.186906 Z19.74
G0 X97.813094 Y32.053641 Z19.76
G0 X97.68846 Y31.912272 Z19.78
G0 X97.572949 Y31.763356 Z19.8
G0 X97.467016 Y31.60748 Z19.82
G0 X97.37108 Y31.445261 Z19.84
G0 X97.285519 Y31.277338 Z19.86
G0 X97.210671 Y31.104374 Z19.88
G0 X97.14683 Y30.927051 Z19.9
G0 X97.094251 Y30.74607 Z19.92
G0 X97.053138 Y30.562144 Z19.94
G0 X97.023656 Y30.376 Z19.96
G0 X97.00592 Y30.188372 Z19.98
G0 X97 Y30 Z20
G0 X95 Y30 Z20
G0 X95.009866 Y29.686047 Z19.98
G0 X95.039426 Y29.373334 Z19.96
G0 X95.088564 Y29.063093 Z19.94
G0 X95.157084 Y28.756551 Z19.92
G0 X95.244717 Y28.454915 Z19.9
G0 X95.351118 Y28.159377 Z19.88
G0 X95.475865 Y27.871104 Z19.86
G0 X95.618467 Y27.591232 Z19.84
G0 X95.77836 Y27.320866 Z19.82
G0 X95.954915 Y27.061074 Z19.8
G0 X96.147434 Y26.81288 Z19.78
G0 X96.355157 Y26.577264 Z19.76
G0 X96.577264 Y26.355157 Z19.74
G0 X96.81288 Y26.147434 Z19.72
G0 X97.061074 Y25.954915 Z19.7
G0 X97.320866 Y25.77836 Z19.68
G0 X97.591232 Y25.618467 Z19.66
G0 X97.871104 Y25.475865 Z19.64
G0 X98.159377 Y25.351118 Z19.62
G0 X98.454915 Y25.244717 Z19.6
G0 X98.756551 Y25.157084 Z19.58
G0 X99.063093 Y25.088564 Z19.56
G0 X99.373334 Y25.039426 Z19.54
G0 X99.686047 Y25.009866 Z19.52
G0 X100 Y25 Z19.5
G0 X100.313953 Y25.009866 Z19.48
G0 X100.626666 Y25.039426 Z19.46
G0 X100.936907 Y25.088564 Z19.44
G0 X101.243449 Y25.157084 Z19.42
G0 X101.545085 Y25.244717 Z19.4
G0 X101.840623 Y25.351118 Z19.38
G0 X102.128896 Y25.475865 Z19.36
G0 X102.408768 Y25.618467 Z19.34
G0 X102.679134 Y25.77836 Z19.32
G0 X102.938926 Y25.954915 Z19.3
G0 X103.18712 Y26.147434 Z19.28
G0 X103.422736 Y26.355157 Z19.26
G0 X103.644843 Y26.577264 Z19.24
G0 X103.852566 Y26.81288 Z19.22
G0 X104.045085 Y27.061074 Z19.2
G0 X104.22164 Y27.320866 Z19.18
G0 X104.381533 Y27.591232 Z19.16
G0 X104.524135 Y27.871104 Z19.14
G0 X104.648882 Y28.159377 Z19.12
G0 X104.755283 Y28.454915 Z19.1
G0 X104.842916 Y28.756551 Z19.08
G0 X104.911436 Y29.063093 Z19.06
G0 X104.960574 Y29.373334 Z19.04
G0 X104.990134 Y29.686047 Z19.02
G0 X105 Y30 Z19
G0 X104.990134 Y30.313953 Z18.98
G0 X104.960574 Y30.626666 Z18.96
G0 X104.911436 Y30.936907 Z18.94
G0 X104.842916 Y31.243449 Z18.92
G0 X104.755283 Y31.545085 Z18.9
G0 X104.648882 Y31.840623 Z18.88
G0 X104.524135 Y32.128896 Z18.86
G0 X104.381533 Y32.408768 Z18.84
G0 X104.22164 Y32.679134 Z18.82
G0 X104.045085 Y32.938926 Z18.8
G0 X103.852566 Y33.18712 Z18.78
G0 X103.644843 Y33.422736 Z18.76
G0 X103.422736 Y33.644843 Z18.74
G0 X103.18712 Y33.852566 Z18.72
G0 X102.938926 Y34.045085 Z18.7
G0 X102.679134 Y34.22164 Z18.68
G0 X102.408768 Y34.381533 Z18.66
G0 X102.128896 Y34.524135 Z18.64
G0 X101.840623 Y34.648882 Z18.62
G0 X101.545085 Y34.755283 Z18.6
G0 X101.243449 Y34.842916 Z18.58
G0 X100.936907 Y34.911436 Z18.56
G0 X100.626666 Y34.960574 Z18.54
G0 X100.313953 Y34.990134 Z18.52
G0 X100 Y35 Z18.5
G0 X99.686047 Y34.990134 Z18.48
G0 X99.373334 Y34.960574 Z18.46
G0 X99.063093 Y34.911436 Z18.44
G0 X98.756551 Y34.842916 Z18.42
G0 X98.454915 Y34.755283 Z18.4
G0 X98.159377 Y34.648882 Z18.38
G0 X97.871104 Y34.524135 Z18.36
G0 X97.591232 Y34.381533 Z18.34
G0 X97.320866 Y34.22164 Z18.32
G0 X97.061074 Y34.045085 Z18.3
G0 X96.81288 Y33.852566 Z18.28
G0 X96.577264 Y33.644843 Z18.26
G0 X96.355157 Y33.422736 Z18.24
G0 X96.147434 Y33.18712 Z18.22
G0 X95.954915 Y32.938926 Z18.2
G0 X95.77836 Y32.679134 Z18.18
G0 X95.618467 Y32.408768 Z18.16
G0 X95.475865 Y32.128896 Z18.14
G0 X95.351118 Y31.840623 Z18.12
G0 X95.244717 Y31.545085 Z18.1
G0 X95.157084 Y31.243449 Z18.08
G0 X95.088564 Y30.936907 Z18.06
G0 X95.039426 Y30.626666 Z18.04
G0 X95.009866 Y30.313953 Z18.02
G0 X95 Y30 Z18
G0 X95.009866 Y29.686047 Z17.98
G0 X95.039426 Y29.373334 Z17.96
G0 X95.088564 Y29.063093 Z17.94
G0 X95.157084 Y28.756551 Z17.92
G0 X95.244717 Y28.454915 Z17.9
G0 X95.351118 Y28.159377 Z17.88
G0 X95.475865 Y27.871104 Z17.86
G0 X95.618467 Y27.591232 Z17.84
G0 X95.77836 Y27.320866 Z17.82
G0 X95.954915 Y27.061074 Z17.8
G0 X96.147434 Y26.81288 Z17.78
G0 X96.355157 Y26.577264 Z17.76
G0 X96.577264 Y26.355157 Z17.74
G0 X96.81288 Y26.147434 Z17.72
G0 X97.061074 Y25.954915 Z17.7
G0 X97.320866 Y25.77836 Z17.68
G0 X97.591232 Y25.618467 Z17.66
G0 X97.871104 Y25.475865 Z17.64
G0 X98.159377 Y25.351118 Z17.62
G0 X98.454915 Y25.244717 Z17.6
G0 X98.756551 Y25.157084 Z17.58
G0 X99.063093 Y25.088564 Z17.56
G0 X99.373334 Y25.039426 Z17.54
G0 X99.686047 Y25.009866 Z17.52
G0 X100 Y25 Z17.5
G0 X100.313953 Y25.009866 Z17.48
G0 X100.626666 Y25.039426 Z17.46
G0 X100.936907 Y25.088564 Z17.44
G0 X101.243449 Y25.157084 Z17.42
G0 X101.545085 Y25.244717 Z17.4
G0 X101.840623 Y25.351118 Z17.38
G0 X102.128896 Y25.475865 Z17.36
G0 X102.408768 Y25.618467 Z17.34
G0 X102.679134 Y25.77836 Z17.32
G0 X102.938926 Y25.954915 Z17.3
G0 X103.18712 Y26.147434 Z17.28
G0 X103.422736 Y26.355157 Z17.26
G0 X103.644843 Y26.577264 Z17.24
G0 X103.852566 Y26.81288 Z17.22
G0 X104.045085 Y27.061074 Z17.2
G0 X104.22164 Y27.320866 Z17.18
G0 X104.381533 Y27.591232 Z17.16
G0 X104.524135 Y27.871104 Z17.14
G0 X104.648882 Y28.159377 Z17.12
G0 X104.755283 Y28.454915 Z17.1
G0 X104.842916 Y28.756551 Z17.08
G0 X104.911436 Y29.063093 Z17.06
G0 X104.960574 Y29.373334 Z17.04
G0 X104.990134 Y29.686047 Z17.02
G0 X105 Y30 Z17
G0 X104.990134 Y30.313953 Z16.98
G0 X104.960574 Y30.626666 Z16.96
G0 X104.911436 Y30.936907 Z16.94
G0 X104.842916 Y31.243449 Z16.92
G0 X104.755283 Y31.545085 Z16.9
G0 X104.648882 Y31.840623 Z16.88
G0 X104.524135 Y32.128896 Z16.86
G0 X104.381533 Y32.408768 Z16.84
G0 X104.22164 Y32.679134 Z16.82
G0 X104.045085 Y32.938926 Z16.8
G0 X103.852566 Y33.18712 Z16.78
G0 X103.644843 Y33.422736 Z16.76
G0 X103.422736 Y33.644843 Z16.74
G0 X103.18712 Y33.852566 Z16.72
G0 X102.938926 Y34.045085 Z16.7
G0 X102.679134 Y34.22164 Z16.68
G0 X102.408768 Y34.381533 Z16.66
G0 X102.128896 Y34.524135 Z16.64
G0 X101.840623 Y34.648882 Z16.62
G0 X101.545085 Y34.755283 Z16.6
G0 X101.243449 Y34.842916 Z16.58
G0 X100.936907 Y34.911436 Z16.56
G0 X100.626666 Y34.960574 Z16.54
G0 X100.313953 Y34.990134 Z16.52
G0 X100 Y35 Z16.5
G0 X99.686047 Y34.990134 Z16.48
G0 X99.373334 Y34.960574 Z16.46
G0 X99.063093 Y34.911436 Z16.44
G0 X98.756551 Y34.842916 Z16.42
G0 X98.454915 Y34.755283 Z16.4
G0 X98.159377 Y34.648882 Z16.38
G0 X97.871104 Y34.524135 Z16.36
G0 X97.591232 Y34.381533 Z16.34
G0 X97.320866 Y34.22164 Z16.32
G0 X97.061074 Y34.045085 Z16.3
G0 X96.81288 Y33.852566 Z16.28
G0 X96.577264 Y33.644843 Z16.26
G0 X96.355157 Y33.422736 Z16.24
G0 X96.147434 Y33.18712 Z16.22
G0 X95.954915 Y32.938926 Z16.2
G0 X95.77836 Y32.679134 Z16.18
G0 X95.618467 Y32.408768 Z16.16
G0 X95.475865 Y32.128896 Z16.14
G0 X95.351118 Y31.840623 Z16.12
G0 X95.244717 Y31.545085 Z16.1
G0 X95.157084 Y31.243449 Z16.08
G0 X95.088564 Y30.936907 Z16.06
G0 X95.039426 Y30.626666 Z16.04
G0 X95.009866 Y30.313953 Z16.02
G0 X95 Y30 Z16
G0 X93 Y30 Z16
G0 X93.013813 Y29.560466 Z16.02
G0 X93.055197 Y29.122667 Z16.04
G0 X93.123989 Y28.688331 Z16.06
G0 X93.219918 Y28.259171 Z16.08
G0 X93.342604 Y27.836881 Z16.1
G0 X93.491565 Y27.423128 Z16.12
G0 X93.666211 Y27.019545 Z16.14
G0 X93.865853 Y26.627724 Z16.16
G0 X94.089705 Y26.249212 Z16.18
G0 X94.336881 Y25.885503 Z16.2
G0 X94.606407 Y25.538032 Z16.22
G0 X94.89722 Y25.20817 Z16.24
G0 X95.20817 Y24.89722 Z16.26
G0 X95.538032 Y24.606407 Z16.28
G0 X95.885503 Y24.336881 Z16.3
G0 X96.249212 Y24.089705 Z16.32
G0 X96.627724 Y23.865853 Z16.34
G0 X97.019545 Y23.666211 Z16.36
G0 X97.423128 Y23.491565 Z16.38
G0 X97.836881 Y23.342604 Z16.4
G0 X98.259171 Y23.219918 Z16.42
G0 X98.688331 Y23.123989 Z16.44
G0 X99.122667 Y23.055197 Z16.46
G0 X99.560466 Y23.013813 Z16.48
G0 X100 Y23 Z16.5
G0 X100.439534 Y23.013813 Z16.52
G0 X100.877333 Y23.055197 Z16.54
G0 X101.311669 Y23.123989 Z16.56
G0 X101.740829 Y23.219918 Z16.58
G0 X102.163119 Y23.342604 Z16.6
G0 X102.576872 Y23.491565 Z16.62
G0 X102.980455 Y23.666211 Z16.64
G0 X103.372276 Y23.865853 Z16.66
G0 X103.750788 Y24.089705 Z16.68
G0 X104.114497 Y24.336881 Z16.7
G0 X104.461968 Y24.606407 Z16.72
G0 X104.79183 Y24.89722 Z16.74
G0 X105.10278 Y25.20817 Z16.76
G0 X105.393593 Y25.538032 Z16.78
G0 X105.663119 Y25.885503 Z16.8
G0 X105.910295 Y26.249212 Z16.82
G0 X106.134147 Y26.627724 Z16.84
G0 X106.333789 Y27.019545 Z16.86
G0 X106.508435 Y27.423128 Z16.88
G0 X106.657396 Y27.836881 Z16.9
G0 X106.780082 Y28.259171 Z16.92
G0 X106.876011 Y28.688331 Z16.94
G0 X106.944803 Y29.122667 Z16.96
G0 X106.986187 Y29.560466 Z16.98
G0 X107 Y30 Z17
G0 X106.986187 Y30.439534 Z17.02
G0 X106.944803 Y30.877333 Z17.04
G0 X106.876011 Y31.311669 Z17.06
G0 X106.780082 Y31.740829 Z17.08
G0 X106.657396 Y32.163119 Z17.1
G0 X106.508435 Y32.576872 Z17.12
G0 X106.333789 Y32.980455 Z17.14
G0 X106.134147 Y33.372276 Z17.16
G0 X105.910295 Y33.750788 Z17.18
G0 X105.663119 Y34.114497 Z17.2
G0 X105.393593 Y34.461968 Z17.22
G0 X105.10278 Y34.79183 Z17.24
G0 X104.79183 Y35.10278 Z17.26
G0 X104.461968 Y35.393593 Z17.28
G0 X104.114497 Y35.663119 Z17.3
G0 X103.750788 Y35.910295 Z17.32
G0 X103.372276 Y36.134147 Z17.34
G0 X102.980455 Y36.333789 Z17.36
G0 X102.576872 Y36.508435 Z17.38
G0 X102.163119 Y36.657396 Z17.4
G0 X101.740829 Y36.780082 Z17.42
G0 X101.311669 Y36.876011 Z17.44
G0 X100.877333 Y36.944803 Z17.46
G0 X100.439534 Y36.986187 Z17.48
G0 X100 Y37 Z17.5
G0 X99.560466 Y36.986187 Z17.52
G0 X99.122667 Y36.944803 Z17.54
G0 X98.688331 Y36.876011 Z17.56
G0 X98.259171 Y36.780082 Z17.58
G0 X97.836881 Y36.657396 Z17.6
G0 X97.423128 Y36.508435 Z17.62
G0 X97.019545 Y36.333789 Z17.64
G0 X96.627724 Y36.134147 Z17.66
G0 X96.249212 Y35.910295 Z17.68
G0 X95.885503 Y35.663119 Z17.7
G0 X95.538032 Y35.393593 Z17.72
G0 X95.20817 Y35.10278 Z17.74
G0 X94.89722 Y34.79183 Z17.76
G0 X94.606407 Y34.461968 Z17.78
G0 X94.336881 Y34.114497 Z17.8
G0 X94.089705 Y33.750788 Z17.82
G0 X93.865853 Y33.372276 Z17.84
G0 X93.666211 Y32.980455 Z17.86
G0 X93.491565 Y32.576872 Z17.88
G0 X93.342604 Y32.163119 Z17.9
G0 X93.219918 Y31.740829 Z17.92
G0 X93.123989 Y31.311669 Z17.94
G0 X93.055197 Y30.877333 Z17.96
G0 X93.013813 Y30.439534 Z17.98
G0 X93 Y30 Z18
G0 X93.013813 Y29.560466 Z18.02
G0 X93.055197 Y29.122667 Z18.04
G0 X93.123989 Y28.688331 Z18.06
G0 X93.219918 Y28.259171 Z18.08
G0 X93.342604 Y27.836881 Z18.1
G0 X93.491565 Y27.423128 Z18.12
G0 X93.666211 Y27.019545 Z18.14
G0 X93.865853 Y26.627724 Z18.16
G0 X94.089705 Y26.249212 Z18.18
G0 X94.336881 Y25.885503 Z18.2
G0 X94.606407 Y25.538032 Z18.22
G0 X94.89722 Y25.20817 Z18.24
G0 X95.20817 Y24.89722 Z18.26
G0 X95.538032 Y24.606407 Z18.28
G0 X95.885503 Y24.336881 Z18.3
G0 X96.249212 Y24.089705 Z18.32
G0 X96.627724 Y23.865853 Z18.34
G0 X97.019545 Y23.666211 Z18.36
G0 X97.423128 Y23.491565 Z18.38
G0 X97.836881 Y23.342604 Z18.4
G0 X98.259171 Y23.219918 Z18.42
G0 X98.688331 Y23.123989 Z18.44
G0 X99.122667 Y23.055197 Z18.46
G0 X99.560466 Y23.013813 Z18.48
G0 X100 Y23 Z18.5
G0 X100.439534 Y23.013813 Z18.52
G0 X100.877333 Y23.055197 Z18.54
G0 X101.311669 Y23.123989 Z18.56
G0 X101.740829 Y23.219918 Z18.58
G0 X102.163119 Y23.342604 Z18.6
G0 X102.576872 Y23.491565 Z18.62
G0 X102.980455 Y23.666211 Z18.64
G0 X103.372276 Y23.865853 Z18.66
G0 X103.750788 Y24.089705 Z18.68
G0 X104.114497 Y24.336881 Z18.7
G0 X104.461968 Y24.606407 Z18.72
G0 X104.79183 Y24.89722 Z18.74
G0 X105.10278 Y25.20817 Z18.76
G0 X105.393593 Y25.538032 Z18.78
G0 X105.663119 Y25.885503 Z18.8
G0 X105.910295 Y26.249212 Z18.82
G0 X106.134147 Y26.627724 Z18.84
G0 X106.333789 Y27.019545 Z18.86
G0 X106.508435 Y27.423128 Z18.88
G0 X106.657396 Y27.836881 Z18.9
G0 X106.780082 Y28.259171 Z18.92
G0 X106.876011 Y28.688331 Z18.94
G0 X106.944803 Y29.122667 Z18.96
G0 X106.986187 Y29.560466 Z18.98
G0 X107 Y30 Z19
G0 X106.986187 Y30.439534 Z19.02
G0 X106.944803 Y30.877333 Z19.04
G0 X106.876011 Y31.311669 Z19.06
G0 X106.780082 Y31.740829 Z19.08
G0 X106.657396 Y32.163119 Z19.1
G0 X106.508435 Y32.576872 Z19.12
G0 X106.333789 Y32.980455 Z19.14
G0 X106.134147 Y33.372276 Z19.16
G0 X105.910295 Y33.750788 Z19.18
G0 X105.663119 Y34.114497 Z19.2
G0 X105.393593 Y34.461968 Z19.22
G0 X105.10278 Y34.79183 Z19.24
G0 X104.79183 Y35.10278 Z19.26
G0 X104.461968 Y35.393593 Z19.28
G0 X104.114497 Y35.663119 Z19.3
G0 X103.750788 Y35.910295 Z19.32
G0 X103.372276 Y36.134147 Z19.34
G0 X102.980455 Y36.333789 Z19.36
G0 X102.576872 Y36.508435 Z19.38
G0 X102.163119 Y36.657396 Z19.4
G0 X101.740829 Y36.780082 Z19.42
G0 X101.311669 Y36.876011 Z19.44
G0 X100.877333 Y36.944803 Z19.46
G0 X100.439534 Y36.986187 Z19.48
G0 X100 Y37 Z19.5
G0 X99.560466 Y36.986187 Z19.52
G0 X99.122667 Y36.944803 Z19.54
G0 X98.688331 Y36.876011 Z19.56
G0 X98.259171 Y36.780082 Z19.58
G0 X97.836881 Y36.657396 Z19.6
G0 X97.423128 Y36.508435 Z19.62
G0 X97.019545 Y36.333789 Z19.64
G0 X96.627724 Y36.134147 Z19.66
G0 X96.249212 Y35.910295 Z19.68
G0 X95.885503 Y35.663119 Z19.7
G0 X95.538032 Y35.393593 Z19.72
G0 X95.20817 Y35.10278 Z19.74
G0 X94.89722 Y34.79183 Z19.76
G0 X94.606407 Y34.461968 Z19.78
G0 X94.336881 Y34.114497 Z19.8
G0 X94.089705 Y33.750788 Z19.82
G0 X93.865853 Y33.372276 Z19.84
G0 X93.666211 Y32.980455 Z19.86
G0 X93.491565 Y32.576872 Z19.88
G0 X93.342604 Y32.163119 Z19.9
G0 X93.219918 Y31.740829 Z19.92
G0 X93.123989 Y31.311669 Z19.94
G0 X93.055197 Y30.877333 Z19.96
G0 X93.013813 Y30.439534 Z19.98
G0 X93 Y30 Z20
G0 X100 Y63 Z16
G0 X99.811628 Y62.99408 Z16.02
G0 X99.624 Y62.976344 Z16.04
G0 X99.437856 Y62.946862 Z16.06
G0 X99.25393 Y62.905749 Z16.08
G0 X99.072949 Y62.85317 Z16.1
G0 X98.895626 Y62.789329 Z16.12
G0 X98.722662 Y62.714481 Z16.14
G0 X98.554739 Y62.62892 Z16.16
G0 X98.39252 Y62.532984 Z16.18
G0 X98.236644 Y62.427051 Z16.2
G0 X98.087728 Y62.31154 Z16.22
G0 X97.946359 Y62.186906 Z16.24
G0 X97.813094 Y62.053641 Z16.26
G0 X97.68846 Y61.912272 Z16.28
G0 X97.572949 Y61.763356 Z16.3
G0 X97.467016 Y61.60748 Z16.32
G0 X97.37108 Y61.445261 Z16.34
G0 X97.285519 Y61.277338 Z16.36
G0 X97.210671 Y61.104374 Z16.38
G0 X97.14683 Y60.927051 Z16.4
G0 X97.094251 Y60.74607 Z16.42
G0 X97.053138 Y60.562144 Z16.44
G0 X97.023656 Y60.376 Z16.46
G0 X97.00592 Y60.188372 Z16.48
G0 X97 Y60 Z16.5
G0 X97.00592 Y59.811628 Z16.52
G0 X97.023656 Y59.624 Z16.54
G0 X97.053138 Y59.437856 Z16.56
G0 X97.094251 Y59.25393 Z16.58
G0 X97.14683 Y59.072949 Z16.6
G0 X97.210671 Y58.895626 Z16.62
G0 X97.285519 Y58.722662 Z16.64
G0 X97.37108 Y58.554739 Z16.66
G0 X97.467016 Y58.39252 Z16.68
G0 X97.572949 Y58.236644 Z16.7
G0 X97.68846 Y58.087728 Z16.72
G0 X97.813094 Y57.946359 Z16.74
G0 X97.946359 Y57.813094 Z16.76
G0 X98.087728 Y57.68846 Z16.78
G0 X98.236644 Y57.572949 Z16.8
G0 X98.39252 Y57.467016 Z16.82
G0 X98.554739 Y57.37108 Z16.84
G0 X98.722662 Y57.285519 Z16.86
G0 X98.895626 Y57.210671 Z16.88
G0 X99.072949 Y57.14683 Z16.9
G0 X99.25393 Y57.094251 Z16.92
G0 X99.437856 Y57.053138 Z16.94
G0 X99.624 Y57.023656 Z16.96
G0 X99.811628 Y57.00592 Z16.98
G0 X100 Y57 Z17
G0 X100.188372 Y57.00592 Z17.02
G0 X100.376 Y57.023656 Z17.04
G0 X100.562144 Y57.053138 Z17.06
G0 X100.74607 Y57.094251 Z17.08
G0 X100.927051 Y57.14683 Z17.1
G0 X101.104374 Y57.210671 Z17.12
G0 X101.277338 Y57.285519 Z17.14
G0 X101.445261 Y57.37108 Z17.16
G0 X101.60748 Y57.467016 Z17.18
G0 X101.763356 Y57.572949 Z17.2
G0 X101.912272 Y57.68846 Z17.22
G0 X102.053641 Y57.813094 Z17.24
G0 X102.186906 Y57.946359 Z17.26
G0 X102.31154 Y58.087728 Z17.28
G0 X102.427051 Y58.236644 Z17.3
G0 X102.532984 Y58.39252 Z17.32
G0 X102.62892 Y58.554739 Z17.34
G0 X102.714481 Y58.722662 Z17.36
G0 X102.789329 Y58.895626 Z17.38
G0 X102.85317 Y59.072949 Z17.4
G0 X102.905749 Y59.25393 Z17.42
G0 X102.946862 Y59.437856 Z17.44
G0 X102.976344 Y59.624 Z17.46
G0 X102.99408 Y59.811628 Z17.48
G0 X103 Y60 Z17.5
G0 X102.99408 Y60.188372 Z17.52
G0 X102.976344 Y60.376 Z17.54
G0 X102.946862 Y60.562144 Z17.56
G0 X102.905749 Y60.74607 Z17.58
G0 X102.85317 Y60.927051 Z17.6
G0 X102.789329 Y61.104374 Z17.62
G0 X102.714481 Y61.277338 Z17.64
G0 X102.62892 Y61.445261 Z17.66
G0 X102.532984 Y61.60748 Z17.68
G0 X102.427051 Y61.763356 Z17.7
G0 X102.31154 Y61.912272 Z17.72
G0 X102.186906 Y62.053641 Z17.74
G0 X102.053641 Y62.186906 Z17.76
G0 X101.912272 Y62.31154 Z17.78
G0 X101.763356 Y62.427051 Z17.8
G0 X101.60748 Y62.532984 Z17.82
G0 X101.445261 Y62.62892 Z17.84
G0 X101.277338 Y62.714481 Z17.86
G0 X101.104374 Y62.789329 Z17.88
G0 X100.927051 Y62.85317 Z17.9
G0 X100.74607 Y62.905749 Z17.92
G0 X100.562144 Y62.946862 Z17.94
G0 X100.376 Y62.976344 Z17.96
G0 X100.188372 Y62.99408 Z17.98
G0 X100 Y63 Z18
G0 X99.811628 Y62.99408 Z18.02
G0 X99.624 Y62.976344 Z18.04
G0 X99.437856 Y62.946862 Z18.06
G0 X99.25393 Y62.905749 Z18.08
G0 X99.072949 Y62.85317 Z18.1
G0 X98.895626 Y62.789329 Z18.12
G0 X98.722662 Y62.714481 Z18.14
G0 X98.554739 Y62.62892 Z18.16
G0 X98.39252 Y62.532984 Z18.18
G0 X98.236644 Y62.427051 Z18.2
G0 X98.087728 Y62.31154 Z18.22
G0 X97.946359 Y62.186906 Z18.24
G0 X97.813094 Y62.053641 Z18.26
G0 X97.68846 Y61.912272 Z18.28
G0 X97.572949 Y61.763356 Z18.3
G0 X97.467016 Y61.60748 Z18.32
G0 X97.37108 Y61.445261 Z18.34
G0 X97.285519 Y61.277338 Z18.36
G0 X97.210671 Y61.104374 Z18.38
G0 X97.14683 Y60.927051 Z18.4
G0 X97.094251 Y60.74607 Z18.42
G0 X97.053138 Y60.562144 Z18.44
G0 X97.023656 Y60.376 Z18.46
G0 X97.00592 Y60.188372 Z18.48
G0 X97 Y60 Z18.5
G0 X97.00592 Y59.811628 Z18.52
G0 X97.023656 Y59.624 Z18.54
G0 X97.053138 Y59.437856 Z18.56
G0 X97.094251 Y59.25393 Z18.58
G0 X97.14683 Y59.072949 Z18.6
G0 X97.210671 Y58.895626 Z18.62
G0 X97.285519 Y58.722662 Z18.64
G0 X97.37108 Y58.554739 Z18.66
G0 X97.467016 Y58.39252 Z18.68
G0 X97.572949 Y58.236644 Z18.7
G0 X97.68846 Y58.087728 Z18.72
G0 X97.813094 Y57.946359 Z18.74
G0 X97.946359 Y57.813094 Z18.76
G0 X98.087728 Y57.68846 Z18.78
G0 X98.236644 Y57.572949 Z18.8
G0 X98.39252 Y57.467016 Z18.82
G0 X98.554739 Y57.37108 Z18.84
G0 X98.722662 Y57.285519 Z18.86
G0 X98.895626 Y57.210671 Z18.88
G0 X99.072949 Y57.14683 Z18.9
G0 X99.25393 Y57.094251 Z18.92
G0 X99.437856 Y57.053138 Z18.94
G0 X99.624 Y57.023656 Z18.96
G0 X99.811628 Y57.00592 Z18.98
G0 X100 Y57 Z19
G0 X100.188372 Y57.00592 Z19.02
G0 X100.376 Y57.023656 Z19.04
G0 X100.562144 Y57.053138 Z19.06
G0 X100.74607 Y57.094251 Z19.08
G0 X100.927051 Y57.14683 Z19.1
G0 X101.104374 Y57.210671 Z19.12
G0 X101.277338 Y57.285519 Z19.14
G0 X101.445261 Y57.37108 Z19.16
G0 X101.60748 Y57.467016 Z19.18
G0 X101.763356 Y57.572949 Z19.2
G0 X101.912272 Y57.68846 Z19.22
G0 X102.053641 Y57.813094 Z19.24
G0 X102.186906 Y57.946359 Z19.26
G0 X102.31154 Y58.087728 Z19.28
G0 X102.427051 Y58.236644 Z19.3
G0 X102.532984 Y58.39252 Z19.32
G0 X102.62892 Y58.554739 Z19.34
G0 X102.714481 Y58.722662 Z19.36
G0 X102.789329 Y58.895626 Z19.38
G0 X102.85317 Y59.072949 Z19.4
G0 X102.905749 Y59.25393 Z19.42
G0 X102.946862 Y59.437856 Z19.44
G0 X102.976344 Y59.624 Z19.46
G0 X102.99408 Y59.811628 Z19.48
G0 X103 Y60 Z19.5
G0 X102.99408 Y60.188372 Z19.52
G0 X102.976344 Y60.376 Z19.54
G0 X102.946862 Y60.562144 Z19.56
G0 X102.905749 Y60.74607 Z19.58
G0 X102.85317 Y60.927051 Z19.6
G0 X102.789329 Y61.104374 Z19.62
G0 X102.714481 Y61.277338 Z19.64
G0 X102.62892 Y61.445261 Z19.66
G0 X102.532984 Y61.60748 Z19.68
G0 X102.427051 Y61.763356 Z19.7
G0 X102.31154 Y61.912272 Z19.72
G0 X102.186906 Y62.053641 Z19.74
G0 X102.053641 Y62.186906 Z19.76
G0 X101.912272 Y62.31154 Z19.78
G0 X101.763356 Y62.427051 Z19.8
G0 X101.60748 Y62.532984 Z19.82
G0 X101.445261 Y62.62892 Z19.84
G0 X101.277338 Y62.714481 Z19.86
G0 X101.104374 Y62.789329 Z19.88
G0 X100.927051 Y62.85317 Z19.9
G0 X100.74607 Y62.905749 Z19.92
G0 X100.562144 Y62.946862 Z19.94
G0 X100.376 Y62.976344 Z19.96
G0 X100.188372 Y62.99408 Z19.98
G0 X100 Y63 Z20
G0 Y65 Z20
G0 X99.686047 Y64.990134 Z19.98
G0 X99.373334 Y64.960574 Z19.96
G0 X99.063093 Y64.911436 Z19.94
G0 X98.756551 Y64.842916 Z19.92
G0 X98.454915 Y64.755283 Z19.9
G0 X98.159377 Y64.648882 Z19.88
G0 X97.871104 Y64.524135 Z19.86
G0 X97.591232 Y64.381533 Z19.84
G0 X97.320866 Y64.22164 Z19.82
G0 X97.061074 Y64.045085 Z19.8
G0 X96.81288 Y63.852566 Z19.78
G0 X96.577264 Y63.644843 Z19.76
G0 X96.355157 Y63.422736 Z19.74
G0 X96.147434 Y63.18712 Z19.72
G0 X95.954915 Y62.938926 Z19.7
G0 X95.77836 Y62.679134 Z19.68
G0 X95.618467 Y62.408768 Z19.66
G0 X95.475865 Y62.128896 Z19.64
G0 X95.351118 Y61.840623 Z19.62
G0 X95.244717 Y61.545085 Z19.6
G0 X95.157084 Y61.243449 Z19.58
G0 X95.088564 Y60.936907 Z19.56
G0 X95.039426 Y60.626666 Z19.54
G0 X95.009866 Y60.313953 Z19.52
G0 X95 Y60 Z19.5
G0 X95.009866 Y59.686047 Z19.48
G0 X95.039426 Y59.373334 Z19.46
G0 X95.088564 Y59.063093 Z19.44
G0 X95.157084 Y58.756551 Z19.42
G0 X95.244717 Y58.454915 Z19.4
G0 X95.351118 Y58.159377 Z19.38
G0 X95.475865 Y57.871104 Z19.36
G0 X95.618467 Y57.591232 Z19.34
G0 X95.77836 Y57.320866 Z19.32
G0 X95.954915 Y57.061074 Z19.3
G0 X96.147434 Y56.81288 Z19.28
G0 X96.355157 Y56.577264 Z19.26
G0 X96.577264 Y56.355157 Z19.24
G0 X96.81288 Y56.147434 Z19.22
G0 X97.061074 Y55.954915 Z19.2
G0 X97.320866 Y55.77836 Z19.18
G0 X97.591232 Y55.618467 Z19.16
G0 X97.871104 Y55.475865 Z19.14
G0 X98.159377 Y55.351118 Z19.12
G0 X98.454915 Y55.244717 Z19.1
G0 X98.756551 Y55.157084 Z19.08
G0 X99.063093 Y55.088564 Z19.06
G0 X99.373334 Y55.039426 Z19.04
G0 X99.686047 Y55.009866 Z19.02
G0 X100 Y55 Z19
G0 X100.313953 Y55.009866 Z18.98
G0 X100.626666 Y55.039426 Z18.96
G0 X100.936907 Y55.088564 Z18.94
G0 X101.243449 Y55.157084 Z18.92
G0 X101.545085 Y55.244717 Z18.9
G0 X101.840623 Y55.351118 Z18.88
G0 X102.128896 Y55.475865 Z18.86
G0 X102.408768 Y55.618467 Z18.84
G0 X102.679134 Y55.77836 Z18.82
G0 X102.938926 Y55.954915 Z18.8
G0 X103.18712 Y56.147434 Z18.78
G0 X103.422736 Y56.355157 Z18.76
G0 X103.644843 Y56.577264 Z18.74
G0 X103.852566 Y56.81288 Z18.72
G0 X104.045085 Y57.061074 Z18.7
G0 X104.22164 Y57.320866 Z18.68
G0 X104.381533 Y57.591232 Z18.66
G0 X104.524135 Y57.871104 Z18.64
G0 X104.648882 Y58.159377 Z18.62
G0 X104.755283 Y58.454915 Z18.6
G0 X104.842916 Y58.756551 Z18.58
G0 X104.911436 Y59.063093 Z18.56
G0 X104.960574 Y59.373334 Z18.54
G0 X104.990134 Y59.686047 Z18.52
G0 X105 Y60 Z18.5
G0 X104.990134 Y60.313953 Z18.48
G0 X104.960574 Y60.626666 Z18.46
G0 X104.911436 Y60.936907 Z18.44
G0 X104.842916 Y61.243449 Z18.42
G0 X104.755283 Y61.545085 Z18.4
G0 X104.648882 Y61.840623 Z18.38
G0 X104.524135 Y62.128896 Z18.36
G0 X104.381533 Y62.408768 Z18.34
G0 X104.22164 Y62.679134 Z18.32
G0 X104.045085 Y62.938926 Z18.3
G0 X103.852566 Y63.18712 Z18.28
G0 X103.644843 Y63.422736 Z18.26
G0 X103.422736 Y63.644843 Z18.24
G0 X103.18712 Y63.852566 Z18.22
G0 X102.938926 Y64.045085 Z18.2
G0 X102.679134 Y64.22164 Z18.18
G0 X102.408768 Y64.381533 Z18.16
G0 X102.128896 Y64.524135 Z18.14
G0 X101.840623 Y64.648882 Z18.12
G0 X101.545085 Y64.755283 Z18.1
G0 X101.243449 Y64.842916 Z18.08
G0 X100.936907 Y64.911436 Z18.06
G0 X100.626666 Y64.960574 Z18.04
G0 X100.313953 Y64.990134 Z18.02
G0 X100 Y65 Z18
G0 X99.686047 Y64.990134 Z17.98
G0 X99.373334 Y64.960574 Z17.96
G0 X99.063093 Y64.911436 Z17.94
G0 X98.756551 Y64.842916 Z17.92
G0 X98.454915 Y64.755283 Z17.9
G0 X98.159377 Y64.648882 Z17.88
G0 X97.871104 Y64.524135 Z17.86
G0 X97.591232 Y64.381533 Z17.84
G0 X97.320866 Y64.22164 Z17.82
G0 X97.061074 Y64.045085 Z17.8
G0 X96.81288 Y63.852566 Z17.78
G0 X96.577264 Y63.644843 Z17.76
G0 X96.355157 Y63.422736 Z17.74
G0 X96.147434 Y63.18712 Z17.72
G0 X95.954915 Y62.938926 Z17.7
G0 X95.77836 Y62.679134 Z17.68
G0 X95.618467 Y62.408768 Z17.66
G0 X95.475865 Y62.128896 Z17.64
G0 X95.351118 Y61.840623 Z17.62
G0 X95.244717 Y61.545085 Z17.6
G0 X95.157084 Y61.243449 Z17.58
G0 X95.088564 Y60.936907 Z17.56
G0 X95.039426 Y60.626666 Z17.54
G0 X95.009866 Y60.313953 Z17.52
G0 X95 Y60 Z17.5
G0 X95.009866 Y59.686047 Z17.48
G0 X95.039426 Y59.373334 Z17.46
G0 X95.088564 Y59.063093 Z17.44
G0 X95.157084 Y58.756551 Z17.42
G0 X95.244717 Y58.454915 Z17.4
G0 X95.351118 Y58.159377 Z17.38
G0 X95.475865 Y57.871104 Z17.36
G0 X95.618467 Y57.591232 Z17.34
G0 X95.77836 Y57.320866 Z17.32
G0 X95.954915 Y57.061074 Z17.3
G0 X96.147434 Y56.81288 Z17.28
G0 X96.355157 Y56.577264 Z17.26
G0 X96.577264 Y56.355157 Z17.24
G0 X96.81288 Y56.147434 Z17.22
G0 X97.061074 Y55.954915 Z17.2
G0 X97.320866 Y55.77836 Z17.18
G0 X97.591232 Y55.618467 Z17.16
G0 X97.871104 Y55.475865 Z17.14
G0 X98.159377 Y55.351118 Z17.12
G0 X98.454915 Y55.244717 Z17.1
G0 X98.756551 Y55.157084 Z17.08
G0 X99.063093 Y55.088564 Z17.06
G0 X99.373334 Y55.039426 Z17.04
G0 X99.686047 Y55.009866 Z17.02
G0 X100 Y55 Z17
G0 X100.313953 Y55.009866 Z16.98
G0 X100.626666 Y55.039426 Z16.96
G0 X100.936907 Y55.088564 Z16.94
G0 X101.243449 Y55.157084 Z16.92
G0 X101.545085 Y55.244717 Z16.9
G0 X101.840623 Y55.351118 Z16.88
G0 X102.128896 Y55.475865 Z16.86
G0 X102.408768 Y55.618467 Z16.84
G0 X102.679134 Y55.77836 Z16.82
G0 X102.938926 Y55.954915 Z16.8
G0 X103.18712 Y56.147434 Z16.78
G0 X103.422736 Y56.355157 Z16.76
G0 X103.644843 Y56.577264 Z16.74
G0 X103.852566 Y56.81288 Z16.72
G0 X104.045085 Y57.061074 Z16.7
G0 X104.22164 Y57.320866 Z16.68
G0 X104.381533 Y57.591232 Z16.66
G0 X104.524135 Y57.871104 Z16.64
G0 X104.648882 Y58.159377 Z16.62
G0 X104.755283 Y58.454915 Z16.6
G0 X104.842916 Y58.756551 Z16.58
G0 X104.911436 Y59.063093 Z16.56
G0 X104.960574 Y59.373334 Z16.54
G0 X104.990134 Y59.686047 Z16.52
G0 X105 Y60 Z16.5
G0 X104.990134 Y60.313953 Z16.48
G0 X104.960574 Y60.626666 Z16.46
G0 X104.911436 Y60.936907 Z16.44
G0 X104.842916 Y61.243449 Z16.42
G0 X104.755283 Y61.545085 Z16.4
G0 X104.648882 Y61.840623 Z16.38
G0 X104.524135 Y62.128896 Z16.36
G0 X104.381533 Y62.408768 Z16.34
G0 X104.22164 Y62.679134 Z16.32
G0 X104.045085 Y62.938926 Z16.3
G0 X103.852566 Y63.18712 Z16.28
G0 X103.644843 Y63.422736 Z16.26
G0 X103.422736 Y63.644843 Z16.24
G0 X103.18712 Y63.852566 Z16.22
G0 X102.938926 Y64.045085 Z16.2
G0 X102.679134 Y64.22164 Z16.18
G0 X102.408768 Y64.381533 Z16.16
G0 X102.128896 Y64.524135 Z16.14
G0 X101.840623 Y64.648882 Z16.12
G0 X101.545085 Y64.755283 Z16.1
G0 X101.243449 Y64.842916 Z16.08
G0 X100.936907 Y64.911436 Z16.06
G0 X100.626666 Y64.960574 Z16.04
G0 X100.313953 Y64.990134 Z16.02
G0 X100 Y65 Z16
G0 Y67 Z16
G0 X99.560466 Y66.986187 Z16.02
G0 X99.122667 Y66.944803 Z16.04
G0 X98.688331 Y66.876011 Z16.06
G0 X98.259171 Y66.780082 Z16.08
G0 X97.836881 Y66.657396 Z16.1
G0 X97.423128 Y66.508435 Z16.12
G0 X97.019545 Y66.333789 Z16.14
G0 X96.627724 Y66.134147 Z16.16
G0 X96.249212 Y65.910295 Z16.18
G0 X95.885503 Y65.663119 Z16.2
G0 X95.538032 Y65.393593 Z16.22
G0 X95.20817 Y65.10278 Z16.24
G0 X94.89722 Y64.79183 Z16.26
G0 X94.606407 Y64.461968 Z16.28
G0 X94.336881 Y64.114497 Z16.3
G0 X94.089705 Y63.750788 Z16.32
G0 X93.865853 Y63.372276 Z16.34
G0 X93.666211 Y62.980455 Z16.36
G0 X93.491565 Y62.576872 Z16.38
G0 X93.342604 Y62.163119 Z16.4
G0 X93.219918 Y61.740829 Z16.42
G0 X93.123989 Y61.311669 Z16.44
G0 X93.055197 Y60.877333 Z16.46
G0 X93.013813 Y60.439534 Z16.48
G0 X93 Y60 Z16.5
G0 X93.013813 Y59.560466 Z16.52
G0 X93.055197 Y59.122667 Z16.54
G0 X93.123989 Y58.688331 Z16.56
G0 X93.219918 Y58.259171 Z16.58
G0 X93.342604 Y57.836881 Z16.6
G0 X93.491565 Y57.423128 Z16.62
G0 X93.666211 Y57.019545 Z16.64
G0 X93.865853 Y56.627724 Z16.66
G0 X94.089705 Y56.249212 Z16.68
G0 X94.336881 Y55.885503 Z16.7
G0 X94.606407 Y55.538032 Z16.72
G0 X94.89722 Y55.20817 Z16.74
G0 X95.20817 Y54.89722 Z16.76
G0 X95.538032 Y54.606407 Z16.78
G0 X95.885503 Y54.336881 Z16.8
G0 X96.249212 Y54.089705 Z16.82
G0 X96.627724 Y53.865853 Z16.84
G0 X97.019545 Y53.666211 Z16.86
G0 X97.423128 Y53.491565 Z16.88
G0 X97.836881 Y53.342604 Z16.9
G0 X98.259171 Y53.219918 Z16.92
G0 X98.688331 Y53.123989 Z16.94
G0 X99.122667 Y53.055197 Z16.96
G0 X99.560466 Y53.013813 Z16.98
G0 X100 Y53 Z17
G0 X100.439534 Y53.013813 Z17.02
G0 X100.877333 Y53.055197 Z17.04
G0 X101.311669 Y53.123989 Z17.06
G0 X101.740829 Y53.219918 Z17.08
G0 X102.163119 Y53.342604 Z17.1
G0 X102.576872 Y53.491565 Z17.12
G0 X102.980455 Y53.666211 Z17.14
G0 X103.372276 Y53.865853 Z17.16
G0 X103.750788 Y54.089705 Z17.18
G0 X104.114497 Y54.336881 Z17.2
G0 X104.461968 Y54.606407 Z17.22
G0 X104.79183 Y54.89722 Z17.24
G0 X105.10278 Y55.20817 Z17.26
G0 X105.393593 Y55.538032 Z17.28
G0 X105.663119 Y55.885503 Z17.3
G0 X105.910295 Y56.249212 Z17.32
G0 X106.134147 Y56.627724 Z17.34
G0 X106.333789 Y57.019545 Z17.36
G0 X106.508435 Y57.423128 Z17.38
G0 X106.657396 Y57.836881 Z17.4
G0 X106.780082 Y58.259171 Z17.42
G0 X106.876011 Y58.688331 Z17.44
G0 X106.944803 Y59.122667 Z17.46
G0 X106.986187 Y59.560466 Z17.48
G0 X107 Y60 Z17.5
G0 X106.986187 Y60.439534 Z17.52
G0 X106.944803 Y60.877333 Z17.54
G0 X106.876011 Y61.311669 Z17.56
G0 X106.780082 Y61.740829 Z17.58
G0 X106.657396 Y62.163119 Z17.6
G0 X106.508435 Y62.576872 Z17.62
G0 X106.333789 Y62.980455 Z17.64
G0 X106.134147 Y63.372276 Z17.66
G0 X105.910295 Y63.750788 Z17.68
G0 X105.663119 Y64.114497 Z17.7
G0 X105.393593 Y64.461968 Z17.72
G0 X105.10278 Y64.79183 Z17.74
G0 X104.79183 Y65.10278 Z17.76
G0 X104.461968 Y65.393593 Z17.78
G0 X104.114497 Y65.663119 Z17.8
G0 X103.750788 Y65.910295 Z17.82
G0 X103.372276 Y66.134147 Z17.84
G0 X102.980455 Y66.333789 Z17.86
G0 X102.576872 Y66.508435 Z17.88
G0 X102.163119 Y66.657396 Z17.9
G0 X101.740829 Y66.780082 Z17.92
G0 X101.311669 Y66.876011 Z17.94
G0 X100.877333 Y66.944803 Z17.96
G0 X100.439534 Y66.986187 Z17.98
G0 X100 Y67 Z18
G0 X99.560466 Y66.986187 Z18.02
G0 X99.122667 Y66.944803 Z18.04
G0 X98.688331 Y66.876011 Z18.06
G0 X98.259171 Y66.780082 Z18.08
G0 X97.836881 Y66.657396 Z18.1
G0 X97.423128 Y66.508435 Z18.12
G0 X97.019545 Y66.333789 Z18.14
G0 X96.627724 Y66.134147 Z18.16
G0 X96.249212 Y65.910295 Z18.18
G0 X95.885503 Y65.663119 Z18.2
G0 X95.538032 Y65.393593 Z18.22
G0 X95.20817 Y65.10278 Z18.24
G0 X94.89722 Y64.79183 Z18.26
G0 X94.606407 Y64.461968 Z18.28
G0 X94.336881 Y64.114497 Z18.3
G0 X94.089705 Y63.750788 Z18.32
G0 X93.865853 Y63.372276 Z18.34
G0 X93.666211 Y62.980455 Z18.36
G0 X93.491565 Y62.576872 Z18.38
G0 X93.342604 Y62.163119 Z18.4
G0 X93.219918 Y61.740829 Z18.42
G0 X93.123989 Y61.311669 Z18.44
G0 X93.055197 Y60.877333 Z18.46
G0 X93.013813 Y60.439534 Z18.48
G0 X93 Y60 Z18.5
G0 X93.013813 Y59.560466 Z18.52
G0 X93.055197 Y59.122667 Z18.54
G0 X93.123989 Y58.688331 Z18.56
G0 X93.219918 Y58.259171 Z18.58
G0 X93.342604 Y57.836881 Z18.6
G0 X93.491565 Y57.423128 Z18.62
G0 X93.666211 Y57.019545 Z18.64
G0 X93.865853 Y56.627724 Z18.66
G0 X94.089705 Y56.249212 Z18.68
G0 X94.336881 Y55.885503 Z18.7
G0 X94.606407 Y55.538032 Z18.72
G0 X94.89722 Y55.20817 Z18.74
G0 X95.20817 Y54.89722 Z18.76
G0 X95.538032 Y54.606407 Z18.78
G0 X95.885503 Y54.336881 Z18.8
G0 X96.249212 Y54.089705 Z18.82
G0 X96.627724 Y53.865853 Z18.84
G0 X97.019545 Y53.666211 Z18.86
G0 X97.423128 Y53.491565 Z18.88
G0 X97.836881 Y53.342604 Z18.9
G0 X98.259171 Y53.219918 Z18.92
G0 X98.688331 Y53.123989 Z18.94
G0 X99.122667 Y53.055197 Z18.96
G0 X99.560466 Y53.013813 Z18.98
G0 X100 Y53 Z19
G0 X100.439534 Y53.013813 Z19.02
G0 X100.877333 Y53.055197 Z19.04
G0 X101.311669 Y53.123989 Z19.06
G0 X101.740829 Y53.219918 Z19.08
G0 X102.163119 Y53.342604 Z19.1
G0 X102.576872 Y53.491565 Z19.12
G0 X102.980455 Y53.666211 Z19.14
G0 X103.372276 Y53.865853 Z19.16
G0 X103.750788 Y54.089705 Z19.18
G0 X104.114497 Y54.336881 Z19.2
G0 X104.461968 Y54.606407 Z19.22
G0 X104.79183 Y54.89722 Z19.24
G0 X105.10278 Y55.20817 Z19.26
G0 X105.393593 Y55.538032 Z19.28
G0 X105.663119 Y55.885503 Z19.3
G0 X105.910295 Y56.249212 Z19.32
G0 X106.134147 Y56.627724 Z19.34
G0 X106.333789 Y57.019545 Z19.36
G0 X106.508435 Y57.423128 Z19.38
G0 X106.657396 Y57.836881 Z19.4
G0 X106.780082 Y58.259171 Z19.42
G0 X106.876011 Y58.688331 Z19.44
G0 X106.944803 Y59.122667 Z19.46
G0 X106.986187 Y59.560466 Z19.48
G0 X107 Y60 Z19.5
G0 X106.986187 Y60.439534 Z19.52
G0 X106.944803 Y60.877333 Z19.54
G0 X106.876011 Y61.311669 Z19.56
G0 X106.780082 Y61.740829 Z19.58
G0 X106.657396 Y62.163119 Z19.6
G0 X106.508435 Y62.576872 Z19.62
G0 X106.333789 Y62.980455 Z19.64
G0 X106.134147 Y63.372276 Z19.66
G0 X105.910295 Y63.750788 Z19.68
G0 X105.663119 Y64.114497 Z19.7
G0 X105.393593 Y64.461968 Z19.72
G0 X105.10278 Y64.79183 Z19.74
G0 X104.79183 Y65.10278 Z19.76
G0 X104.461968 Y65.393593 Z19.78
G0 X104.114497 Y65.663119 Z19.8
G0 X103.750788 Y65.910295 Z19.82
G0 X103.372276 Y66.134147 Z19.84
G0 X102.980455 Y66.333789 Z19.86
G0 X102.576872 Y66.508435 Z19.88
G0 X102.163119 Y66.657396 Z19.9
G0 X101.740829 Y66.780082 Z19.92
G0 X101.311669 Y66.876011 Z19.94
G0 X100.877333 Y66.944803 Z19.96
G0 X100.439534 Y66.986187 Z19.98
G0 X100 Y67 Z20
G0 X103 Y90 Z16
G0 X102.99408 Y90.188372 Z16.02
G0 X102.976344 Y90.376 Z16.04
G0 X102.946862 Y90.562144 Z16.06
G0 X102.905749 Y90.74607 Z16.08
G0 X102.85317 Y90.927051 Z16.1
G0 X102.789329 Y91.104374 Z16.12
G0 X102.714481 Y91.277338 Z16.14
G0 X102.62892 Y91.445261 Z16.16
G0 X102.532984 Y91.60748 Z16.18
G0 X102.427051 Y91.763356 Z16.2
G0 X102.31154 Y91.912272 Z16.22
G0 X102.186906 Y92.053641 Z16.24
G0 X102.053641 Y92.186906 Z16.26
G0 X101.912272 Y92.31154 Z16.28
G0 X101.763356 Y92.427051 Z16.3
G0 X101.60748 Y92.532984 Z16.32
G0 X101.445261 Y92.62892 Z16.34
G0 X101.277338 Y92.714481 Z16.36
G0 X101.104374 Y92.789329 Z16.38
G0 X100.927051 Y92.85317 Z16.4
G0 X100.74607 Y92.905749 Z16.42
G0 X100.562144 Y92.946862 Z16.44
G0 X100.376 Y92.976344 Z16.46
G0 X100.188372 Y92.99408 Z16.48
G0 X100 Y93 Z16.5
G0 X99.811628 Y92.99408 Z16.52
G0 X99.624 Y92.976344 Z16.54
G0 X99.437856 Y92.946862 Z16.56
G0 X99.25393 Y92.905749 Z16.58
G0 X99.072949 Y92.85317 Z16.6
G0 X98.895626 Y92.789329 Z16.62
G0 X98.722662 Y92.714481 Z16.64
G0 X98.554739 Y92.62892 Z16.66
G0 X98.39252 Y92.532984 Z16.68
G0 X98.236644 Y92.427051 Z16.7
G0 X98.087728 Y92.31154 Z16.72
G0 X97.946359 Y92.186906 Z16.74
G0 X97.813094 Y92.053641 Z16.76
G0 X97.68846 Y91.912272 Z16.78
G0 X97.572949 Y91.763356 Z16.8
G0 X97.467016 Y91.60748 Z16.82
G0 X97.37108 Y91.445261 Z16.84
G0 X97.285519 Y91.277338 Z16.86
G0 X97.210671 Y91.104374 Z16.88
G0 X97.14683 Y90.927051 Z16.9
G0 X97.094251 Y90.74607 Z16.92
G0 X97.053138 Y90.562144 Z16.94
G0 X97.023656 Y90.376 Z16.96
G0 X97.00592 Y90.188372 Z16.98
G0 X97 Y90 Z17
G0 X97.00592 Y89.811628 Z17.02
G0 X97.023656 Y89.624 Z17.04
G0 X97.053138 Y89.437856 Z17.06
G0 X97.094251 Y89.25393 Z17.08
G0 X97.14683 Y89.072949 Z17.1
G0 X97.210671 Y88.895626 Z17.12
G0 X97.285519 Y88.722662 Z17.14
G0 X97.37108 Y88.554739 Z17.16
G0 X97.467016 Y88.39252 Z17.18
G0 X97.572949 Y88.236644 Z17.2
G0 X97.68846 Y88.087728 Z17.22
G0 X97.813094 Y87.946359 Z17.24
G0 X97.946359 Y87.813094 Z17.26
G0 X98.087728 Y87.68846 Z17.28
G0 X98.236644 Y87.572949 Z17.3
G0 X98.39252 Y87.467016 Z17.32
G0 X98.554739 Y87.37108 Z17.34
G0 X98.722662 Y87.285519 Z17.36
G0 X98.895626 Y87.210671 Z17.38
G0 X99.072949 Y87.14683 Z17.4
G0 X99.25393 Y87.094251 Z17.42
G0 X99.437856 Y87.053138 Z17.44
G0 X99.624 Y87.023656 Z17.46
G0 X99.811628 Y87.00592 Z17.48
G0 X100 Y87 Z17.5
G0 X100.188372 Y87.00592 Z17.52
G0 X100.376 Y87.023656 Z17.54
G0 X100.562144 Y87.053138 Z17.56
G0 X100.74607 Y87.094251 Z17.58
G0 X100.927051 Y87.14683 Z17.6
G0 X101.104374 Y87.210671 Z17.62
G0 X101.277338 Y87.285519 Z17.64
G0 X101.445261 Y87.37108 Z17.66
G0 X101.60748 Y87.467016 Z17.68
G0 X101.763356 Y87.572949 Z17.7
G0 X101.912272 Y87.68846 Z17.72
G0 X102.053641 Y87.813094 Z17.74
G0 X102.186906 Y87.946359 Z17.76
G0 X102.31154 Y88.087728 Z17.78
G0 X102.427051 Y88.236644 Z17.8
G0 X102.532984 Y88.39252 Z17.82
G0 X102.62892 Y88.554739 Z17.84
G0 X102.714481 Y88.722662 Z17.86
G0 X102.789329 Y88.895626 Z17.88
G0 X102.85317 Y89.072949 Z17.9
G0 X102.905749 Y89.25393 Z17.92
G0 X102.946862 Y89.437856 Z17.94
G0 X102.976344 Y89.624 Z17.96
G0 X102.99408 Y89.811628 Z17.98
G0 X103 Y90 Z18
G0 X102.99408 Y90.188372 Z18.02
G0 X102.976344 Y90.376 Z18.04
G0 X102.946862 Y90.562144 Z18.06
G0 X102.905749 Y90.74607 Z18.08
G0 X102.85317 Y90.927051 Z18.1
G0 X102.789329 Y91.104374 Z18.12
G0 X102.714481 Y91.277338 Z18.14
G0 X102.62892 Y91.445261 Z18.16
G0 X102.532984 Y91.60748 Z18.18
G0 X102.427051 Y91.763356 Z18.2
G0 X102.31154 Y91.912272 Z18.22
G0 X102.186906 Y92.053641 Z18.24
G0 X102.053641 Y92.186906 Z18.26
G0 X101.912272 Y92.31154 Z18.28
G0 X101.763356 Y92.427051 Z18.3
G0 X101.60748 Y92.532984 Z18.32
G0 X101.445261 Y92.62892 Z18.34
G0 X101.277338 Y92.714481 Z18.36
G0 X101.104374 Y92.789329 Z18.38
G0 X100.927051 Y92.85317 Z18.4
G0 X100.74607 Y92.905749 Z18.42
G0 X100.562144 Y92.946862 Z18.44
G0 X100.376 Y92.976344 Z18.46
G0 X100.188372 Y92.99408 Z18.48
G0 X100 Y93 Z18.5
G0 X99.811628 Y92.99408 Z18.52
G0 X99.624 Y92.976344 Z18.54
G0 X99.437856 Y92.946862 Z18.56
G0 X99.25393 Y92.905749 Z18.58
G0 X99.072949 Y92.85317 Z18.6
G0 X98.895626 Y92.789329 Z18.62
G0 X98.722662 Y92.714481 Z18.64
G0 X98.554739 Y92.62892 Z18.66
G0 X98.39252 Y92.532984 Z18.68
G0 X98.236644 Y92.427051 Z18.7
G0 X98.087728 Y92.31154 Z18.72
G0 X97.946359 Y92.186906 Z18.74
G0 X97.813094 Y92.053641 Z18.76
G0 X97.68846 Y91.912272 Z18.78
G0 X97.572949 Y91.763356 Z18.8
G0 X97.467016 Y91.60748 Z18.82
G0 X97.37108 Y91.445261 Z18.84
G0 X97.285519 Y91.277338 Z18.86
G0 X97.210671 Y91.104374 Z18.88
G0 X97.14683 Y90.927051 Z18.9
G0 X97.094251 Y90.74607 Z18.92
G0 X97.053138 Y90.562144 Z18.94
G0 X97.023656 Y90.376 Z18.96
G0 X97.00592 Y90.188372 Z18.98
G0 X97 Y90 Z19
G0 X97.00592 Y89.811628 Z19.02
G0 X97.023656 Y89.624 Z19.04
G0 X97.053138 Y89.437856 Z19.06
G0 X97.094251 Y89.25393 Z19.08
G0 X97.14683 Y89.072949 Z19.1
G0 X97.210671 Y88.895626 Z19.12
G0 X97.285519 Y88.722662 Z19.14
G0 X97.37108 Y88.554739 Z19.16
G0 X97.467016 Y88.39252 Z19.18
G0 X97.572949 Y88.236644 Z19.2
G0 X97.68846 Y88.087728 Z19.22
G0 X97.813094 Y87.946359 Z19.24
G0 X97.946359 Y87.813094 Z19.26
G0 X98.087728 Y87.68846 Z19.28
G0 X98.236644 Y87.572949 Z19.3
G0 X98.39252 Y87.467016 Z19.32
G0 X98.554739 Y87.37108 Z19.34
G0 X98.722662 Y87.285519 Z19.36
G0 X98.895626 Y87.210671 Z19.38
G0 X99.072949 Y87.14683 Z19.4
G0 X99.25393 Y87.094251 Z19.42
G0 X99.437856 Y87.053138 Z19.44
G0 X99.624 Y87.023656 Z19.46
G0 X99.811628 Y87.00592 Z19.48
G0 X100 Y87 Z19.5
G0 X100.188372 Y87.00592 Z19.52
G0 X100.376 Y87.023656 Z19.54
G0 X100.562144 Y87.053138 Z19.56
G0 X100.74607 Y87.094251 Z19.58
G0 X100.927051 Y87.14683 Z19.6
G0 X101.104374 Y87.210671 Z19.62
G0 X101.277338 Y87.285519 Z19.64
G0 X101.445261 Y87.37108 Z19.66
G0 X101.60748 Y87.467016 Z19.68
G0 X101.763356 Y87.572949 Z19.7
G0 X101.912272 Y87.68846 Z19.72
G0 X102.053641 Y87.813094 Z19.74
G0 X102.186906 Y87.946359 Z19.76
G0 X102.31154 Y88.087728 Z19.78
G0 X102.427051 Y88.236644 Z19.8
G0 X102.532984 Y88.39252 Z19.82
G0 X102.62892 Y88.554739 Z19.84
G0 X102.714481 Y88.722662 Z19.86
G0 X102.789329 Y88.895626 Z19.88
G0 X102.85317 Y89.072949 Z19.9
G0 X102.905749 Y89.25393 Z19.92
G0 X102.946862 Y89.437856 Z19.94
G0 X102.976344 Y89.624 Z19.96
G0 X102.99408 Y89.811628 Z19.98
G0 X103 Y90 Z20
G0 X105 Z20
G0 X104.990134 Y90.313953 Z19.98
G0 X104.960574 Y90.626666 Z19.96
G0 X104.911436 Y90.936907 Z19.94
G0 X104.842916 Y91.243449 Z19.92
G0 X104.755283 Y91.545085 Z19.9
G0 X104.648882 Y91.840623 Z19.88
G0 X104.524135 Y92.128896 Z19.86
G0 X104.381533 Y92.408768 Z19.84
G0 X104.22164 Y92.679134 Z19.82
G0 X104.045085 Y92.938926 Z19.8
G0 X103.852566 Y93.18712 Z19.78
G0 X103.644843 Y93.422736 Z19.76
G0 X103.422736 Y93.644843 Z19.74
G0 X103.18712 Y93.852566 Z19.72
G0 X102.938926 Y94.045085 Z19.7
G0 X102.679134 Y94.22164 Z19.68
G0 X102.408768 Y94.381533 Z19.66
G0 X102.128896 Y94.524135 Z19.64
G0 X101.840623 Y94.648882 Z19.62
G0 X101.545085 Y94.755283 Z19.6
G0 X101.243449 Y94.842916 Z19.58
G0 X100.936907 Y94.911436 Z19.56
G0 X100.626666 Y94.960574 Z19.54
G0 X100.313953 Y94.990134 Z19.52
G0 X100 Y95 Z19.5
G0 X99.686047 Y94.990134 Z19.48
G0 X99.373334 Y94.960574 Z19.46
G0 X99.063093 Y94.911436 Z19.44
G0 X98.756551 Y94.842916 Z19.42
G0 X98.454915 Y94.755283 Z19.4
G0 X98.159377 Y94.648882 Z19.38
G0 X97.871104 Y94.524135 Z19.36
G0 X97.591232 Y94.381533 Z19.34
G0 X97.320866 Y94.22164 Z19.32
G0 X97.061074 Y94.045085 Z19.3
G0 X96.81288 Y93.852566 Z19.28
G0 X96.577264 Y93.644843 Z19.26
G0 X96.355157 Y93.422736 Z19.24
G0 X96.147434 Y93.18712 Z19.22
G0 X95.954915 Y92.938926 Z19.2
G0 X95.77836 Y92.679134 Z19.18
G0 X95.618467 Y92.408768 Z19.16
G0 X95.475865 Y92.128896 Z19.14
G0 X95.351118 Y91.840623 Z19.12
G0 X95.244717 Y91.545085 Z19.1
G0 X95.157084 Y91.243449 Z19.08
G0 X95.088564 Y90.936907 Z19.06
G0 X95.039426 Y90.626666 Z19.04
G0 X95.009866 Y90.313953 Z19.02
G0 X95 Y90 Z19
G0 X95.009866 Y89.686047 Z18.98
G0 X95.039426 Y89.373334 Z18.96
G0 X95.088564 Y89.063093 Z18.94
G0 X95.157084 Y88.756551 Z18.92
G0 X95.244717 Y88.454915 Z18.9
G0 X95.351118 Y88.159377 Z18.88
G0 X95.475865 Y87.871104 Z18.86
G0 X95.618467 Y87.591232 Z18.84
G0 X95.77836 Y87.320866 Z18.82
G0 X95.954915 Y87.061074 Z18.8
G0 X96.147434 Y86.81288 Z18.78
G0 X96.355157 Y86.577264 Z18.76
G0 X96.577264 Y86.355157 Z18.74
G0 X96.81288 Y86.147434 Z18.72
G0 X97.061074 Y85.954915 Z18.7
G0 X97.320866 Y85.77836 Z18.68
G0 X97.591232 Y85.618467 Z18.66
G0 X97.871104 Y85.475865 Z18.64
G0 X98.159377 Y85.351118 Z18.62
G0 X98.454915 Y85.244717 Z18.6
G0 X98.756551 Y85.157084 Z18.58
G0 X99.063093 Y85.088564 Z18.56
G0 X99.373334 Y85.039426 Z18.54
G0 X99.686047 Y85.009866 Z18.52
G0 X100 Y85 Z18.5
G0 X100.313953 Y85.009866 Z18.48
G0 X100.626666 Y85.039426 Z18.46
G0 X100.936907 Y85.088564 Z18.44
G0 X101.243449 Y85.157084 Z18.42
G0 X101.545085 Y85.244717 Z18.4
G0 X101.840623 Y85.351118 Z18.38
G0 X102.128896 Y85.475865 Z18.36
G0 X102.408768 Y85.618467 Z18.34
G0 X102.679134 Y85.77836 Z18.32
G0 X102.938926 Y85.954915 Z18.3
G0 X103.18712 Y86.147434 Z18.28
G0 X103.422736 Y86.355157 Z18.26
G0 X103.644843 Y86.577264 Z18.24
G0 X103.852566 Y86.81288 Z18.22
G0 X104.045085 Y87.061074 Z18.2
G0 X104.22164 Y87.320866 Z18.18
G0 X104.381533 Y87.591232 Z18.16
G0 X104.524135 Y87.871104 Z18.14
G0 X104.648882 Y88.159377 Z18.12
G0 X104.755283 Y88.454915 Z18.1
G0 X104.842916 Y88.756551 Z18.08
G0 X104.911436 Y89.063093 Z18.06
G0 X104.960574 Y89.373334 Z18.04
G0 X104.990134 Y89.686047 Z18.02
G0 X105 Y90 Z18
G0 X104.990134 Y90.313953 Z17.98
G0 X104.960574 Y90.626666 Z17.96
G0 X104.911436 Y90.936907 Z17.94
G0 X104.842916 Y91.243449 Z17.92
G0 X104.755283 Y91.545085 Z17.9
G0 X104.648882 Y91.840623 Z17.88
G0 X104.524135 Y92.128896 Z17.86
G0 X104.381533 Y92.408768 Z17.84
G0 X104.22164 Y92.679134 Z17.82
G0 X104.045085 Y92.938926 Z17.8
G0 X103.852566 Y93.18712 Z17.78
G0 X103.644843 Y93.422736 Z17.76
G0 X103.422736 Y93.644843 Z17.74
G0 X103.18712 Y93.852566 Z17.72
G0 X102.938926 Y94.045085 Z17.7
G0 X102.679134 Y94.22164 Z17.68
G0 X102.408768 Y94.381533 Z17.66
G0 X102.128896 Y94.524135 Z17.64
G0 X101.840623 Y94.648882 Z17.62
G0 X101.545085 Y94.755283 Z17.6
G0 X101.243449 Y94.842916 Z17.58
G0 X100.936907 Y94.911436 Z17.56
G0 X100.626666 Y94.960574 Z17.54
G0 X100.313953 Y94.990134 Z17.52
G0 X100 Y95 Z17.5
G0 X99.686047 Y94.990134 Z17.48
G0 X99.373334 Y94.960574 Z17.46
G0 X99.063093 Y94.911436 Z17.44
G0 X98.756551 Y94.842916 Z17.42
G0 X98.454915 Y94.755283 Z17.4
G0 X98.159377 Y94.648882 Z17.38
G0 X97.871104 Y94.524135 Z17.36
G0 X97.591232 Y94.381533 Z17.34
G0 X97.320866 Y94.22164 Z17.32
G0 X97.061074 Y94.045085 Z17.3
G0 X96.81288 Y93.852566 Z17.28
G0 X96.577264 Y93.644843 Z17.26
G0 X96.355157 Y93.422736 Z17.24
G0 X96.147434 Y93.18712 Z17.22
G0 X95.954915 Y92.938926 Z17.2
G0 X95.77836 Y92.679134 Z17.18
G0 X95.618467 Y92.408768 Z17.16
G0 X95.475865 Y92.128896 Z17.14
G0 X95.351118 Y91.840623 Z17.12
G0 X95.244717 Y91.545085 Z17.1
G0 X95.157084 Y91.243449 Z17.08
G0 X95.088564 Y90.936907 Z17.06
G0 X95.039426 Y90.626666 Z17.04
G0 X95.009866 Y90.313953 Z17.02
G0 X95 Y90 Z17
G0 X95.009866 Y89.686047 Z16.98
G0 X95.039426 Y89.373334 Z16.96
G0 X95.088564 Y89.063093 Z16.94
G0 X95.157084 Y88.756551 Z16.92
G0 X95.244717 Y88.454915 Z16.9
G0 X95.351118 Y88.159377 Z16.88
G0 X95.475865 Y87.871104 Z16.86
G0 X95.618467 Y87.591232 Z16.84
G0 X95.77836 Y87.320866 Z16.82
G0 X95.954915 Y87.061074 Z16.8
G0 X96.147434 Y86.81288 Z16.78
G0 X96.355157 Y86.577264 Z16.76
G0 X96.577264 Y86.355157 Z16.74
G0 X96.81288 Y86.147434 Z16.72
G0 X97.061074 Y85.954915 Z16.7
G0 X97.320866 Y85.77836 Z16.68
G0 X97.591232 Y85.618467 Z16.66
G0 X97.871104 Y85.475865 Z16.64
G0 X98.159377 Y85.351118 Z16.62
G0 X98.454915 Y85.244717 Z16.6
G0 X98.756551 Y85.157084 Z16.58
G0 X99.063093 Y85.088564 Z16.56
G0 X99.373334 Y85.039426 Z16.54
G0 X99.686047 Y85.009866 Z16.52
G0 X100 Y85 Z16.5
G0 X100.313953 Y85.009866 Z16.48
G0 X100.626666 Y85.039426 Z16.46
G0 X100.936907 Y85.088564 Z16.44
G0 X101.243449 Y85.157084 Z16.42
G0 X101.545085 Y85.244717 Z16.4
G0 X101.840623 Y85.351118 Z16.38
G0 X102.128896 Y85.475865 Z16.36
G0 X102.408768 Y85.618467 Z16.34
G0 X102.679134 Y85.77836 Z16.32
G0 X102.938926 Y85.954915 Z16.3
G0 X103.18712 Y86.147434 Z16.28
G0 X103.422736 Y86.355157 Z16.26
G0 X103.644843 Y86.577264 Z16.24
G0 X103.852566 Y86.81288 Z16.22
G0 X104.045085 Y87.061074 Z16.2
G0 X104.22164 Y87.320866 Z16.18
G0 X104.381533 Y87.591232 Z16.16
G0 X104.524135 Y87.871104 Z16.14
G0 X104.648882 Y88.159377 Z16.12
G0 X104.755283 Y88.454915 Z16.1
G0 X104.842916 Y88.756551 Z16.08
G0 X104.911436 Y89.063093 Z16.06
G0 X104.960574 Y89.373334 Z16.04
G0 X104.990134 Y89.686047 Z16.02
G0 X105 Y90 Z16
G0 X107 Z16
G0 X106.986187 Y90.439534 Z16.02
G0 X106.944803 Y90.877333 Z16.04
G0 X106.876011 Y91.311669 Z16.06
G0 X106.780082 Y91.740829 Z16.08
G0 X106.657396 Y92.163119 Z16.1
G0 X106.508435 Y92.576872 Z16.12
G0 X106.333789 Y92.980455 Z16.14
G0 X106.134147 Y93.372276 Z16.16
G0 X105.910295 Y93.750788 Z16.18
G0 X105.663119 Y94.114497 Z16.2
G0 X105.393593 Y94.461968 Z16.22
G0 X105.10278 Y94.79183 Z16.24
G0 X104.79183 Y95.10278 Z16.26
G0 X104.461968 Y95.393593 Z16.28
G0 X104.114497 Y95.663119 Z16.3
G0 X103.750788 Y95.910295 Z16.32
G0 X103.372276 Y96.134147 Z16.34
G0 X102.980455 Y96.333789 Z16.36
G0 X102.576872 Y96.508435 Z16.38
G0 X102.163119 Y96.657396 Z16.4
G0 X101.740829 Y96.780082 Z16.42
G0 X101.311669 Y96.876011 Z16.44
G0 X100.877333 Y96.944803 Z16.46
G0 X100.439534 Y96.986187 Z16.48
G0 X100 Y97 Z16.5
G0 X99.560466 Y96.986187 Z16.52
G0 X99.122667 Y96.944803 Z16.54
G0 X98.688331 Y96.876011 Z16.56
G0 X98.259171 Y96.780082 Z16.58
G0 X97.836881 Y96.657396 Z16.6
G0 X97.423128 Y96.508435 Z16.62
G0 X97.019545 Y96.333789 Z16.64
G0 X96.627724 Y96.134147 Z16.66
G0 X96.249212 Y95.910295 Z16.68
G0 X95.885503 Y95.663119 Z16.7
G0 X95.538032 Y95.393593 Z16.72
G0 X95.20817 Y95.10278 Z16.74
G0 X94.89722 Y94.79183 Z16.76
G0 X94.606407 Y94.461968 Z16.78
G0 X94.336881 Y94.114497 Z16.8
G0 X94.089705 Y93.750788 Z16.82
G0 X93.865853 Y93.372276 Z16.84
G0 X93.666211 Y92.980455 Z16.86
G0 X93.491565 Y92.576872 Z16.88
G0 X93.342604 Y92.163119 Z16.9
G0 X93.219918 Y91.740829 Z16.92
G0 X93.123989 Y91.311669 Z16.94
G0 X93.055197 Y90.877333 Z16.96
G0 X93.013813 Y90.439534 Z16.98
G0 X93 Y90 Z17
G0 X93.013813 Y89.560466 Z17.02
G0 X93.055197 Y89.122667 Z17.04
G0 X93.123989 Y88.688331 Z17.06
G0 X93.219918 Y88.259171 Z17.08
G0 X93.342604 Y87.836881 Z17.1
G0 X93.491565 Y87.423128 Z17.12
G0 X93.666211 Y87.019545 Z17.14
G0 X93.865853 Y86.627724 Z17.16
G0 X94.089705 Y86.249212 Z17.18
G0 X94.336881 Y85.885503 Z17.2
G0 X94.606407 Y85.538032 Z17.22
G0 X94.89722 Y85.20817 Z17.24
G0 X95.20817 Y84.89722 Z17.26
G0 X95.538032 Y84.606407 Z17.28
G0 X95.885503 Y84.336881 Z17.3
G0 X96.249212 Y84.089705 Z17.32
G0 X96.627724 Y83.865853 Z17.34
G0 X97.019545 Y83.666211 Z17.36
G0 X97.423128 Y83.491565 Z17.38
G0 X97.836881 Y83.342604 Z17.4
G0 X98.259171 Y83.219918 Z17.42
G0 X98.688331 Y83.123989 Z17.44
G0 X99.122667 Y83.055197 Z17.46
G0 X99.560466 Y83.013813 Z17.48
G0 X100 Y83 Z17.5
G0 X100.439534 Y83.013813 Z17.52
G0 X100.877333 Y83.055197 Z17.54
G0 X101.311669 Y83.123989 Z17.56
G0 X101.740829 Y83.219918 Z17.58
G0 X102.163119 Y83.342604 Z17.6
G0 X102.576872 Y83.491565 Z17.62
G0 X102.980455 Y83.666211 Z17.64
G0 X103.372276 Y83.865853 Z17.66
G0 X103.750788 Y84.089705 Z17.68
G0 X104.114497 Y84.336881 Z17.7
G0 X104.461968 Y84.606407 Z17.72
G0 X104.79183 Y84.89722 Z17.74
G0 X105.10278 Y85.20817 Z17.76
G0 X105.393593 Y85.538032 Z17.78
G0 X105.663119 Y85.885503 Z17.8
G0 X105.910295 Y86.249212 Z17.82
G0 X106.134147 Y86.627724 Z17.84
G0 X106.333789 Y87.019545 Z17.86
G0 X106.508435 Y87.423128 Z17.88
G0 X106.657396 Y87.836881 Z17.9
G0 X106.780082 Y88.259171 Z17.92
G0 X106.876011 Y88.688331 Z17.94
G0 X106.944803 Y89.122667 Z17.96
G0 X106.986187 Y89.560466 Z17.98
G0 X107 Y90 Z18
G0 X106.986187 Y90.439534 Z18.02
G0 X106.944803 Y90.877333 Z18.04
G0 X106.876011 Y91.311669 Z18.06
G0 X106.780082 Y91.740829 Z18.08
G0 X106.657396 Y92.163119 Z18.1
G0 X106.508435 Y92.576872 Z18.12
G0 X106.333789 Y92.980455 Z18.14
G0 X106.134147 Y93.372276 Z18.16
G0 X105.910295 Y93.750788 Z18.18
G0 X105.663119 Y94.114497 Z18.2
G0 X105.393593 Y94.461968 Z18.22
G0 X105.10278 Y94.79183 Z18.24
G0 X104.79183 Y95.10278 Z18.26
G0 X104.461968 Y95.393593 Z18.28
G0 X104.114497 Y95.663119 Z18.3
G0 X103.750788 Y95.910295 Z18.32
G0 X103.372276 Y96.134147 Z18.34
G0 X102.980455 Y96.333789 Z18.36
G0 X102.576872 Y96.508435 Z18.38
G0 X102.163119 Y96.657396 Z18.4
G0 X101.740829 Y96.780082 Z18.42
G0 X101.311669 Y96.876011 Z18.44
G0 X100.877333 Y96.944803 Z18.46
G0 X100.439534 Y96.986187 Z18.48
G0 X100 Y97 Z18.5
G0 X99.560466 Y96.986187 Z18.52
G0 X99.122667 Y96.944803 Z18.54
G0 X98.688331 Y96.876011 Z18.56
G0 X98.259171 Y96.780082 Z18.58
G0 X97.836881 Y96.657396 Z18.6
G0 X97.423128 Y96.508435 Z18.62
G0 X97.019545 Y96.333789 Z18.64
G0 X96.627724 Y96.134147 Z18.66
G0 X96.249212 Y95.910295 Z18.68
G0 X95.885503 Y95.663119 Z18.7
G0 X95.538032 Y95.393593 Z18.72
G0 X95.20817 Y95.10278 Z18.74
G0 X94.89722 Y94.79183 Z18.76
G0 X94.606407 Y94.461968 Z18.78
G0 X94.336881 Y94.114497 Z18.8
G0 X94.089705 Y93.750788 Z18.82
G0 X93.865853 Y93.372276 Z18.84
G0 X93.666211 Y92.980455 Z18.86
G0 X93.491565 Y92.576872 Z18.88
G0 X93.342604 Y92.163119 Z18.9
G0 X93.219918 Y91.740829 Z18.92
G0 X93.123989 Y91.311669 Z18.94
G0 X93.055197 Y90.877333 Z18.96
G0 X93.013813 Y90.439534 Z18.98
G0 X93 Y90 Z19
G0 X93.013813 Y89.560466 Z19.02
G0 X93.055197 Y89.122667 Z19.04
G0 X93.123989 Y88.688331 Z19.06
G0 X93.219918 Y88.259171 Z19.08
G0 X93.342604 Y87.836881 Z19.1
G0 X93.491565 Y87.423128 Z19.12
G0 X93.666211 Y87.019545 Z19.14
G0 X93.865853 Y86.627724 Z19.16
G0 X94.089705 Y86.249212 Z19.18
G0 X94.336881 Y85.885503 Z19.2
G0 X94.606407 Y85.538032 Z19.22
G0 X94.89722 Y85.20817 Z19.24
G0 X95.20817 Y84.89722 Z19.26
G0 X95.538032 Y84.606407 Z19.28
G0 X95.885503 Y84.336881 Z19.3
G0 X96.249212 Y84.089705 Z19.32
G0 X96.627724 Y83.865853 Z19.34
G0 X97.019545 Y83.666211 Z19.36
G0 X97.423128 Y83.491565 Z19.38
G0 X97.836881 Y83.342604 Z19.4
G0 X98.259171 Y83.219918 Z19.42
G0 X98.688331 Y83.123989 Z19.44
G0 X99.122667 Y83.055197 Z19.46
G0 X99.560466 Y83.013813 Z19.48
G0 X100 Y83 Z19.5
G0 X100.439534 Y83.013813 Z19.52
G0 X100.877333 Y83.055197 Z19.54
G0 X101.311669 Y83.123989 Z19.56
G0 X101.740829 Y83.219918 Z19.58
G0 X102.163119 Y83.342604 Z19.6
G0 X102.576872 Y83.491565 Z19.62
G0 X102.980455 Y83.666211 Z19.64
G0 X103.372276 Y83.865853 Z19.66
G0 X103.750788 Y84.089705 Z19.68
G0 X104.114497 Y84.336881 Z19.7
G0 X104.461968 Y84.606407 Z19.72
G0 X104.79183 Y84.89722 Z19.74
G0 X105.10278 Y85.20817 Z19.76
G0 X105.393593 Y85.538032 Z19.78
G0 X105.663119 Y85.885503 Z19.8
G0 X105.910295 Y86.249212 Z19.82
G0 X106.134147 Y86.627724 Z19.84
G0 X106.333789 Y87.019545 Z19.86
G0 X106.508435 Y87.423128 Z19.88
G0 X106.657396 Y87.836881 Z19.9
G0 X106.780082 Y88.259171 Z19.92
G0 X106.876011 Y88.688331 Z19.94
G0 X106.944803 Y89.122667 Z19.96
G0 X106.986187 Y89.560466 Z19.98
G0 X107 Y90 Z20
G0 X100 Y117 Z16
G0 X100.188372 Y117.00592 Z16.02
G0 X100.376 Y117.023656 Z16.04
G0 X100.562144 Y117.053138 Z16.06
G0 X100.74607 Y117.094251 Z16.08
G0 X100.927051 Y117.14683 Z16.1
G0 X101.104374 Y117.210671 Z16.12
G0 X101.277338 Y117.285519 Z16.14
G0 X101.445261 Y117.37108 Z16.16
G0 X101.60748 Y117.467016 Z16.18
G0 X101.763356 Y117.572949 Z16.2
G0 X101.912272 Y117.68846 Z16.22
G0 X102.053641 Y117.813094 Z16.24
G0 X102.186906 Y117.946359 Z16.26
G0 X102.31154 Y118.087728 Z16.28
G0 X102.427051 Y118.236644 Z16.3
G0 X102.532984 Y118.39252 Z16.32
G0 X102.62892 Y118.554739 Z16.34
G0 X102.714481 Y118.722662 Z16.36
G0 X102.789329 Y118.895626 Z16.38
G0 X102.85317 Y119.072949 Z16.4
G0 X102.905749 Y119.25393 Z16.42
G0 X102.946862 Y119.437856 Z16.44
G0 X102.976344 Y119.624 Z16.46
G0 X102.99408 Y119.811628 Z16.48
G0 X103 Y120 Z16.5
G0 X102.99408 Y120.188372 Z16.52
G0 X102.976344 Y120.376 Z16.54
G0 X102.946862 Y120.562144 Z16.56
G0 X102.905749 Y120.74607 Z16.58
G0 X102.85317 Y120.927051 Z16.6
G0 X102.789329 Y121.104374 Z16.62
G0 X102.714481 Y121.277338 Z16.64
G0 X102.62892 Y121.445261 Z16.66
G0 X102.532984 Y121.60748 Z16.68
G0 X102.427051 Y121.763356 Z16.7
G0 X102.31154 Y121.912272 Z16.72
G0 X102.186906 Y122.053641 Z16.74
G0 X102.053641 Y122.186906 Z16.76
G0 X101.912272 Y122.31154 Z16.78
G0 X101.763356 Y122.427051 Z16.8
G0 X101.60748 Y122.532984 Z16.82
G0 X101.445261 Y122.62892 Z16.84
G0 X101.277338 Y122.714481 Z16.86
G0 X101.104374 Y122.789329 Z16.88
G0 X100.927051 Y122.85317 Z16.9
G0 X100.74607 Y122.905749 Z16.92
G0 X100.562144 Y122.946862 Z16.94
G0 X100.376 Y122.976344 Z16.96
G0 X100.188372 Y122.99408 Z16.98
G0 X100 Y123 Z17
G0 X99.811628 Y122.99408 Z17.02
G0 X99.624 Y122.976344 Z17.04
G0 X99.437856 Y122.946862 Z17.06
G0 X99.25393 Y122.905749 Z17.08
G0 X99.072949 Y122.85317 Z17.1
G0 X98.895626 Y122.789329 Z17.12
G0 X98.722662 Y122.714481 Z17.14
G0 X98.554739 Y122.62892 Z17.16
G0 X98.39252 Y122.532984 Z17.18
G0 X98.236644 Y122.427051 Z17.2
G0 X98.087728 Y122.31154 Z17.22
G0 X97.946359 Y122.186906 Z17.24
G0 X97.813094 Y122.053641 Z17.26
G0 X97.68846 Y121.912272 Z17.28
G0 X97.572949 Y121.763356 Z17.3
G0 X97.467016 Y121.60748 Z17.32
G0 X97.37108 Y121.445261 Z17.34
G0 X97.285519 Y121.277338 Z17.36
G0 X97.210671 Y121.104374 Z17.38
G0 X97.14683 Y120.927051 Z17.4
G0 X97.094251 Y120.74607 Z17.42
G0 X97.053138 Y120.562144 Z17.44
G0 X97.023656 Y120.376 Z17.46
G0 X97.00592 Y120.188372 Z17.48
G0 X97 Y120 Z17.5
G0 X97.00592 Y119.811628 Z17.52
G0 X97.023656 Y119.624 Z17.54
G0 X97.053138 Y119.437856 Z17.56
G0 X97.094251 Y119.25393 Z17.58
G0 X97.14683 Y119.072949 Z17.6
G0 X97.210671 Y118.895626 Z17.62
G0 X97.285519 Y118.722662 Z17.64
G0 X97.37108 Y118.554739 Z17.66
G0 X97.467016 Y118.39252 Z17.68
G0 X97.572949 Y118.236644 Z17.7
G0 X97.68846 Y118.087728 Z17.72
G0 X97.813094 Y117.946359 Z17.74
G0 X97.946359 Y117.813094 Z17.76
G0 X98.087728 Y117.68846 Z17.78
G0 X98.236644 Y117.572949 Z17.8
G0 X98.39252 Y117.467016 Z17.82
G0 X98.554739 Y117.37108 Z17.84
G0 X98.722662 Y117.285519 Z17.86
G0 X98.895626 Y117.210671 Z17.88
G0 X99.072949 Y117.14683 Z17.9
G0 X99.25393 Y117.094251 Z17.92
G0 X99.437856 Y117.053138 Z17.94
G0 X99.624 Y117.023656 Z17.96
G0 X99.811628 Y117.00592 Z17.98
G0 X100 Y117 Z18
G0 X100.188372 Y117.00592 Z18.02
G0 X100.376 Y117.023656 Z18.04
G0 X100.562144 Y117.053138 Z18.06
G0 X100.74607 Y117.094251 Z18.08
G0 X100.927051 Y117.14683 Z18.1
G0 X101.104374 Y117.210671 Z18.12
G0 X101.277338 Y117.285519 Z18.14
G0 X101.445261 Y117.37108 Z18.16
G0 X101.60748 Y117.467016 Z18.18
G0 X101.763356 Y117.572949 Z18.2
G0 X101.912272 Y117.68846 Z18.22
G0 X102.053641 Y117.813094 Z18.24
G0 X102.186906 Y117.946359 Z18.26
G0 X102.31154 Y118.087728 Z18.28
G0 X102.427051 Y118.236644 Z18.3
G0 X102.532984 Y118.39252 Z18.32
G0 X102.62892 Y118.554739 Z18.34
G0 X102.714481 Y118.722662 Z18.36
G0 X102.789329 Y118.895626 Z18.38
G0 X102.85317 Y119.072949 Z18.4
G0 X102.905749 Y119.25393 Z18.42
G0 X102.946862 Y119.437856 Z18.44
G0 X102.976344 Y119.624 Z18.46
G0 X102.99408 Y119.811628 Z18.48
G0 X103 Y120 Z18.5
G0 X102.99408 Y120.188372 Z18.52
G0 X102.976344 Y120.376 Z18.54
G0 X102.946862 Y120.562144 Z18.56
G0 X102.905749 Y120.74607 Z18.58
G0 X102.85317 Y120.927051 Z18.6
G0 X102.789329 Y121.104374 Z18.62
G0 X102.714481 Y121.277338 Z18.64
G0 X102.62892 Y121.445261 Z18.66
G0 X102.532984 Y121.60748 Z18.68
G0 X102.427051 Y121.763356 Z18.7
G0 X102.31154 Y121.912272 Z18.72
G0 X102.186906 Y122.053641 Z18.74
G0 X102.053641 Y122.186906 Z18.76
G0 X101.912272 Y122.31154 Z18.78
G0 X101.763356 Y122.427051 Z18.8
G0 X101.60748 Y122.532984 Z18.82
G0 X101.445261 Y122.62892 Z18.84
G0 X101.277338 Y122.714481 Z18.86
G0 X101.104374 Y122.789329 Z18.88
G0 X100.927051 Y122.85317 Z18.9
G0 X100.74607 Y122.905749 Z18.92
G0 X100.562144 Y122.946862 Z18.94
G0 X100.376 Y122.976344 Z18.96
G0 X100.188372 Y122.99408 Z18.98
G0 X100 Y123 Z19
G0 X99.811628 Y122.99408 Z19.02
G0 X99.624 Y122.976344 Z19.04
G0 X99.437856 Y122.946862 Z19.06
G0 X99.25393 Y122.905749 Z19.08
G0 X99.072949 Y122.85317 Z19.1
G0 X98.895626 Y122.789329 Z19.12
G0 X98.722662 Y122.714481 Z19.14
G0 X98.554739 Y122.62892 Z19.16
G0 X98.39252 Y122.532984 Z19.18
G0 X98.236644 Y122.427051 Z19.2
G0 X98.087728 Y122.31154 Z19.22
G0 X97.946359 Y122.186906 Z19.24
G0 X97.813094 Y122.053641 Z19.26
G0 X97.68846 Y121.912272 Z19.28
G0 X97.572949 Y121.763356 Z19.3
G0 X97.467016 Y121.60748 Z19.32
G0 X97.37108 Y121.445261 Z19.34
G0 X97.285519 Y121.277338 Z19.36
G0 X97.210671 Y121.104374 Z19.38
G0 X97.14683 Y120.927051 Z19.4
G0 X97.094251 Y120.74607 Z19.42
G0 X97.053138 Y120.562144 Z19.44
G0 X97.023656 Y120.376 Z19.46
G0 X97.00592 Y120.188372 Z19.48
G0 X97 Y120 Z19.5
G0 X97.00592 Y119.811628 Z19.52
G0 X97.023656 Y119.624 Z19.54
G0 X97.053138 Y119.437856 Z19.56
G0 X97.094251 Y119.25393 Z19.58
G0 X97.14683 Y119.072949 Z19.6
G0 X97.210671 Y118.895626 Z19.62
G0 X97.285519 Y118.722662 Z19.64
G0 X97.37108 Y118.554739 Z19.66
G0 X97.467016 Y118.39252 Z19.68
G0 X97.572949 Y118.236644 Z19.7
G0 X97.68846 Y118.087728 Z19.72
G0 X97.813094 Y117.946359 Z19.74
G0 X97.946359 Y117.813094 Z19.76
G0 X98.087728 Y117.68846 Z19.78
G0 X98.236644 Y117.572949 Z19.8
G0 X98.39252 Y117.467016 Z19.82
G0 X98.554739 Y117.37108 Z19.84
G0 X98.722662 Y117.285519 Z19.86
G0 X98.895626 Y117.210671 Z19.88
G0 X99.072949 Y117.14683 Z19.9
G0 X99.25393 Y117.094251 Z19.92
G0 X99.437856 Y117.053138 Z19.94
G0 X99.624 Y117.023656 Z19.96
G0 X99.811628 Y117.00592 Z19.98
G0 X100 Y117 Z20
G0 Y115 Z20
G0 X100.313953 Y115.009866 Z19.98
G0 X100.626666 Y115.039426 Z19.96
G0 X100.936907 Y115.088564 Z19.94
G0 X101.243449 Y115.157084 Z19.92
G0 X101.545085 Y115.244717 Z19.9
G0 X101.840623 Y115.351118 Z19.88
G0 X102.128896 Y115.475865 Z19.86
G0 X102.408768 Y115.618467 Z19.84
G0 X102.679134 Y115.77836 Z19.82
G0 X102.938926 Y115.954915 Z19.8
G0 X103.18712 Y116.147434 Z19.78
G0 X103.422736 Y116.355157 Z19.76
G0 X103.644843 Y116.577264 Z19.74
G0 X103.852566 Y116.81288 Z19.72
G0 X104.045085 Y117.061074 Z19.7
G0 X104.22164 Y117.320866 Z19.68
G0 X104.381533 Y117.591232 Z19.66
G0 X104.524135 Y117.871104 Z19.64
G0 X104.648882 Y118.159377 Z19.62
G0 X104.755283 Y118.454915 Z19.6
G0 X104.842916 Y118.756551 Z19.58
G0 X104.911436 Y119.063093 Z19.56
G0 X104.960574 Y119.373334 Z19.54
G0 X104.990134 Y119.686047 Z19.52
G0 X105 Y120 Z19.5
G0 X104.990134 Y120.313953 Z19.48
G0 X104.960574 Y120.626666 Z19.46
G0 X104.911436 Y120.936907 Z19.44
G0 X104.842916 Y121.243449 Z19.42
G0 X104.755283 Y121.545085 Z19.4
G0 X104.648882 Y121.840623 Z19.38
G0 X104.524135 Y122.128896 Z19.36
G0 X104.381533 Y122.408768 Z19.34
G0 X104.22164 Y122.679134 Z19.32
G0 X104.045085 Y122.938926 Z19.3
G0 X103.852566 Y123.18712 Z19.28
G0 X103.644843 Y123.422736 Z19.26
G0 X103.422736 Y123.644843 Z19.24
G0 X103.18712 Y123.852566 Z19.22
G0 X102.938926 Y124.045085 Z19.2
G0 X102.679134 Y124.22164 Z19.18
G0 X102.408768 Y124.381533 Z19.16
G0 X102.128896 Y124.524135 Z19.14
G0 X101.840623 Y124.648882 Z19.12
G0 X101.545085 Y124.755283 Z19.1
G0 X101.243449 Y124.842916 Z19.08
G0 X100.936907 Y124.911436 Z19.06
G0 X100.626666 Y124.960574 Z19.04
G0 X100.313953 Y124.990134 Z19.02
G0 X100 Y125 Z19
G0 X99.686047 Y124.990134 Z18.98
G0 X99.373334 Y124.960574 Z18.96
G0 X99.063093 Y124.911436 Z18.94
G0 X98.756551 Y124.842916 Z18.92
G0 X98.454915 Y124.755283 Z18.9
G0 X98.159377 Y124.648882 Z18.88
G0 X97.871104 Y124.524135 Z18.86
G0 X97.591232 Y124.381533 Z18.84
G0 X97.320866 Y124.22164 Z18.82
G0 X97.061074 Y124.045085 Z18.8
G0 X96.81288 Y123.852566 Z18.78
G0 X96.577264 Y123.644843 Z18.76
G0 X96.355157 Y123.422736 Z18.74
G0 X96.147434 Y123.18712 Z18.72
G0 X95.954915 Y122.938926 Z18.7
G0 X95.77836 Y122.679134 Z18.68
G0 X95.618467 Y122.408768 Z18.66
G0 X95.475865 Y122.128896 Z18.64
G0 X95.351118 Y121.840623 Z18.62
G0 X95.244717 Y121.545085 Z18.6
G0 X95.157084 Y121.243449 Z18.58
G0 X95.088564 Y120.936907 Z18.56
G0 X95.039426 Y120.626666 Z18.54
G0 X95.009866 Y120.313953 Z18.52
G0 X95 Y120 Z18.5
G0 X95.009866 Y119.686047 Z18.48
G0 X95.039426 Y119.373334 Z18.46
G0 X95.088564 Y119.063093 Z18.44
G0 X95.157084 Y118.756551 Z18.42
G0 X95.244717 Y118.454915 Z18.4
G0 X95.351118 Y118.159377 Z18.38
G0 X95.475865 Y117.871104 Z18.36
G0 X95.618467 Y117.591232 Z18.34
G0 X95.77836 Y117.320866 Z18.32
G0 X95.954915 Y117.061074 Z18.3
G0 X96.147434 Y116.81288 Z18.28
G0 X96.355157 Y116.577264 Z18.26
G0 X96.577264 Y116.355157 Z18.24
G0 X96.81288 Y116.147434 Z18.22
G0 X97.061074 Y115.954915 Z18.2
G0 X97.320866 Y115.77836 Z18.18
G0 X97.591232 Y115.618467 Z18.16
G0 X97.871104 Y115.475865 Z18.14
G0 X98.159377 Y115.351118 Z18.12
G0 X98.454915 Y115.244717 Z18.1
G0 X98.756551 Y115.157084 Z18.08
G0 X99.063093 Y115.088564 Z18.06
G0 X99.373334 Y115.039426 Z18.04
G0 X99.686047 Y115.009866 Z18.02
G0 X100 Y115 Z18
G0 X100.313953 Y115.009866 Z17.98
G0 X100.626666 Y115.039426 Z17.96
G0 X100.936907 Y115.088564 Z17.94
G0 X101.243449 Y115.157084 Z17.92
G0 X101.545085 Y115.244717 Z17.9
G0 X101.840623 Y115.351118 Z17.88
G0 X102.128896 Y115.475865 Z17.86
G0 X102.408768 Y115.618467 Z17.84
G0 X102.679134 Y115.77836 Z17.82
G0 X102.938926 Y115.954915 Z17.8
G0 X103.18712 Y116.147434 Z17.78
G0 X103.422736 Y116.355157 Z17.76
G0 X103.644843 Y116.577264 Z17.74
G0 X103.852566 Y116.81288 Z17.72
G0 X104.045085 Y117.061074 Z17.7
G0 X104.22164 Y117.320866 Z17.68
G0 X104.381533 Y117.591232 Z17.66
G0 X104.524135 Y117.871104 Z17.64
G0 X104.648882 Y118.159377 Z17.62
G0 X104.755283 Y118.454915 Z17.6
G0 X104.842916 Y118.756551 Z17.58
G0 X104.911436 Y119.063093 Z17.56
G0 X104.960574 Y119.373334 Z17.54
G0 X104.990134 Y119.686047 Z17.52
G0 X105 Y120 Z17.5
G0 X104.990134 Y120.313953 Z17.48
G0 X104.960574 Y120.626666 Z17.46
G0 X104.911436 Y120.936907 Z17.44
G0 X104.842916 Y121.243449 Z17.42
G0 X104.755283 Y121.545085 Z17.4
G0 X104.648882 Y121.840623 Z17.38
G0 X104.524135 Y122.128896 Z17.36
G0 X104.381533 Y122.408768 Z17.34
G0 X104.22164 Y122.679134 Z17.32
G0 X104.045085 Y122.938926 Z17.3
G0 X103.852566 Y123.18712 Z17.28
G0 X103.644843 Y123.422736 Z17.26
G0 X103.422736 Y123.644843 Z17.24
G0 X103.18712 Y123.852566 Z17.22
G0 X102.938926 Y124.045085 Z17.2
G0 X102.679134 Y124.22164 Z17.18
G0 X102.408768 Y124.381533 Z17.16
G0 X102.128896 Y124.524135 Z17.14
G0 X101.840623 Y124.648882 Z17.12
G0 X101.545085 Y124.755283 Z17.1
G0 X101.243449 Y124.842916 Z17.08
G0 X100.936907 Y124.911436 Z17.06
G0 X100.626666 Y124.960574 Z17.04
G0 X100.313953 Y124.990134 Z17.02
G0 X100 Y125 Z17
G0 X99.686047 Y124.990134 Z16.98
G0 X99.373334 Y124.960574 Z16.96
G0 X99.063093 Y124.911436 Z16.94
G0 X98.756551 Y124.842916 Z16.92
G0 X98.454915 Y124.755283 Z16.9
G0 X98.159377 Y124.648882 Z16.88
G0 X97.871104 Y124.524135 Z16.86
G0 X97.591232 Y124.381533 Z16.84
G0 X97.320866 Y124.22164 Z16.82
G0 X97.061074 Y124.045085 Z16.8
G0 X96.81288 Y123.852566 Z16.78
G0 X96.577264 Y123.644843 Z16.76
G0 X96.355157 Y123.422736 Z16.74
G0 X96.147434 Y123.18712 Z16.72
G0 X95.954915 Y122.938926 Z16.7
G0 X95.77836 Y122.679134 Z16.68
G0 X95.618467 Y122.408768 Z16.66
G0 X95.475865 Y122.128896 Z16.64
G0 X95.351118 Y121.840623 Z16.62
G0 X95.244717 Y121.545085 Z16.6
G0 X95.157084 Y121.243449 Z16.58
G0 X95.088564 Y120.936907 Z16.56
G0 X95.039426 Y120.626666 Z16.54
G0 X95.009866 Y120.313953 Z16.52
G0 X95 Y120 Z16.5
G0 X95.009866 Y119.686047 Z16.48
G0 X95.039426 Y119.373334 Z16.46
G0 X95.088564 Y119.063093 Z16.44
G0 X95.157084 Y118.756551 Z16.42
G0 X95.244717 Y118.454915 Z16.4
G0 X95.351118 Y118.159377 Z16.38
G0 X95.475865 Y117.871104 Z16.36
G0 X95.618467 Y117.591232 Z16.34
G0 X95.77836 Y117.320866 Z16.32
G0 X95.954915 Y117.061074 Z16.3
G0 X96.147434 Y116.81288 Z16.28
G0 X96.355157 Y116.577264 Z16.26
G0 X96.577264 Y116.355157 Z16.24
G0 X96.81288 Y116.147434 Z16.22
G0 X97.061074 Y115.954915 Z16.2
G0 X97.320866 Y115.77836 Z16.18
G0 X97.591232 Y115.618467 Z16.16
G0 X97.871104 Y115.475865 Z16.14
G0 X98.159377 Y115.351118 Z16.12
G0 X98.454915 Y115.244717 Z16.1
G0 X98.756551 Y115.157084 Z16.08
G0 X99.063093 Y115.088564 Z16.06
G0 X99.373334 Y115.039426 Z16.04
G0 X99.686047 Y115.009866 Z16.02
G0 X100 Y115 Z16
G0 Y113 Z16
G0 X100.439534 Y113.013813 Z16.02
G0 X100.877333 Y113.055197 Z16.04
G0 X101.311669 Y113.123989 Z16.06
G0 X101.740829 Y113.219918 Z16.08
G0 X102.163119 Y113.342604 Z16.1
G0 X102.576872 Y113.491565 Z16.12
G0 X102.980455 Y113.666211 Z16.14
G0 X103.372276 Y113.865853 Z16.16
G0 X103.750788 Y114.089705 Z16.18
G0 X104.114497 Y114.336881 Z16.2
G0 X104.461968 Y114.606407 Z16.22
G0 X104.79183 Y114.89722 Z16.24
G0 X105.10278 Y115.20817 Z16.26
G0 X105.393593 Y115.538032 Z16.28
G0 X105.663119 Y115.885503 Z16.3
G0 X105.910295 Y116.249212 Z16.32
G0 X106.134147 Y116.627724 Z16.34
G0 X106.333789 Y117.019545 Z16.36
G0 X106.508435 Y117.423128 Z16.38
G0 X106.657396 Y117.836881 Z16.4
G0 X106.780082 Y118.259171 Z16.42
G0 X106.876011 Y118.688331 Z16.44
G0 X106.944803 Y119.122667 Z16.46
G0 X106.986187 Y119.560466 Z16.48
G0 X107 Y120 Z16.5
G0 X106.986187 Y120.439534 Z16.52
G0 X106.944803 Y120.877333 Z16.54
G0 X106.876011 Y121.311669 Z16.56
G0 X106.780082 Y121.740829 Z16.58
G0 X106.657396 Y122.163119 Z16.6
G0 X106.508435 Y122.576872 Z16.62
G0 X106.333789 Y122.980455 Z16.64
G0 X106.134147 Y123.372276 Z16.66
G0 X105.910295 Y123.750788 Z16.68
G0 X105.663119 Y124.114497 Z16.7
G0 X105.393593 Y124.461968 Z16.72
G0 X105.10278 Y124.79183 Z16.74
G0 X104.79183 Y125.10278 Z16.76
G0 X104.461968 Y125.393593 Z16.78
G0 X104.114497 Y125.663119 Z16.8
G0 X103.750788 Y125.910295 Z16.82
G0 X103.372276 Y126.134147 Z16.84
G0 X102.980455 Y126.333789 Z16.86
G0 X102.576872 Y126.508435 Z16.88
G0 X102.163119 Y126.657396 Z16.9
G0 X101.740829 Y126.780082 Z16.92
G0 X101.311669 Y126.876011 Z16.94
G0 X100.877333 Y126.944803 Z16.96
G0 X100.439534 Y126.986187 Z16.98
G0 X100 Y127 Z17
G0 X99.560466 Y126.986187 Z17.02
G0 X99.122667 Y126.944803 Z17.04
G0 X98.688331 Y126.876011 Z17.06
G0 X98.259171 Y126.780082 Z17.08
G0 X97.836881 Y126.657396 Z17.1
G0 X97.423128 Y126.508435 Z17.12
G0 X97.019545 Y126.333789 Z17.14
G0 X96.627724 Y126.134147 Z17.16
G0 X96.249212 Y125.910295 Z17.18
G0 X95.885503 Y125.663119 Z17.2
G0 X95.538032 Y125.393593 Z17.22
G0 X95.20817 Y125.10278 Z17.24
G0 X94.89722 Y124.79183 Z17.26
G0 X94.606407 Y124.461968 Z17.28
G0 X94.336881 Y124.114497 Z17.3
G0 X94.089705 Y123.750788 Z17.32
G0 X93.865853 Y123.372276 Z17.34
G0 X93.666211 Y122.980455 Z17.36
G0 X93.491565 Y122.576872 Z17.38
G0 X93.342604 Y122.163119 Z17.4
G0 X93.219918 Y121.740829 Z17.42
G0 X93.123989 Y121.311669 Z17.44
G0 X93.055197 Y120.877333 Z17.46
G0 X93.013813 Y120.439534 Z17.48
G0 X93 Y120 Z17.5
G0 X93.013813 Y119.560466 Z17.52
G0 X93.055197 Y119.122667 Z17.54
G0 X93.123989 Y118.688331 Z17.56
G0 X93.219918 Y118.259171 Z17.58
G0 X93.342604 Y117.836881 Z17.6
G0 X93.491565 Y117.423128 Z17.62
G0 X93.666211 Y117.019545 Z17.64
G0 X93.865853 Y116.627724 Z17.66
G0 X94.089705 Y116.249212 Z17.68
G0 X94.336881 Y115.885503 Z17.7
G0 X94.606407 Y115.538032 Z17.72
G0 X94.89722 Y115.20817 Z17.74
G0 X95.20817 Y114.89722 Z17.76
G0 X95.538032 Y114.606407 Z17.78
G0 X95.885503 Y114.336881 Z17.8
G0 X96.249212 Y114.089705 Z17.82
G0 X96.627724 Y113.865853 Z17.84
G0 X97.019545 Y113.666211 Z17.86
G0 X97.423128 Y113.491565 Z17.88
G0 X97.836881 Y113.342604 Z17.9
G0 X98.259171 Y113.219918 Z17.92
G0 X98.688331 Y113.123989 Z17.94
G0 X99.122667 Y113.055197 Z17.96
G0 X99.560466 Y113.013813 Z17.98
G0 X100 Y113 Z18
G0 X100.439534 Y113.013813 Z18.02
G0 X100.877333 Y113.055197 Z18.04
G0 X101.311669 Y113.123989 Z18.06
G0 X101.740829 Y113.219918 Z18.08
G0 X102.163119 Y113.342604 Z18.1
G0 X102.576872 Y113.491565 Z18.12
G0 X102.980455 Y113.666211 Z18.14
G0 X103.372276 Y113.865853 Z18.16
G0 X103.750788 Y114.089705 Z18.18
G0 X104.114497 Y114.336881 Z18.2
G0 X104.461968 Y114.606407 Z18.22
G0 X104.79183 Y114.89722 Z18.24
G0 X105.10278 Y115.20817 Z18.26
G0 X105.393593 Y115.538032 Z18.28
G0 X105.663119 Y115.885503 Z18.3
G0 X105.910295 Y116.249212 Z18.32
G0 X106.134147 Y116.627724 Z18.34
G0 X106.333789 Y117.019545 Z18.36
G0 X106.508435 Y117.423128 Z18.38
G0 X106.657396 Y117.836881 Z18.4
G0 X106.780082 Y118.259171 Z18.42
G0 X106.876011 Y118.688331 Z18.44
G0 X106.944803 Y119.122667 Z18.46
G0 X106.986187 Y119.560466 Z18.48
G0 X107 Y120 Z18.5
G0 X106.986187 Y120.439534 Z18.52
G0 X106.944803 Y120.877333 Z18.54
G0 X106.876011 Y121.311669 Z18.56
G0 X106.780082 Y121.740829 Z18.58
G0 X106.657396 Y122.163119 Z18.6
G0 X106.508435 Y122.576872 Z18.62
G0 X106.333789 Y122.980455 Z18.64
G0 X106.134147 Y123.372276 Z18.66
G0 X105.910295 Y123.750788 Z18.68
G0 X105.663119 Y124.114497 Z18.7
G0 X105.393593 Y124.461968 Z18.72
G0 X105.10278 Y124.79183 Z18.74
G0 X104.79183 Y125.10278 Z18.76
G0 X104.461968 Y125.393593 Z18.78
G0 X104.114497 Y125.663119 Z18.8
G0 X103.750788 Y125.910295 Z18.82
G0 X103.372276 Y126.134147 Z18.84
G0 X102.980455 Y126.333789 Z18.86
G0 X102.576872 Y126.508435 Z18.88
G0 X102.163119 Y126.657396 Z18.9
G0 X101.740829 Y126.780082 Z18.92
G0 X101.311669 Y126.876011 Z18.94
G0 X100.877333 Y126.944803 Z18.96
G0 X100.439534 Y126.986187 Z18.98
G0 X100 Y127 Z19
G0 X99.560466 Y126.986187 Z19.02
G0 X99.122667 Y126.944803 Z19.04
G0 X98.688331 Y126.876011 Z19.06
G0 X98.259171 Y126.780082 Z19.08
G0 X97.836881 Y126.657396 Z19.1
G0 X97.423128 Y126.508435 Z19.12
G0 X97.019545 Y126.333789 Z19.14
G0 X96.627724 Y126.134147 Z19.16
G0 X96.249212 Y125.910295 Z19.18
G0 X95.885503 Y125.663119 Z19.2
G0 X95.538032 Y125.393593 Z19.22
G0 X95.20817 Y125.10278 Z19.24
G0 X94.89722 Y124.79183 Z19.26
G0 X94.606407 Y124.461968 Z19.28
G0 X94.336881 Y124.114497 Z19.3
G0 X94.089705 Y123.750788 Z19.32
G0 X93.865853 Y123.372276 Z19.34
G0 X93.666211 Y122.980455 Z19.36
G0 X93.491565 Y122.576872 Z19.38
G0 X93.342604 Y122.163119 Z19.4
G0 X93.219918 Y121.740829 Z19.42
G0 X93.123989 Y121.311669 Z19.44
G0 X93.055197 Y120.877333 Z19.46
G0 X93.013813 Y120.439534 Z19.48
G0 X93 Y120 Z19.5
G0 X93.013813 Y119.560466 Z19.52
G0 X93.055197 Y119.122667 Z19.54
G0 X93.123989 Y118.688331 Z19.56
G0 X93.219918 Y118.259171 Z19.58
G0 X93.342604 Y117.836881 Z19.6
G0 X93.491565 Y117.423128 Z19.62
G0 X93.666211 Y117.019545 Z19.64
G0 X93.865853 Y116.627724 Z19.66
G0 X94.089705 Y116.249212 Z19.68
G0 X94.336881 Y115.885503 Z19.7
G0 X94.606407 Y115.538032 Z19.72
G0 X94.89722 Y115.20817 Z19.74
G0 X95.20817 Y114.89722 Z19.76
G0 X95.538032 Y114.606407 Z19.78
G0 X95.885503 Y114.336881 Z19.8
G0 X96.249212 Y114.089705 Z19.82
G0 X96.627724 Y113.865853 Z19.84
G0 X97.019545 Y113.666211 Z19.86
G0 X97.423128 Y113.491565 Z19.88
G0 X97.836881 Y113.342604 Z19.9
G0 X98.259171 Y113.219918 Z19.92
G0 X98.688331 Y113.123989 Z19.94
G0 X99.122667 Y113.055197 Z19.96
G0 X99.560466 Y113.013813 Z19.98
G0 X100 Y113 Z20
M84