
G90
G21
M83
M104 S0
M106 S0
M140 S0
G92 X0 Y0 Z4.80

G0 F7200 X0 Y0 Z0
G0 F100 Z10
G0 Z0
G0 Z10
G0 Z0
G0 Z10
G0 F7200 X70 Y20
G0 Y70
G0 X20
G0 Y20
G0 F3600 X70
G0 Y70
G0 X20
G0 Y20
G0 F3000 X70
G0 Y70
G0 X20
G0 Y20
G0 F1500 X70
G0 Y70
G0 X20
G0 Y20
G0 F750 X70
G0 Y70
G0 X20
G0 Y20
G0 F1500 X50 Y40
G0 X49.372095 Y40.019733 Z10.05
G0 X48.746668 Y40.078853 Z10.1
G0 X48.126187 Y40.177127 Z10.15
G0 X47.513101 Y40.314168 Z10.2
G0 X46.90983 Y40.489435 Z10.25
G0 X46.318754 Y40.702235 Z10.3
G0 X45.742207 Y40.951729 Z10.35
G0 X45.182463 Y41.236933 Z10.4
G0 X44.641732 Y41.556721 Z10.45
G0 X44.122147 Y41.90983 Z10.5
G0 X43.62576 Y42.294868 Z10.55
G0 X43.154529 Y42.710314 Z10.6
G0 X42.710314 Y43.154529 Z10.65
G0 X42.294868 Y43.62576 Z10.7
G0 X41.90983 Y44.122147 Z10.75
G0 X41.556721 Y44.641732 Z10.8
G0 X41.236933 Y45.182463 Z10.85
G0 X40.951729 Y45.742207 Z10.9
G0 X40.702235 Y46.318754 Z10.95
G0 X40.489435 Y46.90983 Z11
G0 X40.314168 Y47.513101 Z11.05
G0 X40.177127 Y48.126187 Z11.1
G0 X40.078853 Y48.746668 Z11.15
G0 X40.019733 Y49.372095 Z11.2
G0 X40 Y50 Z11.25
G0 X40.019733 Y50.627905 Z11.3
G0 X40.078853 Y51.253332 Z11.35
G0 X40.177127 Y51.873813 Z11.4
G0 X40.314168 Y52.486899 Z11.45
G0 X40.489435 Y53.09017 Z11.5
G0 X40.702235 Y53.681246 Z11.55
G0 X40.951729 Y54.257793 Z11.6
G0 X41.236933 Y54.817537 Z11.65
G0 X41.556721 Y55.358268 Z11.7
G0 X41.90983 Y55.877853 Z11.75
G0 X42.294868 Y56.37424 Z11.8
G0 X42.710314 Y56.845471 Z11.85
G0 X43.154529 Y57.289686 Z11.9
G0 X43.62576 Y57.705132 Z11.95
G0 X44.122147 Y58.09017 Z12
G0 X44.641732 Y58.443279 Z12.05
G0 X45.182463 Y58.763067 Z12.1
G0 X45.742207 Y59.048271 Z12.15
G0 X46.318754 Y59.297765 Z12.2
G0 X46.90983 Y59.510565 Z12.25
G0 X47.513101 Y59.685832 Z12.3
G0 X48.126187 Y59.822873 Z12.35
G0 X48.746668 Y59.921147 Z12.4
G0 X49.372095 Y59.980267 Z12.45
G0 X50 Y60 Z12.5
G0 X50.627905 Y59.980267 Z12.55
G0 X51.253332 Y59.921147 Z12.6
G0 X51.873813 Y59.822873 Z12.65
G0 X52.486899 Y59.685832 Z12.7
G0 X53.09017 Y59.510565 Z12.75
G0 X53.681246 Y59.297765 Z12.8
G0 X54.257793 Y59.048271 Z12.85
G0 X54.817537 Y58.763067 Z12.9
G0 X55.358268 Y58.443279 Z12.95
G0 X55.877853 Y58.09017 Z13
G0 X56.37424 Y57.705132 Z13.05
G0 X56.845471 Y57.289686 Z13.1
G0 X57.289686 Y56.845471 Z13.15
G0 X57.705132 Y56.37424 Z13.2
G0 X58.09017 Y55.877853 Z13.25
G0 X58.443279 Y55.358268 Z13.3
G0 X58.763067 Y54.817537 Z13.35
G0 X59.048271 Y54.257793 Z13.4
G0 X59.297765 Y53.681246 Z13.45
G0 X59.510565 Y53.09017 Z13.5
G0 X59.685832 Y52.486899 Z13.55
G0 X59.822873 Y51.873813 Z13.6
G0 X59.921147 Y51.253332 Z13.65
G0 X59.980267 Y50.627905 Z13.7
G0 X60 Y50 Z13.75
G0 X59.980267 Y49.372095 Z13.8
G0 X59.921147 Y48.746668 Z13.85
G0 X59.822873 Y48.126187 Z13.9
G0 X59.685832 Y47.513101 Z13.95
G0 X59.510565 Y46.90983 Z14
G0 X59.297765 Y46.318754 Z14.05
G0 X59.048271 Y45.742207 Z14.1
G0 X58.763067 Y45.182463 Z14.15
G0 X58.443279 Y44.641732 Z14.2
G0 X58.09017 Y44.122147 Z14.25
G0 X57.705132 Y43.62576 Z14.3
G0 X57.289686 Y43.154529 Z14.35
G0 X56.845471 Y42.710314 Z14.4
G0 X56.37424 Y42.294868 Z14.45
G0 X55.877853 Y41.90983 Z14.5
G0 X55.358268 Y41.556721 Z14.55
G0 X54.817537 Y41.236933 Z14.6
G0 X54.257793 Y40.951729 Z14.65
G0 X53.681246 Y40.702235 Z14.7
G0 X53.09017 Y40.489435 Z14.75
G0 X52.486899 Y40.314168 Z14.8
G0 X51.873813 Y40.177127 Z14.85
G0 X51.253332 Y40.078853 Z14.9
G0 X50.627905 Y40.019733 Z14.95
G0 X50 Y40 Z15
G0 X49.372095 Y40.019733 Z15.05
G0 X48.746668 Y40.078853 Z15.1
G0 X48.126187 Y40.177127 Z15.15
G0 X47.513101 Y40.314168 Z15.2
G0 X46.90983 Y40.489435 Z15.25
G0 X46.318754 Y40.702235 Z15.3
G0 X45.742207 Y40.951729 Z15.35
G0 X45.182463 Y41.236933 Z15.4
G0 X44.641732 Y41.556721 Z15.45
G0 X44.122147 Y41.90983 Z15.5
G0 X43.62576 Y42.294868 Z15.55
G0 X43.154529 Y42.710314 Z15.6
G0 X42.710314 Y43.154529 Z15.65
G0 X42.294868 Y43.62576 Z15.7
G0 X41.90983 Y44.122147 Z15.75
G0 X41.556721 Y44.641732 Z15.8
G0 X41.236933 Y45.182463 Z15.85
G0 X40.951729 Y45.742207 Z15.9
G0 X40.702235 Y46.318754 Z15.95
G0 X40.489435 Y46.90983 Z16
G0 X40.314168 Y47.513101 Z16.05
G0 X40.177127 Y48.126187 Z16.1
G0 X40.078853 Y48.746668 Z16.15
G0 X40.019733 Y49.372095 Z16.2
G0 X40 Y50 Z16.25
G0 X40.019733 Y50.627905 Z16.3
G0 X40.078853 Y51.253332 Z16.35
G0 X40.177127 Y51.873813 Z16.4
G0 X40.314168 Y52.486899 Z16.45
G0 X40.489435 Y53.09017 Z16.5
G0 X40.702235 Y53.681246 Z16.55
G0 X40.951729 Y54.257793 Z16.6
G0 X41.236933 Y54.817537 Z16.65
G0 X41.556721 Y55.358268 Z16.7
G0 X41.90983 Y55.877853 Z16.75
G0 X42.294868 Y56.37424 Z16.8
G0 X42.710314 Y56.845471 Z16.85
G0 X43.154529 Y57.289686 Z16.9
G0 X43.62576 Y57.705132 Z16.95
G0 X44.122147 Y58.09017 Z17
G0 X44.641732 Y58.443279 Z17.05
G0 X45.182463 Y58.763067 Z17.1
G0 X45.742207 Y59.048271 Z17.15
G0 X46.318754 Y59.297765 Z17.2
G0 X46.90983 Y59.510565 Z17.25
G0 X47.513101 Y59.685832 Z17.3
G0 X48.126187 Y59.822873 Z17.35
G0 X48.746668 Y59.921147 Z17.4
G0 X49.372095 Y59.980267 Z17.45
G0 X50 Y60 Z17.5
G0 X50.627905 Y59.980267 Z17.55
G0 X51.253332 Y59.921147 Z17.6
G0 X51.873813 Y59.822873 Z17.65
G0 X52.486899 Y59.685832 Z17.7
G0 X53.09017 Y59.510565 Z17.75
G0 X53.681246 Y59.297765 Z17.8
G0 X54.257793 Y59.048271 Z17.85
G0 X54.817537 Y58.763067 Z17.9
G0 X55.358268 Y58.443279 Z17.95
G0 X55.877853 Y58.09017 Z18
G0 X56.37424 Y57.705132 Z18.05
G0 X56.845471 Y57.289686 Z18.1
G0 X57.289686 Y56.845471 Z18.15
G0 X57.705132 Y56.37424 Z18.2
G0 X58.09017 Y55.877853 Z18.25
G0 X58.443279 Y55.358268 Z18.3
G0 X58.763067 Y54.817537 Z18.35
G0 X59.048271 Y54.257793 Z18.4
G0 X59.297765 Y53.681246 Z18.45
G0 X59.510565 Y53.09017 Z18.5
G0 X59.685832 Y52.486899 Z18.55
G0 X59.822873 Y51.873813 Z18.6
G0 X59.921147 Y51.253332 Z18.65
G0 X59.980267 Y50.627905 Z18.7
G0 X60 Y50 Z18.75
G0 X59.980267 Y49.372095 Z18.8
G0 X59.921147 Y48.746668 Z18.85
G0 X59.822873 Y48.126187 Z18.9
G0 X59.685832 Y47.513101 Z18.95
G0 X59.510565 Y46.90983 Z19
G0 X59.297765 Y46.318754 Z19.05
G0 X59.048271 Y45.742207 Z19.1
G0 X58.763067 Y45.182463 Z19.15
G0 X58.443279 Y44.641732 Z19.2
G0 X58.09017 Y44.122147 Z19.25
G0 X57.705132 Y43.62576 Z19.3
G0 X57.289686 Y43.154529 Z19.35
G0 X56.845471 Y42.710314 Z19.4
G0 X56.37424 Y42.294868 Z19.45
G0 X55.877853 Y41.90983 Z19.5
G0 X55.358268 Y41.556721 Z19.55
G0 X54.817537 Y41.236933 Z19.6
G0 X54.257793 Y40.951729 Z19.65
G0 X53.681246 Y40.702235 Z19.7
G0 X53.09017 Y40.489435 Z19.75
G0 X52.486899 Y40.314168 Z19.8
G0 X51.873813 Y40.177127 Z19.85
G0 X51.253332 Y40.078853 Z19.9
G0 X50.627905 Y40.019733 Z19.95
G0 X50 Y40 Z20
G0 F3000 X100 Y90 Z10
G0 X99.372095 Y90.019733 Z10.05
G0 X98.746668 Y90.078853 Z10.1
G0 X98.126187 Y90.177127 Z10.15
G0 X97.513101 Y90.314168 Z10.2
G0 X96.90983 Y90.489435 Z10.25
G0 X96.318754 Y90.702235 Z10.3
G0 X95.742207 Y90.951729 Z10.35
G0 X95.182463 Y91.236933 Z10.4
G0 X94.641732 Y91.556721 Z10.45
G0 X94.122147 Y91.90983 Z10.5
G0 X93.62576 Y92.294868 Z10.55
G0 X93.154529 Y92.710314 Z10.6
G0 X92.710314 Y93.154529 Z10.65
G0 X92.294868 Y93.62576 Z10.7
G0 X91.90983 Y94.122147 Z10.75
G0 X91.556721 Y94.641732 Z10.8
G0 X91.236933 Y95.182463 Z10.85
G0 X90.951729 Y95.742207 Z10.9
G0 X90.702235 Y96.318754 Z10.95
G0 X90.489435 Y96.90983 Z11
G0 X90.314168 Y97.513101 Z11.05
G0 X90.177127 Y98.126187 Z11.1
G0 X90.078853 Y98.746668 Z11.15
G0 X90.019733 Y99.372095 Z11.2
G0 X90 Y100 Z11.25
G0 X90.019733 Y100.627905 Z11.3
G0 X90.078853 Y101.253332 Z11.35
G0 X90.177127 Y101.873813 Z11.4
G0 X90.314168 Y102.486899 Z11.45
G0 X90.489435 Y103.09017 Z11.5
G0 X90.702235 Y103.681246 Z11.55
G0 X90.951729 Y104.257793 Z11.6
G0 X91.236933 Y104.817537 Z11.65
G0 X91.556721 Y105.358268 Z11.7
G0 X91.90983 Y105.877853 Z11.75
G0 X92.294868 Y106.37424 Z11.8
G0 X92.710314 Y106.845471 Z11.85
G0 X93.154529 Y107.289686 Z11.9
G0 X93.62576 Y107.705132 Z11.95
G0 X94.122147 Y108.09017 Z12
G0 X94.641732 Y108.443279 Z12.05
G0 X95.182463 Y108.763067 Z12.1
G0 X95.742207 Y109.048271 Z12.15
G0 X96.318754 Y109.297765 Z12.2
G0 X96.90983 Y109.510565 Z12.25
G0 X97.513101 Y109.685832 Z12.3
G0 X98.126187 Y109.822873 Z12.35
G0 X98.746668 Y109.921147 Z12.4
G0 X99.372095 Y109.980267 Z12.45
G0 X100 Y110 Z12.5
G0 X100.627905 Y109.980267 Z12.55
G0 X101.253332 Y109.921147 Z12.6
G0 X101.873813 Y109.822873 Z12.65
G0 X102.486899 Y109.685832 Z12.7
G0 X103.09017 Y109.510565 Z12.75
G0 X103.681246 Y109.297765 Z12.8
G0 X104.257793 Y109.048271 Z12.85
G0 X104.817537 Y108.763067 Z12.9
G0 X105.358268 Y108.443279 Z12.95
G0 X105.877853 Y108.09017 Z13
G0 X106.37424 Y107.705132 Z13.05
G0 X106.845471 Y107.289686 Z13.1
G0 X107.289686 Y106.845471 Z13.15
G0 X107.705132 Y106.37424 Z13.2
G0 X108.09017 Y105.877853 Z13.25
G0 X108.443279 Y105.358268 Z13.3
G0 X108.763067 Y104.817537 Z13.35
G0 X109.048271 Y104.257793 Z13.4
G0 X109.297765 Y103.681246 Z13.45
G0 X109.510565 Y103.09017 Z13.5
G0 X109.685832 Y102.486899 Z13.55
G0 X109.822873 Y101.873813 Z13.6
G0 X109.921147 Y101.253332 Z13.65
G0 X109.980267 Y100.627905 Z13.7
G0 X110 Y100 Z13.75
G0 X109.980267 Y99.372095 Z13.8
G0 X109.921147 Y98.746668 Z13.85
G0 X109.822873 Y98.126187 Z13.9
G0 X109.685832 Y97.513101 Z13.95
G0 X109.510565 Y96.90983 Z14
G0 X109.297765 Y96.318754 Z14.05
G0 X109.048271 Y95.742207 Z14.1
G0 X108.763067 Y95.182463 Z14.15
G0 X108.443279 Y94.641732 Z14.2
G0 X108.09017 Y94.122147 Z14.25
G0 X107.705132 Y93.62576 Z14.3
G0 X107.289686 Y93.154529 Z14.35
G0 X106.845471 Y92.710314 Z14.4
G0 X106.37424 Y92.294868 Z14.45
G0 X105.877853 Y91.90983 Z14.5
G0 X105.358268 Y91.556721 Z14.55
G0 X104.817537 Y91.236933 Z14.6
G0 X104.257793 Y90.951729 Z14.65
G0 X103.681246 Y90.702235 Z14.7
G0 X103.09017 Y90.489435 Z14.75
G0 X102.486899 Y90.314168 Z14.8
G0 X101.873813 Y90.177127 Z14.85
G0 X101.253332 Y90.078853 Z14.9
G0 X100.627905 Y90.019733 Z14.95
G0 X100 Y90 Z15
G0 X99.372095 Y90.019733 Z15.05
G0 X98.746668 Y90.078853 Z15.1
G0 X98.126187 Y90.177127 Z15.15
G0 X97.513101 Y90.314168 Z15.2
G0 X96.90983 Y90.489435 Z15.25
G0 X96.318754 Y90.702235 Z15.3
G0 X95.742207 Y90.951729 Z15.35
G0 X95.182463 Y91.236933 Z15.4
G0 X94.641732 Y91.556721 Z15.45
G0 X94.122147 Y91.90983 Z15.5
G0 X93.62576 Y92.294868 Z15.55
G0 X93.154529 Y92.710314 Z15.6
G0 X92.710314 Y93.154529 Z15.65
G0 X92.294868 Y93.62576 Z15.7
G0 X91.90983 Y94.122147 Z15.75
G0 X91.556721 Y94.641732 Z15.8
G0 X91.236933 Y95.182463 Z15.85
G0 X90.951729 Y95.742207 Z15.9
G0 X90.702235 Y96.318754 Z15.95
G0 X90.489435 Y96.90983 Z16
G0 X90.314168 Y97.513101 Z16.05
G0 X90.177127 Y98.126187 Z16.1
G0 X90.078853 Y98.746668 Z16.15
G0 X90.019733 Y99.372095 Z16.2
G0 X90 Y100 Z16.25
G0 X90.019733 Y100.627905 Z16.3
G0 X90.078853 Y101.253332 Z16.35
G0 X90.177127 Y101.873813 Z16.4
G0 X90.314168 Y102.486899 Z16.45
G0 X90.489435 Y103.09017 Z16.5
G0 X90.702235 Y103.681246 Z16.55
G0 X90.951729 Y104.257793 Z16.6
G0 X91.236933 Y104.817537 Z16.65
G0 X91.556721 Y105.358268 Z16.7
G0 X91.90983 Y105.877853 Z16.75
G0 X92.294868 Y106.37424 Z16.8
G0 X92.710314 Y106.845471 Z16.85
G0 X93.154529 Y107.289686 Z16.9
G0 X93.62576 Y107.705132 Z16.95
G0 X94.122147 Y108.09017 Z17
G0 X94.641732 Y108.443279 Z17.05
G0 X95.182463 Y108.763067 Z17.1
G0 X95.742207 Y109.048271 Z17.15
G0 X96.318754 Y109.297765 Z17.2
G0 X96.90983 Y109.510565 Z17.25
G0 X97.513101 Y109.685832 Z17.3
G0 X98.126187 Y109.822873 Z17.35
G0 X98.746668 Y109.921147 Z17.4
G0 X99.372095 Y109.980267 Z17.45
G0 X100 Y110 Z17.5
G0 X100.627905 Y109.980267 Z17.55
G0 X101.253332 Y109.921147 Z17.6
G0 X101.873813 Y109.822873 Z17.65
G0 X102.486899 Y109.685832 Z17.7
G0 X103.09017 Y109.510565 Z17.75
G0 X103.681246 Y109.297765 Z17.8
G0 X104.257793 Y109.048271 Z17.85
G0 X104.817537 Y108.763067 Z17.9
G0 X105.358268 Y108.443279 Z17.95
G0 X105.877853 Y108.09017 Z18
G0 X106.37424 Y107.705132 Z18.05
G0 X106.845471 Y107.289686 Z18.1
G0 X107.289686 Y106.845471 Z18.15
G0 X107.705132 Y106.37424 Z18.2
G0 X108.09017 Y105.877853 Z18.25
G0 X108.443279 Y105.358268 Z18.3
G0 X108.763067 Y104.817537 Z18.35
G0 X109.048271 Y104.257793 Z18.4
G0 X109.297765 Y103.681246 Z18.45
G0 X109.510565 Y103.09017 Z18.5
G0 X109.685832 Y102.486899 Z18.55
G0 X109.822873 Y101.873813 Z18.6
G0 X109.921147 Y101.253332 Z18.65
G0 X109.980267 Y100.627905 Z18.7
G0 X110 Y100 Z18.75
G0 X109.980267 Y99.372095 Z18.8
G0 X109.921147 Y98.746668 Z18.85
G0 X109.822873 Y98.126187 Z18.9
G0 X109.685832 Y97.513101 Z18.95
G0 X109.510565 Y96.90983 Z19
G0 X109.297765 Y96.318754 Z19.05
G0 X109.048271 Y95.742207 Z19.1
G0 X108.763067 Y95.182463 Z19.15
G0 X108.443279 Y94.641732 Z19.2
G0 X108.09017 Y94.122147 Z19.25
G0 X107.705132 Y93.62576 Z19.3
G0 X107.289686 Y93.154529 Z19.35
G0 X106.845471 Y92.710314 Z19.4
G0 X106.37424 Y92.294868 Z19.45
G0 X105.877853 Y91.90983 Z19.5
G0 X105.358268 Y91.556721 Z19.55
G0 X104.817537 Y91.236933 Z19.6
G0 X104.257793 Y90.951729 Z19.65
G0 X103.681246 Y90.702235 Z19.7
G0 X103.09017 Y90.489435 Z19.75
G0 X102.486899 Y90.314168 Z19.8
G0 X101.873813 Y90.177127 Z19.85
G0 X101.253332 Y90.078853 Z19.9
G0 X100.627905 Y90.019733 Z19.95
G0 X100 Y90 Z20
G0 F3600 X150 Y153 Z20
G0 X149.811628 Y152.99408 Z20.02
G0 X149.624 Y152.976344 Z20.04
G0 X149.437856 Y152.946862 Z20.06
G0 X149.25393 Y152.905749 Z20.08
G0 X149.072949 Y152.85317 Z20.1
G0 X148.895626 Y152.789329 Z20.12
G0 X148.722662 Y152.714481 Z20.14
G0 X148.554739 Y152.62892 Z20.16
G0 X148.39252 Y152.532984 Z20.18
G0 X148.236644 Y152.427051 Z20.2
G0 X148.087728 Y152.31154 Z20.22
G0 X147.946359 Y152.186906 Z20.24
G0 X147.813094 Y152.053641 Z20.26
G0 X147.68846 Y151.912272 Z20.28
G0 X147.572949 Y151.763356 Z20.3
G0 X147.467016 Y151.60748 Z20.32
G0 X147.37108 Y151.445261 Z20.34
G0 X147.285519 Y151.277338 Z20.36
G0 X147.210671 Y151.104374 Z20.38
G0 X147.14683 Y150.927051 Z20.4
G0 X147.094251 Y150.74607 Z20.42
G0 X147.053138 Y150.562144 Z20.44
G0 X147.023656 Y150.376 Z20.46
G0 X147.00592 Y150.188372 Z20.48
G0 X147 Y150 Z20.5
G0 X147.00592 Y149.811628 Z20.52
G0 X147.023656 Y149.624 Z20.54
G0 X147.053138 Y149.437856 Z20.56
G0 X147.094251 Y149.25393 Z20.58
G0 X147.14683 Y149.072949 Z20.6
G0 X147.210671 Y148.895626 Z20.62
G0 X147.285519 Y148.722662 Z20.64
G0 X147.37108 Y148.554739 Z20.66
G0 X147.467016 Y148.39252 Z20.68
G0 X147.572949 Y148.236644 Z20.7
G0 X147.68846 Y148.087728 Z20.72
G0 X147.813094 Y147.946359 Z20.74
G0 X147.946359 Y147.813094 Z20.76
G0 X148.087728 Y147.68846 Z20.78
G0 X148.236644 Y147.572949 Z20.8
G0 X148.39252 Y147.467016 Z20.82
G0 X148.554739 Y147.37108 Z20.84
G0 X148.722662 Y147.285519 Z20.86
G0 X148.895626 Y147.210671 Z20.88
G0 X149.072949 Y147.14683 Z20.9
G0 X149.25393 Y147.094251 Z20.92
G0 X149.437856 Y147.053138 Z20.94
G0 X149.624 Y147.023656 Z20.96
G0 X149.811628 Y147.00592 Z20.98
G0 X150 Y147 Z21
G0 X150.188372 Y147.00592 Z21.02
G0 X150.376 Y147.023656 Z21.04
G0 X150.562144 Y147.053138 Z21.06
G0 X150.74607 Y147.094251 Z21.08
G0 X150.927051 Y147.14683 Z21.1
G0 X151.104374 Y147.210671 Z21.12
G0 X151.277338 Y147.285519 Z21.14
G0 X151.445261 Y147.37108 Z21.16
G0 X151.60748 Y147.467016 Z21.18
G0 X151.763356 Y147.572949 Z21.2
G0 X151.912272 Y147.68846 Z21.22
G0 X152.053641 Y147.813094 Z21.24
G0 X152.186906 Y147.946359 Z21.26
G0 X152.31154 Y148.087728 Z21.28
G0 X152.427051 Y148.236644 Z21.3
G0 X152.532984 Y148.39252 Z21.32
G0 X152.62892 Y148.554739 Z21.34
G0 X152.714481 Y148.722662 Z21.36
G0 X152.789329 Y148.895626 Z21.38
G0 X152.85317 Y149.072949 Z21.4
G0 X152.905749 Y149.25393 Z21.42
G0 X152.946862 Y149.437856 Z21.44
G0 X152.976344 Y149.624 Z21.46
G0 X152.99408 Y149.811628 Z21.48
G0 X153 Y150 Z21.5
G0 X152.99408 Y150.188372 Z21.52
G0 X152.976344 Y150.376 Z21.54
G0 X152.946862 Y150.562144 Z21.56
G0 X152.905749 Y150.74607 Z21.58
G0 X152.85317 Y150.927051 Z21.6
G0 X152.789329 Y151.104374 Z21.62
G0 X152.714481 Y151.277338 Z21.64
G0 X152.62892 Y151.445261 Z21.66
G0 X152.532984 Y151.60748 Z21.68
G0 X152.427051 Y151.763356 Z21.7
G0 X152.31154 Y151.912272 Z21.72
G0 X152.186906 Y152.053641 Z21.74
G0 X152.053641 Y152.186906 Z21.76
G0 X151.912272 Y152.31154 Z21.78
G0 X151.763356 Y152.427051 Z21.8
G0 X151.60748 Y152.532984 Z21.82
G0 X151.445261 Y152.62892 Z21.84
G0 X151.277338 Y152.714481 Z21.86
G0 X151.104374 Y152.789329 Z21.88
G0 X150.927051 Y152.85317 Z21.9
G0 X150.74607 Y152.905749 Z21.92
G0 X150.562144 Y152.946862 Z21.94
G0 X150.376 Y152.976344 Z21.96
G0 X150.188372 Y152.99408 Z21.98
G0 X150 Y153 Z22
G0 X149.811628 Y152.99408 Z22.02
G0 X149.624 Y152.976344 Z22.04
G0 X149.437856 Y152.946862 Z22.06
G0 X149.25393 Y152.905749 Z22.08
G0 X149.072949 Y152.85317 Z22.1
G0 X148.895626 Y152.789329 Z22.12
G0 X148.722662 Y152.714481 Z22.14
G0 X148.554739 Y152.62892 Z22.16
G0 X148.39252 Y152.532984 Z22.18
G0 X148.236644 Y152.427051 Z22.2
G0 X148.087728 Y152.31154 Z22.22
G0 X147.946359 Y152.186906 Z22.24
G0 X147.813094 Y152.053641 Z22.26
G0 X147.68846 Y151.912272 Z22.28
G0 X147.572949 Y151.763356 Z22.3
G0 X147.467016 Y151.60748 Z22.32
G0 X147.37108 Y151.445261 Z22.34
G0 X147.285519 Y151.277338 Z22.36
G0 X147.210671 Y151.104374 Z22.38
G0 X147.14683 Y150.927051 Z22.4
G0 X147.094251 Y150.74607 Z22.42
G0 X147.053138 Y150.562144 Z22.44
G0 X147.023656 Y150.376 Z22.46
G0 X147.00592 Y150.188372 Z22.48
G0 X147 Y150 Z22.5
G0 X147.00592 Y149.811628 Z22.52
G0 X147.023656 Y149.624 Z22.54
G0 X147.053138 Y149.437856 Z22.56
G0 X147.094251 Y149.25393 Z22.58
G0 X147.14683 Y149.072949 Z22.6
G0 X147.210671 Y148.895626 Z22.62
G0 X147.285519 Y148.722662 Z22.64
G0 X147.37108 Y148.554739 Z22.66
G0 X147.467016 Y148.39252 Z22.68
G0 X147.572949 Y148.236644 Z22.7
G0 X147.68846 Y148.087728 Z22.72
G0 X147.813094 Y147.946359 Z22.74
G0 X147.946359 Y147.813094 Z22.76
G0 X148.087728 Y147.68846 Z22.78
G0 X148.236644 Y147.572949 Z22.8
G0 X148.39252 Y147.467016 Z22.82
G0 X148.554739 Y147.37108 Z22.84
G0 X148.722662 Y147.285519 Z22.86
G0 X148.895626 Y147.210671 Z22.88
G0 X149.072949 Y147.14683 Z22.9
G0 X149.25393 Y147.094251 Z22.92
G0 X149.437856 Y147.053138 Z22.94
G0 X149.624 Y147.023656 Z22.96
G0 X149.811628 Y147.00592 Z22.98
G0 X150 Y147 Z23
G0 X150.188372 Y147.00592 Z23.02
G0 X150.376 Y147.023656 Z23.04
G0 X150.562144 Y147.053138 Z23.06
G0 X150.74607 Y147.094251 Z23.08
G0 X150.927051 Y147.14683 Z23.1
G0 X151.104374 Y147.210671 Z23.12
G0 X151.277338 Y147.285519 Z23.14
G0 X151.445261 Y147.37108 Z23.16
G0 X151.60748 Y147.467016 Z23.18
G0 X151.763356 Y147.572949 Z23.2
G0 X151.912272 Y147.68846 Z23.22
G0 X152.053641 Y147.813094 Z23.24
G0 X152.186906 Y147.946359 Z23.26
G0 X152.31154 Y148.087728 Z23.28
G0 X152.427051 Y148.236644 Z23.3
G0 X152.532984 Y148.39252 Z23.32
G0 X152.62892 Y148.554739 Z23.34
G0 X152.714481 Y148.722662 Z23.36
G0 X152.789329 Y148.895626 Z23.38
G0 X152.85317 Y149.072949 Z23.4
G0 X152.905749 Y149.25393 Z23.42
G0 X152.946862 Y149.437856 Z23.44
G0 X152.976344 Y149.624 Z23.46
G0 X152.99408 Y149.811628 Z23.48
G0 X153 Y150 Z23.5
G0 X152.99408 Y150.188372 Z23.52
G0 X152.976344 Y150.376 Z23.54
G0 X152.946862 Y150.562144 Z23.56
G0 X152.905749 Y150.74607 Z23.58
G0 X152.85317 Y150.927051 Z23.6
G0 X152.789329 Y151.104374 Z23.62
G0 X152.714481 Y151.277338 Z23.64
G0 X152.62892 Y151.445261 Z23.66
G0 X152.532984 Y151.60748 Z23.68
G0 X152.427051 Y151.763356 Z23.7
G0 X152.31154 Y151.912272 Z23.72
G0 X152.186906 Y152.053641 Z23.74
G0 X152.053641 Y152.186906 Z23.76
G0 X151.912272 Y152.31154 Z23.78
G0 X151.763356 Y152.427051 Z23.8
G0 X151.60748 Y152.532984 Z23.82
G0 X151.445261 Y152.62892 Z23.84
G0 X151.277338 Y152.714481 Z23.86
G0 X151.104374 Y152.789329 Z23.88
G0 X150.927051 Y152.85317 Z23.9
G0 X150.74607 Y152.905749 Z23.92
G0 X150.562144 Y152.946862 Z23.94
G0 X150.376 Y152.976344 Z23.96
G0 X150.188372 Y152.99408 Z23.98
G0 X150 Y153 Z24
G0 X149.811628 Y152.99408 Z24.02
G0 X149.624 Y152.976344 Z24.04
G0 X149.437856 Y152.946862 Z24.06
G0 X149.25393 Y152.905749 Z24.08
G0 X149.072949 Y152.85317 Z24.1
G0 X148.895626 Y152.789329 Z24.12
G0 X148.722662 Y152.714481 Z24.14
G0 X148.554739 Y152.62892 Z24.16
G0 X148.39252 Y152.532984 Z24.18
G0 X148.236644 Y152.427051 Z24.2
G0 X148.087728 Y152.31154 Z24.22
G0 X147.946359 Y152.186906 Z24.24
G0 X147.813094 Y152.053641 Z24.26
G0 X147.68846 Y151.912272 Z24.28
G0 X147.572949 Y151.763356 Z24.3
G0 X147.467016 Y151.60748 Z24.32
G0 X147.37108 Y151.445261 Z24.34
G0 X147.285519 Y151.277338 Z24.36
G0 X147.210671 Y151.104374 Z24.38
G0 X147.14683 Y150.927051 Z24.4
G0 X147.094251 Y150.74607 Z24.42
G0 X147.053138 Y150.562144 Z24.44
G0 X147.023656 Y150.376 Z24.46
G0 X147.00592 Y150.188372 Z24.48
G0 X147 Y150 Z24.5
G0 X147.00592 Y149.811628 Z24.52
G0 X147.023656 Y149.624 Z24.54
G0 X147.053138 Y149.437856 Z24.56
G0 X147.094251 Y149.25393 Z24.58
G0 X147.14683 Y149.072949 Z24.6
G0 X147.210671 Y148.895626 Z24.62
G0 X147.285519 Y148.722662 Z24.64
G0 X147.37108 Y148.554739 Z24.66
G0 X147.467016 Y148.39252 Z24.68
G0 X147.572949 Y148.236644 Z24.7
G0 X147.68846 Y148.087728 Z24.72
G0 X147.813094 Y147.946359 Z24.74
G0 X147.946359 Y147.813094 Z24.76
G0 X148.087728 Y147.68846 Z24.78
G0 X148.236644 Y147.572949 Z24.8
G0 X148.39252 Y147.467016 Z24.82
G0 X148.554739 Y147.37108 Z24.84
G0 X148.722662 Y147.285519 Z24.86
G0 X148.895626 Y147.210671 Z24.88
G0 X149.072949 Y147.14683 Z24.9
G0 X149.25393 Y147.094251 Z24.92
G0 X149.437856 Y147.053138 Z24.94
G0 X149.624 Y147.023656 Z24.96
G0 X149.811628 Y147.00592 Z24.98
G0 X150 Y147 Z25
G0 X150.188372 Y147.00592 Z25.02
G0 X150.376 Y147.023656 Z25.04
G0 X150.562144 Y147.053138 Z25.06
G0 X150.74607 Y147.094251 Z25.08
G0 X150.927051 Y147.14683 Z25.1
G0 X151.104374 Y147.210671 Z25.12
G0 X151.277338 Y147.285519 Z25.14
G0 X151.445261 Y147.37108 Z25.16
G0 X151.60748 Y147.467016 Z25.18
G0 X151.763356 Y147.572949 Z25.2
G0 X151.912272 Y147.68846 Z25.22
G0 X152.053641 Y147.813094 Z25.24
G0 X152.186906 Y147.946359 Z25.26
G0 X152.31154 Y148.087728 Z25.28
G0 X152.427051 Y148.236644 Z25.3
G0 X152.532984 Y148.39252 Z25.32
G0 X152.62892 Y148.554739 Z25.34
G0 X152.714481 Y148.722662 Z25.36
G0 X152.789329 Y148.895626 Z25.38
G0 X152.85317 Y149.072949 Z25.4
G0 X152.905749 Y149.25393 Z25.42
G0 X152.946862 Y149.437856 Z25.44
G0 X152.976344 Y149.624 Z25.46
G0 X152.99408 Y149.811628 Z25.48
G0 X153 Y150 Z25.5
G0 X152.99408 Y150.188372 Z25.52
G0 X152.976344 Y150.376 Z25.54
G0 X152.946862 Y150.562144 Z25.56
G0 X152.905749 Y150.74607 Z25.58
G0 X152.85317 Y150.927051 Z25.6
G0 X152.789329 Y151.104374 Z25.62
G0 X152.714481 Y151.277338 Z25.64
G0 X152.62892 Y151.445261 Z25.66
G0 X152.532984 Y151.60748 Z25.68
G0 X152.427051 Y151.763356 Z25.7
G0 X152.31154 Y151.912272 Z25.72
G0 X152.186906 Y152.053641 Z25.74
G0 X152.053641 Y152.186906 Z25.76
G0 X151.912272 Y152.31154 Z25.78
G0 X151.763356 Y152.427051 Z25.8
G0 X151.60748 Y152.532984 Z25.82
G0 X151.445261 Y152.62892 Z25.84
G0 X151.277338 Y152.714481 Z25.86
G0 X151.104374 Y152.789329 Z25.88
G0 X150.927051 Y152.85317 Z25.9
G0 X150.74607 Y152.905749 Z25.92
G0 X150.562144 Y152.946862 Z25.94
G0 X150.376 Y152.976344 Z25.96
G0 X150.188372 Y152.99408 Z25.98
G0 X150 Y153 Z26
G0 X149.811628 Y152.99408 Z26.02
G0 X149.624 Y152.976344 Z26.04
G0 X149.437856 Y152.946862 Z26.06
G0 X149.25393 Y152.905749 Z26.08
G0 X149.072949 Y152.85317 Z26.1
G0 X148.895626 Y152.789329 Z26.12
G0 X148.722662 Y152.714481 Z26.14
G0 X148.554739 Y152.62892 Z26.16
G0 X148.39252 Y152.532984 Z26.18
G0 X148.236644 Y152.427051 Z26.2
G0 X148.087728 Y152.31154 Z26.22
G0 X147.946359 Y152.186906 Z26.24
G0 X147.813094 Y152.053641 Z26.26
G0 X147.68846 Y151.912272 Z26.28
G0 X147.572949 Y151.763356 Z26.3
G0 X147.467016 Y151.60748 Z26.32
G0 X147.37108 Y151.445261 Z26.34
G0 X147.285519 Y151.277338 Z26.36
G0 X147.210671 Y151.104374 Z26.38
G0 X147.14683 Y150.927051 Z26.4
G0 X147.094251 Y150.74607 Z26.42
G0 X147.053138 Y150.562144 Z26.44
G0 X147.023656 Y150.376 Z26.46
G0 X147.00592 Y150.188372 Z26.48
G0 X147 Y150 Z26.5
G0 X147.00592 Y149.811628 Z26.52
G0 X147.023656 Y149.624 Z26.54
G0 X147.053138 Y149.437856 Z26.56
G0 X147.094251 Y149.25393 Z26.58
G0 X147.14683 Y149.072949 Z26.6
G0 X147.210671 Y148.895626 Z26.62
G0 X147.285519 Y148.722662 Z26.64
G0 X147.37108 Y148.554739 Z26.66
G0 X147.467016 Y148.39252 Z26.68
G0 X147.572949 Y148.236644 Z26.7
G0 X147.68846 Y148.087728 Z26.72
G0 X147.813094 Y147.946359 Z26.74
G0 X147.946359 Y147.813094 Z26.76
G0 X148.087728 Y147.68846 Z26.78
G0 X148.236644 Y147.572949 Z26.8
G0 X148.39252 Y147.467016 Z26.82
G0 X148.554739 Y147.37108 Z26.84
G0 X148.722662 Y147.285519 Z26.86
G0 X148.895626 Y147.210671 Z26.88
G0 X149.072949 Y147.14683 Z26.9
G0 X149.25393 Y147.094251 Z26.92
G0 X149.437856 Y147.053138 Z26.94
G0 X149.624 Y147.023656 Z26.96
G0 X149.811628 Y147.00592 Z26.98
G0 X150 Y147 Z27
G0 X150.188372 Y147.00592 Z27.02
G0 X150.376 Y147.023656 Z27.04
G0 X150.562144 Y147.053138 Z27.06
G0 X150.74607 Y147.094251 Z27.08
G0 X150.927051 Y147.14683 Z27.1
G0 X151.104374 Y147.210671 Z27.12
G0 X151.277338 Y147.285519 Z27.14
G0 X151.445261 Y147.37108 Z27.16
G0 X151.60748 Y147.467016 Z27.18
G0 X151.763356 Y147.572949 Z27.2
G0 X151.912272 Y147.68846 Z27.22
G0 X152.053641 Y147.813094 Z27.24
G0 X152.186906 Y147.946359 Z27.26
G0 X152.31154 Y148.087728 Z27.28
G0 X152.427051 Y148.236644 Z27.3
G0 X152.532984 Y148.39252 Z27.32
G0 X152.62892 Y148.554739 Z27.34
G0 X152.714481 Y148.722662 Z27.36
G0 X152.789329 Y148.895626 Z27.38
G0 X152.85317 Y149.072949 Z27.4
G0 X152.905749 Y149.25393 Z27.42
G0 X152.946862 Y149.437856 Z27.44
G0 X152.976344 Y149.624 Z27.46
G0 X152.99408 Y149.811628 Z27.48
G0 X153 Y150 Z27.5
G0 X152.99408 Y150.188372 Z27.52
G0 X152.976344 Y150.376 Z27.54
G0 X152.946862 Y150.562144 Z27.56
G0 X152.905749 Y150.74607 Z27.58
G0 X152.85317 Y150.927051 Z27.6
G0 X152.789329 Y151.104374 Z27.62
G0 X152.714481 Y151.277338 Z27.64
G0 X152.62892 Y151.445261 Z27.66
G0 X152.532984 Y151.60748 Z27.68
G0 X152.427051 Y151.763356 Z27.7
G0 X152.31154 Y151.912272 Z27.72
G0 X152.186906 Y152.053641 Z27.74
G0 X152.053641 Y152.186906 Z27.76
G0 X151.912272 Y152.31154 Z27.78
G0 X151.763356 Y152.427051 Z27.8
G0 X151.60748 Y152.532984 Z27.82
G0 X151.445261 Y152.62892 Z27.84
G0 X151.277338 Y152.714481 Z27.86
G0 X151.104374 Y152.789329 Z27.88
G0 X150.927051 Y152.85317 Z27.9
G0 X150.74607 Y152.905749 Z27.92
G0 X150.562144 Y152.946862 Z27.94
G0 X150.376 Y152.976344 Z27.96
G0 X150.188372 Y152.99408 Z27.98
G0 X150 Y153 Z28
G0 X149.811628 Y152.99408 Z28.02
G0 X149.624 Y152.976344 Z28.04
G0 X149.437856 Y152.946862 Z28.06
G0 X149.25393 Y152.905749 Z28.08
G0 X149.072949 Y152.85317 Z28.1
G0 X148.895626 Y152.789329 Z28.12
G0 X148.722662 Y152.714481 Z28.14
G0 X148.554739 Y152.62892 Z28.16
G0 X148.39252 Y152.532984 Z28.18
G0 X148.236644 Y152.427051 Z28.2
G0 X148.087728 Y152.31154 Z28.22
G0 X147.946359 Y152.186906 Z28.24
G0 X147.813094 Y152.053641 Z28.26
G0 X147.68846 Y151.912272 Z28.28
G0 X147.572949 Y151.763356 Z28.3
G0 X147.467016 Y151.60748 Z28.32
G0 X147.37108 Y151.445261 Z28.34
G0 X147.285519 Y151.277338 Z28.36
G0 X147.210671 Y151.104374 Z28.38
G0 X147.14683 Y150.927051 Z28.4
G0 X147.094251 Y150.74607 Z28.42
G0 X147.053138 Y150.562144 Z28.44
G0 X147.023656 Y150.376 Z28.46
G0 X147.00592 Y150.188372 Z28.48
G0 X147 Y150 Z28.5
G0 X147.00592 Y149.811628 Z28.52
G0 X147.023656 Y149.624 Z28.54
G0 X147.053138 Y149.437856 Z28.56
G0 X147.094251 Y149.25393 Z28.58
G0 X147.14683 Y149.072949 Z28.6
G0 X147.210671 Y148.895626 Z28.62
G0 X147.285519 Y148.722662 Z28.64
G0 X147.37108 Y148.554739 Z28.66
G0 X147.467016 Y148.39252 Z28.68
G0 X147.572949 Y148.236644 Z28.7
G0 X147.68846 Y148.087728 Z28.72
G0 X147.813094 Y147.946359 Z28.74
G0 X147.946359 Y147.813094 Z28.76
G0 X148.087728 Y147.68846 Z28.78
G0 X148.236644 Y147.572949 Z28.8
G0 X148.39252 Y147.467016 Z28.82
G0 X148.554739 Y147.37108 Z28.84
G0 X148.722662 Y147.285519 Z28.86
G0 X148.895626 Y147.210671 Z28.88
G0 X149.072949 Y147.14683 Z28.9
G0 X149.25393 Y147.094251 Z28.92
G0 X149.437856 Y147.053138 Z28.94
G0 X149.624 Y147.023656 Z28.96
G0 X149.811628 Y147.00592 Z28.98
G0 X150 Y147 Z29
G0 X150.188372 Y147.00592 Z29.02
G0 X150.376 Y147.023656 Z29.04
G0 X150.562144 Y147.053138 Z29.06
G0 X150.74607 Y147.094251 Z29.08
G0 X150.927051 Y147.14683 Z29.1
G0 X151.104374 Y147.210671 Z29.12
G0 X151.277338 Y147.285519 Z29.14
G0 X151.445261 Y147.37108 Z29.16
G0 X151.60748 Y147.467016 Z29.18
G0 X151.763356 Y147.572949 Z29.2
G0 X151.912272 Y147.68846 Z29.22
G0 X152.053641 Y147.813094 Z29.24
G0 X152.186906 Y147.946359 Z29.26
G0 X152.31154 Y148.087728 Z29.28
G0 X152.427051 Y148.236644 Z29.3
G0 X152.532984 Y148.39252 Z29.32
G0 X152.62892 Y148.554739 Z29.34
G0 X152.714481 Y148.722662 Z29.36
G0 X152.789329 Y148.895626 Z29.38
G0 X152.85317 Y149.072949 Z29.4
G0 X152.905749 Y149.25393 Z29.42
G0 X152.946862 Y149.437856 Z29.44
G0 X152.976344 Y149.624 Z29.46
G0 X152.99408 Y149.811628 Z29.48
G0 X153 Y150 Z29.5
G0 X152.99408 Y150.188372 Z29.52
G0 X152.976344 Y150.376 Z29.54
G0 X152.946862 Y150.562144 Z29.56
G0 X152.905749 Y150.74607 Z29.58
G0 X152.85317 Y150.927051 Z29.6
G0 X152.789329 Y151.104374 Z29.62
G0 X152.714481 Y151.277338 Z29.64
G0 X152.62892 Y151.445261 Z29.66
G0 X152.532984 Y151.60748 Z29.68
G0 X152.427051 Y151.763356 Z29.7
G0 X152.31154 Y151.912272 Z29.72
G0 X152.186906 Y152.053641 Z29.74
G0 X152.053641 Y152.186906 Z29.76
G0 X151.912272 Y152.31154 Z29.78
G0 X151.763356 Y152.427051 Z29.8
G0 X151.60748 Y152.532984 Z29.82
G0 X151.445261 Y152.62892 Z29.84
G0 X151.277338 Y152.714481 Z29.86
G0 X151.104374 Y152.789329 Z29.88
G0 X150.927051 Y152.85317 Z29.9
G0 X150.74607 Y152.905749 Z29.92
G0 X150.562144 Y152.946862 Z29.94
G0 X150.376 Y152.976344 Z29.96
G0 X150.188372 Y152.99408 Z29.98
G0 X150 Y153 Z30
G0 X149.811628 Y152.99408 Z30.02
G0 X149.624 Y152.976344 Z30.04
G0 X149.437856 Y152.946862 Z30.06
G0 X149.25393 Y152.905749 Z30.08
G0 X149.072949 Y152.85317 Z30.1
G0 X148.895626 Y152.789329 Z30.12
G0 X148.722662 Y152.714481 Z30.14
G0 X148.554739 Y152.62892 Z30.16
G0 X148.39252 Y152.532984 Z30.18
G0 X148.236644 Y152.427051 Z30.2
G0 X148.087728 Y152.31154 Z30.22
G0 X147.946359 Y152.186906 Z30.24
G0 X147.813094 Y152.053641 Z30.26
G0 X147.68846 Y151.912272 Z30.28
G0 X147.572949 Y151.763356 Z30.3
G0 X147.467016 Y151.60748 Z30.32
G0 X147.37108 Y151.445261 Z30.34
G0 X147.285519 Y151.277338 Z30.36
G0 X147.210671 Y151.104374 Z30.38
G0 X147.14683 Y150.927051 Z30.4
G0 X147.094251 Y150.74607 Z30.42
G0 X147.053138 Y150.562144 Z30.44
G0 X147.023656 Y150.376 Z30.46
G0 X147.00592 Y150.188372 Z30.48
G0 X147 Y150 Z30.5
G0 X147.00592 Y149.811628 Z30.52
G0 X147.023656 Y149.624 Z30.54
G0 X147.053138 Y149.437856 Z30.56
G0 X147.094251 Y149.25393 Z30.58
G0 X147.14683 Y149.072949 Z30.6
G0 X147.210671 Y148.895626 Z30.62
G0 X147.285519 Y148.722662 Z30.64
G0 X147.37108 Y148.554739 Z30.66
G0 X147.467016 Y148.39252 Z30.68
G0 X147.572949 Y148.236644 Z30.7
G0 X147.68846 Y148.087728 Z30.72
G0 X147.813094 Y147.946359 Z30.74
G0 X147.946359 Y147.813094 Z30.76
G0 X148.087728 Y147.68846 Z30.78
G0 X148.236644 Y147.572949 Z30.8
G0 X148.39252 Y147.467016 Z30.82
G0 X148.554739 Y147.37108 Z30.84
G0 X148.722662 Y147.285519 Z30.86
G0 X148.895626 Y147.210671 Z30.88
G0 X149.072949 Y147.14683 Z30.9
G0 X149.25393 Y147.094251 Z30.92
G0 X149.437856 Y147.053138 Z30.94
G0 X149.624 Y147.023656 Z30.96
G0 X149.811628 Y147.00592 Z30.98
G0 X150 Y147 Z31
G0 X150.188372 Y147.00592 Z31.02
G0 X150.376 Y147.023656 Z31.04
G0 X150.562144 Y147.053138 Z31.06
G0 X150.74607 Y147.094251 Z31.08
G0 X150.927051 Y147.14683 Z31.1
G0 X151.104374 Y147.210671 Z31.12
G0 X151.277338 Y147.285519 Z31.14
G0 X151.445261 Y147.37108 Z31.16
G0 X151.60748 Y147.467016 Z31.18
G0 X151.763356 Y147.572949 Z31.2
G0 X151.912272 Y147.68846 Z31.22
G0 X152.053641 Y147.813094 Z31.24
G0 X152.186906 Y147.946359 Z31.26
G0 X152.31154 Y148.087728 Z31.28
G0 X152.427051 Y148.236644 Z31.3
G0 X152.532984 Y148.39252 Z31.32
G0 X152.62892 Y148.554739 Z31.34
G0 X152.714481 Y148.722662 Z31.36
G0 X152.789329 Y148.895626 Z31.38
G0 X152.85317 Y149.072949 Z31.4
G0 X152.905749 Y149.25393 Z31.42
G0 X152.946862 Y149.437856 Z31.44
G0 X152.976344 Y149.624 Z31.46
G0 X152.99408 Y149.811628 Z31.48
G0 X153 Y150 Z31.5
G0 X152.99408 Y150.188372 Z31.52
G0 X152.976344 Y150.376 Z31.54
G0 X152.946862 Y150.562144 Z31.56
G0 X152.905749 Y150.74607 Z31.58
G0 X152.85317 Y150.927051 Z31.6
G0 X152.789329 Y151.104374 Z31.62
G0 X152.714481 Y151.277338 Z31.64
G0 X152.62892 Y151.445261 Z31.66
G0 X152.532984 Y151.60748 Z31.68
G0 X152.427051 Y151.763356 Z31.7
G0 X152.31154 Y151.912272 Z31.72
G0 X152.186906 Y152.053641 Z31.74
G0 X152.053641 Y152.186906 Z31.76
G0 X151.912272 Y152.31154 Z31.78
G0 X151.763356 Y152.427051 Z31.8
G0 X151.60748 Y152.532984 Z31.82
G0 X151.445261 Y152.62892 Z31.84
G0 X151.277338 Y152.714481 Z31.86
G0 X151.104374 Y152.789329 Z31.88
G0 X150.927051 Y152.85317 Z31.9
G0 X150.74607 Y152.905749 Z31.92
G0 X150.562144 Y152.946862 Z31.94
G0 X150.376 Y152.976344 Z31.96
G0 X150.188372 Y152.99408 Z31.98
G0 X150 Y153 Z32
G0 X149.811628 Y152.99408 Z32.02
G0 X149.624 Y152.976344 Z32.04
G0 X149.437856 Y152.946862 Z32.06
G0 X149.25393 Y152.905749 Z32.08
G0 X149.072949 Y152.85317 Z32.1
G0 X148.895626 Y152.789329 Z32.12
G0 X148.722662 Y152.714481 Z32.14
G0 X148.554739 Y152.62892 Z32.16
G0 X148.39252 Y152.532984 Z32.18
G0 X148.236644 Y152.427051 Z32.2
G0 X148.087728 Y152.31154 Z32.22
G0 X147.946359 Y152.186906 Z32.24
G0 X147.813094 Y152.053641 Z32.26
G0 X147.68846 Y151.912272 Z32.28
G0 X147.572949 Y151.763356 Z32.3
G0 X147.467016 Y151.60748 Z32.32
G0 X147.37108 Y151.445261 Z32.34
G0 X147.285519 Y151.277338 Z32.36
G0 X147.210671 Y151.104374 Z32.38
G0 X147.14683 Y150.927051 Z32.4
G0 X147.094251 Y150.74607 Z32.42
G0 X147.053138 Y150.562144 Z32.44
G0 X147.023656 Y150.376 Z32.46
G0 X147.00592 Y150.188372 Z32.48
G0 X147 Y150 Z32.5
G0 X147.00592 Y149.811628 Z32.52
G0 X147.023656 Y149.624 Z32.54
G0 X147.053138 Y149.437856 Z32.56
G0 X147.094251 Y149.25393 Z32.58
G0 X147.14683 Y149.072949 Z32.6
G0 X147.210671 Y148.895626 Z32.62
G0 X147.285519 Y148.722662 Z32.64
G0 X147.37108 Y148.554739 Z32.66
G0 X147.467016 Y148.39252 Z32.68
G0 X147.572949 Y148.236644 Z32.7
G0 X147.68846 Y148.087728 Z32.72
G0 X147.813094 Y147.946359 Z32.74
G0 X147.946359 Y147.813094 Z32.76
G0 X148.087728 Y147.68846 Z32.78
G0 X148.236644 Y147.572949 Z32.8
G0 X148.39252 Y147.467016 Z32.82
G0 X148.554739 Y147.37108 Z32.84
G0 X148.722662 Y147.285519 Z32.86
G0 X148.895626 Y147.210671 Z32.88
G0 X149.072949 Y147.14683 Z32.9
G0 X149.25393 Y147.094251 Z32.92
G0 X149.437856 Y147.053138 Z32.94
G0 X149.624 Y147.023656 Z32.96
G0 X149.811628 Y147.00592 Z32.98
G0 X150 Y147 Z33
G0 X150.188372 Y147.00592 Z33.02
G0 X150.376 Y147.023656 Z33.04
G0 X150.562144 Y147.053138 Z33.06
G0 X150.74607 Y147.094251 Z33.08
G0 X150.927051 Y147.14683 Z33.1
G0 X151.104374 Y147.210671 Z33.12
G0 X151.277338 Y147.285519 Z33.14
G0 X151.445261 Y147.37108 Z33.16
G0 X151.60748 Y147.467016 Z33.18
G0 X151.763356 Y147.572949 Z33.2
G0 X151.912272 Y147.68846 Z33.22
G0 X152.053641 Y147.813094 Z33.24
G0 X152.186906 Y147.946359 Z33.26
G0 X152.31154 Y148.087728 Z33.28
G0 X152.427051 Y148.236644 Z33.3
G0 X152.532984 Y148.39252 Z33.32
G0 X152.62892 Y148.554739 Z33.34
G0 X152.714481 Y148.722662 Z33.36
G0 X152.789329 Y148.895626 Z33.38
G0 X152.85317 Y149.072949 Z33.4
G0 X152.905749 Y149.25393 Z33.42
G0 X152.946862 Y149.437856 Z33.44
G0 X152.976344 Y149.624 Z33.46
G0 X152.99408 Y149.811628 Z33.48
G0 X153 Y150 Z33.5
G0 X152.99408 Y150.188372 Z33.52
G0 X152.976344 Y150.376 Z33.54
G0 X152.946862 Y150.562144 Z33.56
G0 X152.905749 Y150.74607 Z33.58
G0 X152.85317 Y150.927051 Z33.6
G0 X152.789329 Y151.104374 Z33.62
G0 X152.714481 Y151.277338 Z33.64
G0 X152.62892 Y151.445261 Z33.66
G0 X152.532984 Y151.60748 Z33.68
G0 X152.427051 Y151.763356 Z33.7
G0 X152.31154 Y151.912272 Z33.72
G0 X152.186906 Y152.053641 Z33.74
G0 X152.053641 Y152.186906 Z33.76
G0 X151.912272 Y152.31154 Z33.78
G0 X151.763356 Y152.427051 Z33.8
G0 X151.60748 Y152.532984 Z33.82
G0 X151.445261 Y152.62892 Z33.84
G0 X151.277338 Y152.714481 Z33.86
G0 X151.104374 Y152.789329 Z33.88
G0 X150.927051 Y152.85317 Z33.9
G0 X150.74607 Y152.905749 Z33.92
G0 X150.562144 Y152.946862 Z33.94
G0 X150.376 Y152.976344 Z33.96
G0 X150.188372 Y152.99408 Z33.98
G0 X150 Y153 Z34
G0 X149.811628 Y152.99408 Z34.02
G0 X149.624 Y152.976344 Z34.04
G0 X149.437856 Y152.946862 Z34.06
G0 X149.25393 Y152.905749 Z34.08
G0 X149.072949 Y152.85317 Z34.1
G0 X148.895626 Y152.789329 Z34.12
G0 X148.722662 Y152.714481 Z34.14
G0 X148.554739 Y152.62892 Z34.16
G0 X148.39252 Y152.532984 Z34.18
G0 X148.236644 Y152.427051 Z34.2
G0 X148.087728 Y152.31154 Z34.22
G0 X147.946359 Y152.186906 Z34.24
G0 X147.813094 Y152.053641 Z34.26
G0 X147.68846 Y151.912272 Z34.28
G0 X147.572949 Y151.763356 Z34.3
G0 X147.467016 Y151.60748 Z34.32
G0 X147.37108 Y151.445261 Z34.34
G0 X147.285519 Y151.277338 Z34.36
G0 X147.210671 Y151.104374 Z34.38
G0 X147.14683 Y150.927051 Z34.4
G0 X147.094251 Y150.74607 Z34.42
G0 X147.053138 Y150.562144 Z34.44
G0 X147.023656 Y150.376 Z34.46
G0 X147.00592 Y150.188372 Z34.48
G0 X147 Y150 Z34.5
G0 X147.00592 Y149.811628 Z34.52
G0 X147.023656 Y149.624 Z34.54
G0 X147.053138 Y149.437856 Z34.56
G0 X147.094251 Y149.25393 Z34.58
G0 X147.14683 Y149.072949 Z34.6
G0 X147.210671 Y148.895626 Z34.62
G0 X147.285519 Y148.722662 Z34.64
G0 X147.37108 Y148.554739 Z34.66
G0 X147.467016 Y148.39252 Z34.68
G0 X147.572949 Y148.236644 Z34.7
G0 X147.68846 Y148.087728 Z34.72
G0 X147.813094 Y147.946359 Z34.74
G0 X147.946359 Y147.813094 Z34.76
G0 X148.087728 Y147.68846 Z34.78
G0 X148.236644 Y147.572949 Z34.8
G0 X148.39252 Y147.467016 Z34.82
G0 X148.554739 Y147.37108 Z34.84
G0 X148.722662 Y147.285519 Z34.86
G0 X148.895626 Y147.210671 Z34.88
G0 X149.072949 Y147.14683 Z34.9
G0 X149.25393 Y147.094251 Z34.92
G0 X149.437856 Y147.053138 Z34.94
G0 X149.624 Y147.023656 Z34.96
G0 X149.811628 Y147.00592 Z34.98
G0 X150 Y147 Z35
G0 X150.188372 Y147.00592 Z35.02
G0 X150.376 Y147.023656 Z35.04
G0 X150.562144 Y147.053138 Z35.06
G0 X150.74607 Y147.094251 Z35.08
G0 X150.927051 Y147.14683 Z35.1
G0 X151.104374 Y147.210671 Z35.12
G0 X151.277338 Y147.285519 Z35.14
G0 X151.445261 Y147.37108 Z35.16
G0 X151.60748 Y147.467016 Z35.18
G0 X151.763356 Y147.572949 Z35.2
G0 X151.912272 Y147.68846 Z35.22
G0 X152.053641 Y147.813094 Z35.24
G0 X152.186906 Y147.946359 Z35.26
G0 X152.31154 Y148.087728 Z35.28
G0 X152.427051 Y148.236644 Z35.3
G0 X152.532984 Y148.39252 Z35.32
G0 X152.62892 Y148.554739 Z35.34
G0 X152.714481 Y148.722662 Z35.36
G0 X152.789329 Y148.895626 Z35.38
G0 X152.85317 Y149.072949 Z35.4
G0 X152.905749 Y149.25393 Z35.42
G0 X152.946862 Y149.437856 Z35.44
G0 X152.976344 Y149.624 Z35.46
G0 X152.99408 Y149.811628 Z35.48
G0 X153 Y150 Z35.5
G0 X152.99408 Y150.188372 Z35.52
G0 X152.976344 Y150.376 Z35.54
G0 X152.946862 Y150.562144 Z35.56
G0 X152.905749 Y150.74607 Z35.58
G0 X152.85317 Y150.927051 Z35.6
G0 X152.789329 Y151.104374 Z35.62
G0 X152.714481 Y151.277338 Z35.64
G0 X152.62892 Y151.445261 Z35.66
G0 X152.532984 Y151.60748 Z35.68
G0 X152.427051 Y151.763356 Z35.7
G0 X152.31154 Y151.912272 Z35.72
G0 X152.186906 Y152.053641 Z35.74
G0 X152.053641 Y152.186906 Z35.76
G0 X151.912272 Y152.31154 Z35.78
G0 X151.763356 Y152.427051 Z35.8
G0 X151.60748 Y152.532984 Z35.82
G0 X151.445261 Y152.62892 Z35.84
G0 X151.277338 Y152.714481 Z35.86
G0 X151.104374 Y152.789329 Z35.88
G0 X150.927051 Y152.85317 Z35.9
G0 X150.74607 Y152.905749 Z35.92
G0 X150.562144 Y152.946862 Z35.94
G0 X150.376 Y152.976344 Z35.96
G0 X150.188372 Y152.99408 Z35.98
G0 X150 Y153 Z36
G0 X149.811628 Y152.99408 Z36.02
G0 X149.624 Y152.976344 Z36.04
G0 X149.437856 Y152.946862 Z36.06
G0 X149.25393 Y152.905749 Z36.08
G0 X149.072949 Y152.85317 Z36.1
G0 X148.895626 Y152.789329 Z36.12
G0 X148.722662 Y152.714481 Z36.14
G0 X148.554739 Y152.62892 Z36.16
G0 X148.39252 Y152.532984 Z36.18
G0 X148.236644 Y152.427051 Z36.2
G0 X148.087728 Y152.31154 Z36.22
G0 X147.946359 Y152.186906 Z36.24
G0 X147.813094 Y152.053641 Z36.26
G0 X147.68846 Y151.912272 Z36.28
G0 X147.572949 Y151.763356 Z36.3
G0 X147.467016 Y151.60748 Z36.32
G0 X147.37108 Y151.445261 Z36.34
G0 X147.285519 Y151.277338 Z36.36
G0 X147.210671 Y151.104374 Z36.38
G0 X147.14683 Y150.927051 Z36.4
G0 X147.094251 Y150.74607 Z36.42
G0 X147.053138 Y150.562144 Z36.44
G0 X147.023656 Y150.376 Z36.46
G0 X147.00592 Y150.188372 Z36.48
G0 X147 Y150 Z36.5
G0 X147.00592 Y149.811628 Z36.52
G0 X147.023656 Y149.624 Z36.54
G0 X147.053138 Y149.437856 Z36.56
G0 X147.094251 Y149.25393 Z36.58
G0 X147.14683 Y149.072949 Z36.6
G0 X147.210671 Y148.895626 Z36.62
G0 X147.285519 Y148.722662 Z36.64
G0 X147.37108 Y148.554739 Z36.66
G0 X147.467016 Y148.39252 Z36.68
G0 X147.572949 Y148.236644 Z36.7
G0 X147.68846 Y148.087728 Z36.72
G0 X147.813094 Y147.946359 Z36.74
G0 X147.946359 Y147.813094 Z36.76
G0 X148.087728 Y147.68846 Z36.78
G0 X148.236644 Y147.572949 Z36.8
G0 X148.39252 Y147.467016 Z36.82
G0 X148.554739 Y147.37108 Z36.84
G0 X148.722662 Y147.285519 Z36.86
G0 X148.895626 Y147.210671 Z36.88
G0 X149.072949 Y147.14683 Z36.9
G0 X149.25393 Y147.094251 Z36.92
G0 X149.437856 Y147.053138 Z36.94
G0 X149.624 Y147.023656 Z36.96
G0 X149.811628 Y147.00592 Z36.98
G0 X150 Y147 Z37
G0 X150.188372 Y147.00592 Z37.02
G0 X150.376 Y147.023656 Z37.04
G0 X150.562144 Y147.053138 Z37.06
G0 X150.74607 Y147.094251 Z37.08
G0 X150.927051 Y147.14683 Z37.1
G0 X151.104374 Y147.210671 Z37.12
G0 X151.277338 Y147.285519 Z37.14
G0 X151.445261 Y147.37108 Z37.16
G0 X151.60748 Y147.467016 Z37.18
G0 X151.763356 Y147.572949 Z37.2
G0 X151.912272 Y147.68846 Z37.22
G0 X152.053641 Y147.813094 Z37.24
G0 X152.186906 Y147.946359 Z37.26
G0 X152.31154 Y148.087728 Z37.28
G0 X152.427051 Y148.236644 Z37.3
G0 X152.532984 Y148.39252 Z37.32
G0 X152.62892 Y148.554739 Z37.34
G0 X152.714481 Y148.722662 Z37.36
G0 X152.789329 Y148.895626 Z37.38
G0 X152.85317 Y149.072949 Z37.4
G0 X152.905749 Y149.25393 Z37.42
G0 X152.946862 Y149.437856 Z37.44
G0 X152.976344 Y149.624 Z37.46
G0 X152.99408 Y149.811628 Z37.48
G0 X153 Y150 Z37.5
G0 X152.99408 Y150.188372 Z37.52
G0 X152.976344 Y150.376 Z37.54
G0 X152.946862 Y150.562144 Z37.56
G0 X152.905749 Y150.74607 Z37.58
G0 X152.85317 Y150.927051 Z37.6
G0 X152.789329 Y151.104374 Z37.62
G0 X152.714481 Y151.277338 Z37.64
G0 X152.62892 Y151.445261 Z37.66
G0 X152.532984 Y151.60748 Z37.68
G0 X152.427051 Y151.763356 Z37.7
G0 X152.31154 Y151.912272 Z37.72
G0 X152.186906 Y152.053641 Z37.74
G0 X152.053641 Y152.186906 Z37.76
G0 X151.912272 Y152.31154 Z37.78
G0 X151.763356 Y152.427051 Z37.8
G0 X151.60748 Y152.532984 Z37.82
G0 X151.445261 Y152.62892 Z37.84
G0 X151.277338 Y152.714481 Z37.86
G0 X151.104374 Y152.789329 Z37.88
G0 X150.927051 Y152.85317 Z37.9
G0 X150.74607 Y152.905749 Z37.92
G0 X150.562144 Y152.946862 Z37.94
G0 X150.376 Y152.976344 Z37.96
G0 X150.188372 Y152.99408 Z37.98
G0 X150 Y153 Z38
G0 X149.811628 Y152.99408 Z38.02
G0 X149.624 Y152.976344 Z38.04
G0 X149.437856 Y152.946862 Z38.06
G0 X149.25393 Y152.905749 Z38.08
G0 X149.072949 Y152.85317 Z38.1
G0 X148.895626 Y152.789329 Z38.12
G0 X148.722662 Y152.714481 Z38.14
G0 X148.554739 Y152.62892 Z38.16
G0 X148.39252 Y152.532984 Z38.18
G0 X148.236644 Y152.427051 Z38.2
G0 X148.087728 Y152.31154 Z38.22
G0 X147.946359 Y152.186906 Z38.24
G0 X147.813094 Y152.053641 Z38.26
G0 X147.68846 Y151.912272 Z38.28
G0 X147.572949 Y151.763356 Z38.3
G0 X147.467016 Y151.60748 Z38.32
G0 X147.37108 Y151.445261 Z38.34
G0 X147.285519 Y151.277338 Z38.36
G0 X147.210671 Y151.104374 Z38.38
G0 X147.14683 Y150.927051 Z38.4
G0 X147.094251 Y150.74607 Z38.42
G0 X147.053138 Y150.562144 Z38.44
G0 X147.023656 Y150.376 Z38.46
G0 X147.00592 Y150.188372 Z38.48
G0 X147 Y150 Z38.5
G0 X147.00592 Y149.811628 Z38.52
G0 X147.023656 Y149.624 Z38.54
G0 X147.053138 Y149.437856 Z38.56
G0 X147.094251 Y149.25393 Z38.58
G0 X147.14683 Y149.072949 Z38.6
G0 X147.210671 Y148.895626 Z38.62
G0 X147.285519 Y148.722662 Z38.64
G0 X147.37108 Y148.554739 Z38.66
G0 X147.467016 Y148.39252 Z38.68
G0 X147.572949 Y148.236644 Z38.7
G0 X147.68846 Y148.087728 Z38.72
G0 X147.813094 Y147.946359 Z38.74
G0 X147.946359 Y147.813094 Z38.76
G0 X148.087728 Y147.68846 Z38.78
G0 X148.236644 Y147.572949 Z38.8
G0 X148.39252 Y147.467016 Z38.82
G0 X148.554739 Y147.37108 Z38.84
G0 X148.722662 Y147.285519 Z38.86
G0 X148.895626 Y147.210671 Z38.88
G0 X149.072949 Y147.14683 Z38.9
G0 X149.25393 Y147.094251 Z38.92
G0 X149.437856 Y147.053138 Z38.94
G0 X149.624 Y147.023656 Z38.96
G0 X149.811628 Y147.00592 Z38.98
G0 X150 Y147 Z39
G0 X150.188372 Y147.00592 Z39.02
G0 X150.376 Y147.023656 Z39.04
G0 X150.562144 Y147.053138 Z39.06
G0 X150.74607 Y147.094251 Z39.08
G0 X150.927051 Y147.14683 Z39.1
G0 X151.104374 Y147.210671 Z39.12
G0 X151.277338 Y147.285519 Z39.14
G0 X151.445261 Y147.37108 Z39.16
G0 X151.60748 Y147.467016 Z39.18
G0 X151.763356 Y147.572949 Z39.2
G0 X151.912272 Y147.68846 Z39.22
G0 X152.053641 Y147.813094 Z39.24
G0 X152.186906 Y147.946359 Z39.26
G0 X152.31154 Y148.087728 Z39.28
G0 X152.427051 Y148.236644 Z39.3
G0 X152.532984 Y148.39252 Z39.32
G0 X152.62892 Y148.554739 Z39.34
G0 X152.714481 Y148.722662 Z39.36
G0 X152.789329 Y148.895626 Z39.38
G0 X152.85317 Y149.072949 Z39.4
G0 X152.905749 Y149.25393 Z39.42
G0 X152.946862 Y149.437856 Z39.44
G0 X152.976344 Y149.624 Z39.46
G0 X152.99408 Y149.811628 Z39.48
G0 X153 Y150 Z39.5
G0 X152.99408 Y150.188372 Z39.52
G0 X152.976344 Y150.376 Z39.54
G0 X152.946862 Y150.562144 Z39.56
G0 X152.905749 Y150.74607 Z39.58
G0 X152.85317 Y150.927051 Z39.6
G0 X152.789329 Y151.104374 Z39.62
G0 X152.714481 Y151.277338 Z39.64
G0 X152.62892 Y151.445261 Z39.66
G0 X152.532984 Y151.60748 Z39.68
G0 X152.427051 Y151.763356 Z39.7
G0 X152.31154 Y151.912272 Z39.72
G0 X152.186906 Y152.053641 Z39.74
G0 X152.053641 Y152.186906 Z39.76
G0 X151.912272 Y152.31154 Z39.78
G0 X151.763356 Y152.427051 Z39.8
G0 X151.60748 Y152.532984 Z39.82
G0 X151.445261 Y152.62892 Z39.84
G0 X151.277338 Y152.714481 Z39.86
G0 X151.104374 Y152.789329 Z39.88
G0 X150.927051 Y152.85317 Z39.9
G0 X150.74607 Y152.905749 Z39.92
G0 X150.562144 Y152.946862 Z39.94
G0 X150.376 Y152.976344 Z39.96
G0 X150.188372 Y152.99408 Z39.98
G0 X150 Y153 Z40
G0 X149.811628 Y152.99408 Z40.02
G0 X149.624 Y152.976344 Z40.04
G0 X149.437856 Y152.946862 Z40.06
G0 X149.25393 Y152.905749 Z40.08
G0 X149.072949 Y152.85317 Z40.1
G0 X148.895626 Y152.789329 Z40.12
G0 X148.722662 Y152.714481 Z40.14
G0 X148.554739 Y152.62892 Z40.16
G0 X148.39252 Y152.532984 Z40.18
G0 X148.236644 Y152.427051 Z40.2
G0 X148.087728 Y152.31154 Z40.22
G0 X147.946359 Y152.186906 Z40.24
G0 X147.813094 Y152.053641 Z40.26
G0 X147.68846 Y151.912272 Z40.28
G0 X147.572949 Y151.763356 Z40.3
G0 X147.467016 Y151.60748 Z40.32
G0 X147.37108 Y151.445261 Z40.34
G0 X147.285519 Y151.277338 Z40.36
G0 X147.210671 Y151.104374 Z40.38
G0 X147.14683 Y150.927051 Z40.4
G0 X147.094251 Y150.74607 Z40.42
G0 X147.053138 Y150.562144 Z40.44
G0 X147.023656 Y150.376 Z40.46
G0 X147.00592 Y150.188372 Z40.48
G0 X147 Y150 Z40.5
G0 X147.00592 Y149.811628 Z40.52
G0 X147.023656 Y149.624 Z40.54
G0 X147.053138 Y149.437856 Z40.56
G0 X147.094251 Y149.25393 Z40.58
G0 X147.14683 Y149.072949 Z40.6
G0 X147.210671 Y148.895626 Z40.62
G0 X147.285519 Y148.722662 Z40.64
G0 X147.37108 Y148.554739 Z40.66
G0 X147.467016 Y148.39252 Z40.68
G0 X147.572949 Y148.236644 Z40.7
G0 X147.68846 Y148.087728 Z40.72
G0 X147.813094 Y147.946359 Z40.74
G0 X147.946359 Y147.813094 Z40.76
G0 X148.087728 Y147.68846 Z40.78
G0 X148.236644 Y147.572949 Z40.8
G0 X148.39252 Y147.467016 Z40.82
G0 X148.554739 Y147.37108 Z40.84
G0 X148.722662 Y147.285519 Z40.86
G0 X148.895626 Y147.210671 Z40.88
G0 X149.072949 Y147.14683 Z40.9
G0 X149.25393 Y147.094251 Z40.92
G0 X149.437856 Y147.053138 Z40.94
G0 X149.624 Y147.023656 Z40.96
G0 X149.811628 Y147.00592 Z40.98
G0 X150 Y147 Z41
G0 X150.188372 Y147.00592 Z41.02
G0 X150.376 Y147.023656 Z41.04
G0 X150.562144 Y147.053138 Z41.06
G0 X150.74607 Y147.094251 Z41.08
G0 X150.927051 Y147.14683 Z41.1
G0 X151.104374 Y147.210671 Z41.12
G0 X151.277338 Y147.285519 Z41.14
G0 X151.445261 Y147.37108 Z41.16
G0 X151.60748 Y147.467016 Z41.18
G0 X151.763356 Y147.572949 Z41.2
G0 X151.912272 Y147.68846 Z41.22
G0 X152.053641 Y147.813094 Z41.24
G0 X152.186906 Y147.946359 Z41.26
G0 X152.31154 Y148.087728 Z41.28
G0 X152.427051 Y148.236644 Z41.3
G0 X152.532984 Y148.39252 Z41.32
G0 X152.62892 Y148.554739 Z41.34
G0 X152.714481 Y148.722662 Z41.36
G0 X152.789329 Y148.895626 Z41.38
G0 X152.85317 Y149.072949 Z41.4
G0 X152.905749 Y149.25393 Z41.42
G0 X152.946862 Y149.437856 Z41.44
G0 X152.976344 Y149.624 Z41.46
G0 X152.99408 Y149.811628 Z41.48
G0 X153 Y150 Z41.5
G0 X152.99408 Y150.188372 Z41.52
G0 X152.976344 Y150.376 Z41.54
G0 X152.946862 Y150.562144 Z41.56
G0 X152.905749 Y150.74607 Z41.58
G0 X152.85317 Y150.927051 Z41.6
G0 X152.789329 Y151.104374 Z41.62
G0 X152.714481 Y151.277338 Z41.64
G0 X152.62892 Y151.445261 Z41.66
G0 X152.532984 Y151.60748 Z41.68
G0 X152.427051 Y151.763356 Z41.7
G0 X152.31154 Y151.912272 Z41.72
G0 X152.186906 Y152.053641 Z41.74
G0 X152.053641 Y152.186906 Z41.76
G0 X151.912272 Y152.31154 Z41.78
G0 X151.763356 Y152.427051 Z41.8
G0 X151.60748 Y152.532984 Z41.82
G0 X151.445261 Y152.62892 Z41.84
G0 X151.277338 Y152.714481 Z41.86
G0 X151.104374 Y152.789329 Z41.88
G0 X150.927051 Y152.85317 Z41.9
G0 X150.74607 Y152.905749 Z41.92
G0 X150.562144 Y152.946862 Z41.94
G0 X150.376 Y152.976344 Z41.96
G0 X150.188372 Y152.99408 Z41.98
G0 X150 Y153 Z42
G0 X149.811628 Y152.99408 Z42.02
G0 X149.624 Y152.976344 Z42.04
G0 X149.437856 Y152.946862 Z42.06
G0 X149.25393 Y152.905749 Z42.08
G0 X149.072949 Y152.85317 Z42.1
G0 X148.895626 Y152.789329 Z42.12
G0 X148.722662 Y152.714481 Z42.14
G0 X148.554739 Y152.62892 Z42.16
G0 X148.39252 Y152.532984 Z42.18
G0 X148.236644 Y152.427051 Z42.2
G0 X148.087728 Y152.31154 Z42.22
G0 X147.946359 Y152.186906 Z42.24
G0 X147.813094 Y152.053641 Z42.26
G0 X147.68846 Y151.912272 Z42.28
G0 X147.572949 Y151.763356 Z42.3
G0 X147.467016 Y151.60748 Z42.32
G0 X147.37108 Y151.445261 Z42.34
G0 X147.285519 Y151.277338 Z42.36
G0 X147.210671 Y151.104374 Z42.38
G0 X147.14683 Y150.927051 Z42.4
G0 X147.094251 Y150.74607 Z42.42
G0 X147.053138 Y150.562144 Z42.44
G0 X147.023656 Y150.376 Z42.46
G0 X147.00592 Y150.188372 Z42.48
G0 X147 Y150 Z42.5
G0 X147.00592 Y149.811628 Z42.52
G0 X147.023656 Y149.624 Z42.54
G0 X147.053138 Y149.437856 Z42.56
G0 X147.094251 Y149.25393 Z42.58
G0 X147.14683 Y149.072949 Z42.6
G0 X147.210671 Y148.895626 Z42.62
G0 X147.285519 Y148.722662 Z42.64
G0 X147.37108 Y148.554739 Z42.66
G0 X147.467016 Y148.39252 Z42.68
G0 X147.572949 Y148.236644 Z42.7
G0 X147.68846 Y148.087728 Z42.72
G0 X147.813094 Y147.946359 Z42.74
G0 X147.946359 Y147.813094 Z42.76
G0 X148.087728 Y147.68846 Z42.78
G0 X148.236644 Y147.572949 Z42.8
G0 X148.39252 Y147.467016 Z42.82
G0 X148.554739 Y147.37108 Z42.84
G0 X148.722662 Y147.285519 Z42.86
G0 X148.895626 Y147.210671 Z42.88
G0 X149.072949 Y147.14683 Z42.9
G0 X149.25393 Y147.094251 Z42.92
G0 X149.437856 Y147.053138 Z42.94
G0 X149.624 Y147.023656 Z42.96
G0 X149.811628 Y147.00592 Z42.98
G0 X150 Y147 Z43
G0 X150.188372 Y147.00592 Z43.02
G0 X150.376 Y147.023656 Z43.04
G0 X150.562144 Y147.053138 Z43.06
G0 X150.74607 Y147.094251 Z43.08
G0 X150.927051 Y147.14683 Z43.1
G0 X151.104374 Y147.210671 Z43.12
G0 X151.277338 Y147.285519 Z43.14
G0 X151.445261 Y147.37108 Z43.16
G0 X151.60748 Y147.467016 Z43.18
G0 X151.763356 Y147.572949 Z43.2
G0 X151.912272 Y147.68846 Z43.22
G0 X152.053641 Y147.813094 Z43.24
G0 X152.186906 Y147.946359 Z43.26
G0 X152.31154 Y148.087728 Z43.28
G0 X152.427051 Y148.236644 Z43.3
G0 X152.532984 Y148.39252 Z43.32
G0 X152.62892 Y148.554739 Z43.34
G0 X152.714481 Y148.722662 Z43.36
G0 X152.789329 Y148.895626 Z43.38
G0 X152.85317 Y149.072949 Z43.4
G0 X152.905749 Y149.25393 Z43.42
G0 X152.946862 Y149.437856 Z43.44
G0 X152.976344 Y149.624 Z43.46
G0 X152.99408 Y149.811628 Z43.48
G0 X153 Y150 Z43.5
G0 X152.99408 Y150.188372 Z43.52
G0 X152.976344 Y150.376 Z43.54
G0 X152.946862 Y150.562144 Z43.56
G0 X152.905749 Y150.74607 Z43.58
G0 X152.85317 Y150.927051 Z43.6
G0 X152.789329 Y151.104374 Z43.62
G0 X152.714481 Y151.277338 Z43.64
G0 X152.62892 Y151.445261 Z43.66
G0 X152.532984 Y151.60748 Z43.68
G0 X152.427051 Y151.763356 Z43.7
G0 X152.31154 Y151.912272 Z43.72
G0 X152.186906 Y152.053641 Z43.74
G0 X152.053641 Y152.186906 Z43.76
G0 X151.912272 Y152.31154 Z43.78
G0 X151.763356 Y152.427051 Z43.8
G0 X151.60748 Y152.532984 Z43.82
G0 X151.445261 Y152.62892 Z43.84
G0 X151.277338 Y152.714481 Z43.86
G0 X151.104374 Y152.789329 Z43.88
G0 X150.927051 Y152.85317 Z43.9
G0 X150.74607 Y152.905749 Z43.92
G0 X150.562144 Y152.946862 Z43.94
G0 X150.376 Y152.976344 Z43.96
G0 X150.188372 Y152.99408 Z43.98
G0 X150 Y153 Z44
G0 X149.811628 Y152.99408 Z44.02
G0 X149.624 Y152.976344 Z44.04
G0 X149.437856 Y152.946862 Z44.06
G0 X149.25393 Y152.905749 Z44.08
G0 X149.072949 Y152.85317 Z44.1
G0 X148.895626 Y152.789329 Z44.12
G0 X148.722662 Y152.714481 Z44.14
G0 X148.554739 Y152.62892 Z44.16
G0 X148.39252 Y152.532984 Z44.18
G0 X148.236644 Y152.427051 Z44.2
G0 X148.087728 Y152.31154 Z44.22
G0 X147.946359 Y152.186906 Z44.24
G0 X147.813094 Y152.053641 Z44.26
G0 X147.68846 Y151.912272 Z44.28
G0 X147.572949 Y151.763356 Z44.3
G0 X147.467016 Y151.60748 Z44.32
G0 X147.37108 Y151.445261 Z44.34
G0 X147.285519 Y151.277338 Z44.36
G0 X147.210671 Y151.104374 Z44.38
G0 X147.14683 Y150.927051 Z44.4
G0 X147.094251 Y150.74607 Z44.42
G0 X147.053138 Y150.562144 Z44.44
G0 X147.023656 Y150.376 Z44.46
G0 X147.00592 Y150.188372 Z44.48
G0 X147 Y150 Z44.5
G0 X147.00592 Y149.811628 Z44.52
G0 X147.023656 Y149.624 Z44.54
G0 X147.053138 Y149.437856 Z44.56
G0 X147.094251 Y149.25393 Z44.58
G0 X147.14683 Y149.072949 Z44.6
G0 X147.210671 Y148.895626 Z44.62
G0 X147.285519 Y148.722662 Z44.64
G0 X147.37108 Y148.554739 Z44.66
G0 X147.467016 Y148.39252 Z44.68
G0 X147.572949 Y148.236644 Z44.7
G0 X147.68846 Y148.087728 Z44.72
G0 X147.813094 Y147.946359 Z44.74
G0 X147.946359 Y147.813094 Z44.76
G0 X148.087728 Y147.68846 Z44.78
G0 X148.236644 Y147.572949 Z44.8
G0 X148.39252 Y147.467016 Z44.82
G0 X148.554739 Y147.37108 Z44.84
G0 X148.722662 Y147.285519 Z44.86
G0 X148.895626 Y147.210671 Z44.88
G0 X149.072949 Y147.14683 Z44.9
G0 X149.25393 Y147.094251 Z44.92
G0 X149.437856 Y147.053138 Z44.94
G0 X149.624 Y147.023656 Z44.96
G0 X149.811628 Y147.00592 Z44.98
G0 X150 Y147 Z45
G0 X150.188372 Y147.00592 Z45.02
G0 X150.376 Y147.023656 Z45.04
G0 X150.562144 Y147.053138 Z45.06
G0 X150.74607 Y147.094251 Z45.08
G0 X150.927051 Y147.14683 Z45.1
G0 X151.104374 Y147.210671 Z45.12
G0 X151.277338 Y147.285519 Z45.14
G0 X151.445261 Y147.37108 Z45.16
G0 X151.60748 Y147.467016 Z45.18
G0 X151.763356 Y147.572949 Z45.2
G0 X151.912272 Y147.68846 Z45.22
G0 X152.053641 Y147.813094 Z45.24
G0 X152.186906 Y147.946359 Z45.26
G0 X152.31154 Y148.087728 Z45.28
G0 X152.427051 Y148.236644 Z45.3
G0 X152.532984 Y148.39252 Z45.32
G0 X152.62892 Y148.554739 Z45.34
G0 X152.714481 Y148.722662 Z45.36
G0 X152.789329 Y148.895626 Z45.38
G0 X152.85317 Y149.072949 Z45.4
G0 X152.905749 Y149.25393 Z45.42
G0 X152.946862 Y149.437856 Z45.44
G0 X152.976344 Y149.624 Z45.46
G0 X152.99408 Y149.811628 Z45.48
G0 X153 Y150 Z45.5
G0 X152.99408 Y150.188372 Z45.52
G0 X152.976344 Y150.376 Z45.54
G0 X152.946862 Y150.562144 Z45.56
G0 X152.905749 Y150.74607 Z45.58
G0 X152.85317 Y150.927051 Z45.6
G0 X152.789329 Y151.104374 Z45.62
G0 X152.714481 Y151.277338 Z45.64
G0 X152.62892 Y151.445261 Z45.66
G0 X152.532984 Y151.60748 Z45.68
G0 X152.427051 Y151.763356 Z45.7
G0 X152.31154 Y151.912272 Z45.72
G0 X152.186906 Y152.053641 Z45.74
G0 X152.053641 Y152.186906 Z45.76
G0 X151.912272 Y152.31154 Z45.78
G0 X151.763356 Y152.427051 Z45.8
G0 X151.60748 Y152.532984 Z45.82
G0 X151.445261 Y152.62892 Z45.84
G0 X151.277338 Y152.714481 Z45.86
G0 X151.104374 Y152.789329 Z45.88
G0 X150.927051 Y152.85317 Z45.9
G0 X150.74607 Y152.905749 Z45.92
G0 X150.562144 Y152.946862 Z45.94
G0 X150.376 Y152.976344 Z45.96
G0 X150.188372 Y152.99408 Z45.98
G0 X150 Y153 Z46
G0 X149.811628 Y152.99408 Z46.02
G0 X149.624 Y152.976344 Z46.04
G0 X149.437856 Y152.946862 Z46.06
G0 X149.25393 Y152.905749 Z46.08
G0 X149.072949 Y152.85317 Z46.1
G0 X148.895626 Y152.789329 Z46.12
G0 X148.722662 Y152.714481 Z46.14
G0 X148.554739 Y152.62892 Z46.16
G0 X148.39252 Y152.532984 Z46.18
G0 X148.236644 Y152.427051 Z46.2
G0 X148.087728 Y152.31154 Z46.22
G0 X147.946359 Y152.186906 Z46.24
G0 X147.813094 Y152.053641 Z46.26
G0 X147.68846 Y151.912272 Z46.28
G0 X147.572949 Y151.763356 Z46.3
G0 X147.467016 Y151.60748 Z46.32
G0 X147.37108 Y151.445261 Z46.34
G0 X147.285519 Y151.277338 Z46.36
G0 X147.210671 Y151.104374 Z46.38
G0 X147.14683 Y150.927051 Z46.4
G0 X147.094251 Y150.74607 Z46.42
G0 X147.053138 Y150.562144 Z46.44
G0 X147.023656 Y150.376 Z46.46
G0 X147.00592 Y150.188372 Z46.48
G0 X147 Y150 Z46.5
G0 X147.00592 Y149.811628 Z46.52
G0 X147.023656 Y149.624 Z46.54
G0 X147.053138 Y149.437856 Z46.56
G0 X147.094251 Y149.25393 Z46.58
G0 X147.14683 Y149.072949 Z46.6
G0 X147.210671 Y148.895626 Z46.62
G0 X147.285519 Y148.722662 Z46.64
G0 X147.37108 Y148.554739 Z46.66
G0 X147.467016 Y148.39252 Z46.68
G0 X147.572949 Y148.236644 Z46.7
G0 X147.68846 Y148.087728 Z46.72
G0 X147.813094 Y147.946359 Z46.74
G0 X147.946359 Y147.813094 Z46.76
G0 X148.087728 Y147.68846 Z46.78
G0 X148.236644 Y147.572949 Z46.8
G0 X148.39252 Y147.467016 Z46.82
G0 X148.554739 Y147.37108 Z46.84
G0 X148.722662 Y147.285519 Z46.86
G0 X148.895626 Y147.210671 Z46.88
G0 X149.072949 Y147.14683 Z46.9
G0 X149.25393 Y147.094251 Z46.92
G0 X149.437856 Y147.053138 Z46.94
G0 X149.624 Y147.023656 Z46.96
G0 X149.811628 Y147.00592 Z46.98
G0 X150 Y147 Z47
G0 X150.188372 Y147.00592 Z47.02
G0 X150.376 Y147.023656 Z47.04
G0 X150.562144 Y147.053138 Z47.06
G0 X150.74607 Y147.094251 Z47.08
G0 X150.927051 Y147.14683 Z47.1
G0 X151.104374 Y147.210671 Z47.12
G0 X151.277338 Y147.285519 Z47.14
G0 X151.445261 Y147.37108 Z47.16
G0 X151.60748 Y147.467016 Z47.18
G0 X151.763356 Y147.572949 Z47.2
G0 X151.912272 Y147.68846 Z47.22
G0 X152.053641 Y147.813094 Z47.24
G0 X152.186906 Y147.946359 Z47.26
G0 X152.31154 Y148.087728 Z47.28
G0 X152.427051 Y148.236644 Z47.3
G0 X152.532984 Y148.39252 Z47.32
G0 X152.62892 Y148.554739 Z47.34
G0 X152.714481 Y148.722662 Z47.36
G0 X152.789329 Y148.895626 Z47.38
G0 X152.85317 Y149.072949 Z47.4
G0 X152.905749 Y149.25393 Z47.42
G0 X152.946862 Y149.437856 Z47.44
G0 X152.976344 Y149.624 Z47.46
G0 X152.99408 Y149.811628 Z47.48
G0 X153 Y150 Z47.5
G0 X152.99408 Y150.188372 Z47.52
G0 X152.976344 Y150.376 Z47.54
G0 X152.946862 Y150.562144 Z47.56
G0 X152.905749 Y150.74607 Z47.58
G0 X152.85317 Y150.927051 Z47.6
G0 X152.789329 Y151.104374 Z47.62
G0 X152.714481 Y151.277338 Z47.64
G0 X152.62892 Y151.445261 Z47.66
G0 X152.532984 Y151.60748 Z47.68
G0 X152.427051 Y151.763356 Z47.7
G0 X152.31154 Y151.912272 Z47.72
G0 X152.186906 Y152.053641 Z47.74
G0 X152.053641 Y152.186906 Z47.76
G0 X151.912272 Y152.31154 Z47.78
G0 X151.763356 Y152.427051 Z47.8
G0 X151.60748 Y152.532984 Z47.82
G0 X151.445261 Y152.62892 Z47.84
G0 X151.277338 Y152.714481 Z47.86
G0 X151.104374 Y152.789329 Z47.88
G0 X150.927051 Y152.85317 Z47.9
G0 X150.74607 Y152.905749 Z47.92
G0 X150.562144 Y152.946862 Z47.94
G0 X150.376 Y152.976344 Z47.96
G0 X150.188372 Y152.99408 Z47.98
G0 X150 Y153 Z48
G0 X149.811628 Y152.99408 Z48.02
G0 X149.624 Y152.976344 Z48.04
G0 X149.437856 Y152.946862 Z48.06
G0 X149.25393 Y152.905749 Z48.08
G0 X149.072949 Y152.85317 Z48.1
G0 X148.895626 Y152.789329 Z48.12
G0 X148.722662 Y152.714481 Z48.14
G0 X148.554739 Y152.62892 Z48.16
G0 X148.39252 Y152.532984 Z48.18
G0 X148.236644 Y152.427051 Z48.2
G0 X148.087728 Y152.31154 Z48.22
G0 X147.946359 Y152.186906 Z48.24
G0 X147.813094 Y152.053641 Z48.26
G0 X147.68846 Y151.912272 Z48.28
G0 X147.572949 Y151.763356 Z48.3
G0 X147.467016 Y151.60748 Z48.32
G0 X147.37108 Y151.445261 Z48.34
G0 X147.285519 Y151.277338 Z48.36
G0 X147.210671 Y151.104374 Z48.38
G0 X147.14683 Y150.927051 Z48.4
G0 X147.094251 Y150.74607 Z48.42
G0 X147.053138 Y150.562144 Z48.44
G0 X147.023656 Y150.376 Z48.46
G0 X147.00592 Y150.188372 Z48.48
G0 X147 Y150 Z48.5
G0 X147.00592 Y149.811628 Z48.52
G0 X147.023656 Y149.624 Z48.54
G0 X147.053138 Y149.437856 Z48.56
G0 X147.094251 Y149.25393 Z48.58
G0 X147.14683 Y149.072949 Z48.6
G0 X147.210671 Y148.895626 Z48.62
G0 X147.285519 Y148.722662 Z48.64
G0 X147.37108 Y148.554739 Z48.66
G0 X147.467016 Y148.39252 Z48.68
G0 X147.572949 Y148.236644 Z48.7
G0 X147.68846 Y148.087728 Z48.72
G0 X147.813094 Y147.946359 Z48.74
G0 X147.946359 Y147.813094 Z48.76
G0 X148.087728 Y147.68846 Z48.78
G0 X148.236644 Y147.572949 Z48.8
G0 X148.39252 Y147.467016 Z48.82
G0 X148.554739 Y147.37108 Z48.84
G0 X148.722662 Y147.285519 Z48.86
G0 X148.895626 Y147.210671 Z48.88
G0 X149.072949 Y147.14683 Z48.9
G0 X149.25393 Y147.094251 Z48.92
G0 X149.437856 Y147.053138 Z48.94
G0 X149.624 Y147.023656 Z48.96
G0 X149.811628 Y147.00592 Z48.98
G0 X150 Y147 Z49
G0 X150.188372 Y147.00592 Z49.02
G0 X150.376 Y147.023656 Z49.04
G0 X150.562144 Y147.053138 Z49.06
G0 X150.74607 Y147.094251 Z49.08
G0 X150.927051 Y147.14683 Z49.1
G0 X151.104374 Y147.210671 Z49.12
G0 X151.277338 Y147.285519 Z49.14
G0 X151.445261 Y147.37108 Z49.16
G0 X151.60748 Y147.467016 Z49.18
G0 X151.763356 Y147.572949 Z49.2
G0 X151.912272 Y147.68846 Z49.22
G0 X152.053641 Y147.813094 Z49.24
G0 X152.186906 Y147.946359 Z49.26
G0 X152.31154 Y148.087728 Z49.28
G0 X152.427051 Y148.236644 Z49.3
G0 X152.532984 Y148.39252 Z49.32
G0 X152.62892 Y148.554739 Z49.34
G0 X152.714481 Y148.722662 Z49.36
G0 X152.789329 Y148.895626 Z49.38
G0 X152.85317 Y149.072949 Z49.4
G0 X152.905749 Y149.25393 Z49.42
G0 X152.946862 Y149.437856 Z49.44
G0 X152.976344 Y149.624 Z49.46
G0 X152.99408 Y149.811628 Z49.48
G0 X153 Y150 Z49.5
G0 X152.99408 Y150.188372 Z49.52
G0 X152.976344 Y150.376 Z49.54
G0 X152.946862 Y150.562144 Z49.56
G0 X152.905749 Y150.74607 Z49.58
G0 X152.85317 Y150.927051 Z49.6
G0 X152.789329 Y151.104374 Z49.62
G0 X152.714481 Y151.277338 Z49.64
G0 X152.62892 Y151.445261 Z49.66
G0 X152.532984 Y151.60748 Z49.68
G0 X152.427051 Y151.763356 Z49.7
G0 X152.31154 Y151.912272 Z49.72
G0 X152.186906 Y152.053641 Z49.74
G0 X152.053641 Y152.186906 Z49.76
G0 X151.912272 Y152.31154 Z49.78
G0 X151.763356 Y152.427051 Z49.8
G0 X151.60748 Y152.532984 Z49.82
G0 X151.445261 Y152.62892 Z49.84
G0 X151.277338 Y152.714481 Z49.86
G0 X151.104374 Y152.789329 Z49.88
G0 X150.927051 Y152.85317 Z49.9
G0 X150.74607 Y152.905749 Z49.92
G0 X150.562144 Y152.946862 Z49.94
G0 X150.376 Y152.976344 Z49.96
G0 X150.188372 Y152.99408 Z49.98
G0 X150 Y153 Z50
G0 X149.811628 Y152.99408 Z50.02
G0 X149.624 Y152.976344 Z50.04
G0 X149.437856 Y152.946862 Z50.06
G0 X149.25393 Y152.905749 Z50.08
G0 X149.072949 Y152.85317 Z50.1
G0 X148.895626 Y152.789329 Z50.12
G0 X148.722662 Y152.714481 Z50.14
G0 X148.554739 Y152.62892 Z50.16
G0 X148.39252 Y152.532984 Z50.18
G0 X148.236644 Y152.427051 Z50.2
G0 X148.087728 Y152.31154 Z50.22
G0 X147.946359 Y152.186906 Z50.24
G0 X147.813094 Y152.053641 Z50.26
G0 X147.68846 Y151.912272 Z50.28
G0 X147.572949 Y151.763356 Z50.3
G0 X147.467016 Y151.60748 Z50.32
G0 X147.37108 Y151.445261 Z50.34
G0 X147.285519 Y151.277338 Z50.36
G0 X147.210671 Y151.104374 Z50.38
G0 X147.14683 Y150.927051 Z50.4
G0 X147.094251 Y150.74607 Z50.42
G0 X147.053138 Y150.562144 Z50.44
G0 X147.023656 Y150.376 Z50.46
G0 X147.00592 Y150.188372 Z50.48
G0 X147 Y150 Z50.5
G0 X147.00592 Y149.811628 Z50.52
G0 X147.023656 Y149.624 Z50.54
G0 X147.053138 Y149.437856 Z50.56
G0 X147.094251 Y149.25393 Z50.58
G0 X147.14683 Y149.072949 Z50.6
G0 X147.210671 Y148.895626 Z50.62
G0 X147.285519 Y148.722662 Z50.64
G0 X147.37108 Y148.554739 Z50.66
G0 X147.467016 Y148.39252 Z50.68
G0 X147.572949 Y148.236644 Z50.7
G0 X147.68846 Y148.087728 Z50.72
G0 X147.813094 Y147.946359 Z50.74
G0 X147.946359 Y147.813094 Z50.76
G0 X148.087728 Y147.68846 Z50.78
G0 X148.236644 Y147.572949 Z50.8
G0 X148.39252 Y147.467016 Z50.82
G0 X148.554739 Y147.37108 Z50.84
G0 X148.722662 Y147.285519 Z50.86
G0 X148.895626 Y147.210671 Z50.88
G0 X149.072949 Y147.14683 Z50.9
G0 X149.25393 Y147.094251 Z50.92
G0 X149.437856 Y147.053138 Z50.94
G0 X149.624 Y147.023656 Z50.96
G0 X149.811628 Y147.00592 Z50.98
G0 X150 Y147 Z51
G0 X150.188372 Y147.00592 Z51.02
G0 X150.376 Y147.023656 Z51.04
G0 X150.562144 Y147.053138 Z51.06
G0 X150.74607 Y147.094251 Z51.08
G0 X150.927051 Y147.14683 Z51.1
G0 X151.104374 Y147.210671 Z51.12
G0 X151.277338 Y147.285519 Z51.14
G0 X151.445261 Y147.37108 Z51.16
G0 X151.60748 Y147.467016 Z51.18
G0 X151.763356 Y147.572949 Z51.2
G0 X151.912272 Y147.68846 Z51.22
G0 X152.053641 Y147.813094 Z51.24
G0 X152.186906 Y147.946359 Z51.26
G0 X152.31154 Y148.087728 Z51.28
G0 X152.427051 Y148.236644 Z51.3
G0 X152.532984 Y148.39252 Z51.32
G0 X152.62892 Y148.554739 Z51.34
G0 X152.714481 Y148.722662 Z51.36
G0 X152.789329 Y148.895626 Z51.38
G0 X152.85317 Y149.072949 Z51.4
G0 X152.905749 Y149.25393 Z51.42
G0 X152.946862 Y149.437856 Z51.44
G0 X152.976344 Y149.624 Z51.46
G0 X152.99408 Y149.811628 Z51.48
G0 X153 Y150 Z51.5
G0 X152.99408 Y150.188372 Z51.52
G0 X152.976344 Y150.376 Z51.54
G0 X152.946862 Y150.562144 Z51.56
G0 X152.905749 Y150.74607 Z51.58
G0 X152.85317 Y150.927051 Z51.6
G0 X152.789329 Y151.104374 Z51.62
G0 X152.714481 Y151.277338 Z51.64
G0 X152.62892 Y151.445261 Z51.66
G0 X152.532984 Y151.60748 Z51.68
G0 X152.427051 Y151.763356 Z51.7
G0 X152.31154 Y151.912272 Z51.72
G0 X152.186906 Y152.053641 Z51.74
G0 X152.053641 Y152.186906 Z51.76
G0 X151.912272 Y152.31154 Z51.78
G0 X151.763356 Y152.427051 Z51.8
G0 X151.60748 Y152.532984 Z51.82
G0 X151.445261 Y152.62892 Z51.84
G0 X151.277338 Y152.714481 Z51.86
G0 X151.104374 Y152.789329 Z51.88
G0 X150.927051 Y152.85317 Z51.9
G0 X150.74607 Y152.905749 Z51.92
G0 X150.562144 Y152.946862 Z51.94
G0 X150.376 Y152.976344 Z51.96
G0 X150.188372 Y152.99408 Z51.98
G0 X150 Y153 Z52
G0 X149.811628 Y152.99408 Z52.02
G0 X149.624 Y152.976344 Z52.04
G0 X149.437856 Y152.946862 Z52.06
G0 X149.25393 Y152.905749 Z52.08
G0 X149.072949 Y152.85317 Z52.1
G0 X148.895626 Y152.789329 Z52.12
G0 X148.722662 Y152.714481 Z52.14
G0 X148.554739 Y152.62892 Z52.16
G0 X148.39252 Y152.532984 Z52.18
G0 X148.236644 Y152.427051 Z52.2
G0 X148.087728 Y152.31154 Z52.22
G0 X147.946359 Y152.186906 Z52.24
G0 X147.813094 Y152.053641 Z52.26
G0 X147.68846 Y151.912272 Z52.28
G0 X147.572949 Y151.763356 Z52.3
G0 X147.467016 Y151.60748 Z52.32
G0 X147.37108 Y151.445261 Z52.34
G0 X147.285519 Y151.277338 Z52.36
G0 X147.210671 Y151.104374 Z52.38
G0 X147.14683 Y150.927051 Z52.4
G0 X147.094251 Y150.74607 Z52.42
G0 X147.053138 Y150.562144 Z52.44
G0 X147.023656 Y150.376 Z52.46
G0 X147.00592 Y150.188372 Z52.48
G0 X147 Y150 Z52.5
G0 X147.00592 Y149.811628 Z52.52
G0 X147.023656 Y149.624 Z52.54
G0 X147.053138 Y149.437856 Z52.56
G0 X147.094251 Y149.25393 Z52.58
G0 X147.14683 Y149.072949 Z52.6
G0 X147.210671 Y148.895626 Z52.62
G0 X147.285519 Y148.722662 Z52.64
G0 X147.37108 Y148.554739 Z52.66
G0 X147.467016 Y148.39252 Z52.68
G0 X147.572949 Y148.236644 Z52.7
G0 X147.68846 Y148.087728 Z52.72
G0 X147.813094 Y147.946359 Z52.74
G0 X147.946359 Y147.813094 Z52.76
G0 X148.087728 Y147.68846 Z52.78
G0 X148.236644 Y147.572949 Z52.8
G0 X148.39252 Y147.467016 Z52.82
G0 X148.554739 Y147.37108 Z52.84
G0 X148.722662 Y147.285519 Z52.86
G0 X148.895626 Y147.210671 Z52.88
G0 X149.072949 Y147.14683 Z52.9
G0 X149.25393 Y147.094251 Z52.92
G0 X149.437856 Y147.053138 Z52.94
G0 X149.624 Y147.023656 Z52.96
G0 X149.811628 Y147.00592 Z52.98
G0 X150 Y147 Z53
G0 X150.188372 Y147.00592 Z53.02
G0 X150.376 Y147.023656 Z53.04
G0 X150.562144 Y147.053138 Z53.06
G0 X150.74607 Y147.094251 Z53.08
G0 X150.927051 Y147.14683 Z53.1
G0 X151.104374 Y147.210671 Z53.12
G0 X151.277338 Y147.285519 Z53.14
G0 X151.445261 Y147.37108 Z53.16
G0 X151.60748 Y147.467016 Z53.18
G0 X151.763356 Y147.572949 Z53.2
G0 X151.912272 Y147.68846 Z53.22
G0 X152.053641 Y147.813094 Z53.24
G0 X152.186906 Y147.946359 Z53.26
G0 X152.31154 Y148.087728 Z53.28
G0 X152.427051 Y148.236644 Z53.3
G0 X152.532984 Y148.39252 Z53.32
G0 X152.62892 Y148.554739 Z53.34
G0 X152.714481 Y148.722662 Z53.36
G0 X152.789329 Y148.895626 Z53.38
G0 X152.85317 Y149.072949 Z53.4
G0 X152.905749 Y149.25393 Z53.42
G0 X152.946862 Y149.437856 Z53.44
G0 X152.976344 Y149.624 Z53.46
G0 X152.99408 Y149.811628 Z53.48
G0 X153 Y150 Z53.5
G0 X152.99408 Y150.188372 Z53.52
G0 X152.976344 Y150.376 Z53.54
G0 X152.946862 Y150.562144 Z53.56
G0 X152.905749 Y150.74607 Z53.58
G0 X152.85317 Y150.927051 Z53.6
G0 X152.789329 Y151.104374 Z53.62
G0 X152.714481 Y151.277338 Z53.64
G0 X152.62892 Y151.445261 Z53.66
G0 X152.532984 Y151.60748 Z53.68
G0 X152.427051 Y151.763356 Z53.7
G0 X152.31154 Y151.912272 Z53.72
G0 X152.186906 Y152.053641 Z53.74
G0 X152.053641 Y152.186906 Z53.76
G0 X151.912272 Y152.31154 Z53.78
G0 X151.763356 Y152.427051 Z53.8
G0 X151.60748 Y152.532984 Z53.82
G0 X151.445261 Y152.62892 Z53.84
G0 X151.277338 Y152.714481 Z53.86
G0 X151.104374 Y152.789329 Z53.88
G0 X150.927051 Y152.85317 Z53.9
G0 X150.74607 Y152.905749 Z53.92
G0 X150.562144 Y152.946862 Z53.94
G0 X150.376 Y152.976344 Z53.96
G0 X150.188372 Y152.99408 Z53.98
G0 X150 Y153 Z54
G0 X149.811628 Y152.99408 Z54.02
G0 X149.624 Y152.976344 Z54.04
G0 X149.437856 Y152.946862 Z54.06
G0 X149.25393 Y152.905749 Z54.08
G0 X149.072949 Y152.85317 Z54.1
G0 X148.895626 Y152.789329 Z54.12
G0 X148.722662 Y152.714481 Z54.14
G0 X148.554739 Y152.62892 Z54.16
G0 X148.39252 Y152.532984 Z54.18
G0 X148.236644 Y152.427051 Z54.2
G0 X148.087728 Y152.31154 Z54.22
G0 X147.946359 Y152.186906 Z54.24
G0 X147.813094 Y152.053641 Z54.26
G0 X147.68846 Y151.912272 Z54.28
G0 X147.572949 Y151.763356 Z54.3
G0 X147.467016 Y151.60748 Z54.32
G0 X147.37108 Y151.445261 Z54.34
G0 X147.285519 Y151.277338 Z54.36
G0 X147.210671 Y151.104374 Z54.38
G0 X147.14683 Y150.927051 Z54.4
G0 X147.094251 Y150.74607 Z54.42
G0 X147.053138 Y150.562144 Z54.44
G0 X147.023656 Y150.376 Z54.46
G0 X147.00592 Y150.188372 Z54.48
G0 X147 Y150 Z54.5
G0 X147.00592 Y149.811628 Z54.52
G0 X147.023656 Y149.624 Z54.54
G0 X147.053138 Y149.437856 Z54.56
G0 X147.094251 Y149.25393 Z54.58
G0 X147.14683 Y149.072949 Z54.6
G0 X147.210671 Y148.895626 Z54.62
G0 X147.285519 Y148.722662 Z54.64
G0 X147.37108 Y148.554739 Z54.66
G0 X147.467016 Y148.39252 Z54.68
G0 X147.572949 Y148.236644 Z54.7
G0 X147.68846 Y148.087728 Z54.72
G0 X147.813094 Y147.946359 Z54.74
G0 X147.946359 Y147.813094 Z54.76
G0 X148.087728 Y147.68846 Z54.78
G0 X148.236644 Y147.572949 Z54.8
G0 X148.39252 Y147.467016 Z54.82
G0 X148.554739 Y147.37108 Z54.84
G0 X148.722662 Y147.285519 Z54.86
G0 X148.895626 Y147.210671 Z54.88
G0 X149.072949 Y147.14683 Z54.9
G0 X149.25393 Y147.094251 Z54.92
G0 X149.437856 Y147.053138 Z54.94
G0 X149.624 Y147.023656 Z54.96
G0 X149.811628 Y147.00592 Z54.98
G0 X150 Y147 Z55
G0 X150.188372 Y147.00592 Z55.02
G0 X150.376 Y147.023656 Z55.04
G0 X150.562144 Y147.053138 Z55.06
G0 X150.74607 Y147.094251 Z55.08
G0 X150.927051 Y147.14683 Z55.1
G0 X151.104374 Y147.210671 Z55.12
G0 X151.277338 Y147.285519 Z55.14
G0 X151.445261 Y147.37108 Z55.16
G0 X151.60748 Y147.467016 Z55.18
G0 X151.763356 Y147.572949 Z55.2
G0 X151.912272 Y147.68846 Z55.22
G0 X152.053641 Y147.813094 Z55.24
G0 X152.186906 Y147.946359 Z55.26
G0 X152.31154 Y148.087728 Z55.28
G0 X152.427051 Y148.236644 Z55.3
G0 X152.532984 Y148.39252 Z55.32
G0 X152.62892 Y148.554739 Z55.34
G0 X152.714481 Y148.722662 Z55.36
G0 X152.789329 Y148.895626 Z55.38
G0 X152.85317 Y149.072949 Z55.4
G0 X152.905749 Y149.25393 Z55.42
G0 X152.946862 Y149.437856 Z55.44
G0 X152.976344 Y149.624 Z55.46
G0 X152.99408 Y149.811628 Z55.48
G0 X153 Y150 Z55.5
G0 X152.99408 Y150.188372 Z55.52
G0 X152.976344 Y150.376 Z55.54
G0 X152.946862 Y150.562144 Z55.56
G0 X152.905749 Y150.74607 Z55.58
G0 X152.85317 Y150.927051 Z55.6
G0 X152.789329 Y151.104374 Z55.62
G0 X152.714481 Y151.277338 Z55.64
G0 X152.62892 Y151.445261 Z55.66
G0 X152.532984 Y151.60748 Z55.68
G0 X152.427051 Y151.763356 Z55.7
G0 X152.31154 Y151.912272 Z55.72
G0 X152.186906 Y152.053641 Z55.74
G0 X152.053641 Y152.186906 Z55.76
G0 X151.912272 Y152.31154 Z55.78
G0 X151.763356 Y152.427051 Z55.8
G0 X151.60748 Y152.532984 Z55.82
G0 X151.445261 Y152.62892 Z55.84
G0 X151.277338 Y152.714481 Z55.86
G0 X151.104374 Y152.789329 Z55.88
G0 X150.927051 Y152.85317 Z55.9
G0 X150.74607 Y152.905749 Z55.92
G0 X150.562144 Y152.946862 Z55.94
G0 X150.376 Y152.976344 Z55.96
G0 X150.188372 Y152.99408 Z55.98
G0 X150 Y153 Z56
G0 X149.811628 Y152.99408 Z56.02
G0 X149.624 Y152.976344 Z56.04
G0 X149.437856 Y152.946862 Z56.06
G0 X149.25393 Y152.905749 Z56.08
G0 X149.072949 Y152.85317 Z56.1
G0 X148.895626 Y152.789329 Z56.12
G0 X148.722662 Y152.714481 Z56.14
G0 X148.554739 Y152.62892 Z56.16
G0 X148.39252 Y152.532984 Z56.18
G0 X148.236644 Y152.427051 Z56.2
G0 X148.087728 Y152.31154 Z56.22
G0 X147.946359 Y152.186906 Z56.24
G0 X147.813094 Y152.053641 Z56.26
G0 X147.68846 Y151.912272 Z56.28
G0 X147.572949 Y151.763356 Z56.3
G0 X147.467016 Y151.60748 Z56.32
G0 X147.37108 Y151.445261 Z56.34
G0 X147.285519 Y151.277338 Z56.36
G0 X147.210671 Y151.104374 Z56.38
G0 X147.14683 Y150.927051 Z56.4
G0 X147.094251 Y150.74607 Z56.42
G0 X147.053138 Y150.562144 Z56.44
G0 X147.023656 Y150.376 Z56.46
G0 X147.00592 Y150.188372 Z56.48
G0 X147 Y150 Z56.5
G0 X147.00592 Y149.811628 Z56.52
G0 X147.023656 Y149.624 Z56.54
G0 X147.053138 Y149.437856 Z56.56
G0 X147.094251 Y149.25393 Z56.58
G0 X147.14683 Y149.072949 Z56.6
G0 X147.210671 Y148.895626 Z56.62
G0 X147.285519 Y148.722662 Z56.64
G0 X147.37108 Y148.554739 Z56.66
G0 X147.467016 Y148.39252 Z56.68
G0 X147.572949 Y148.236644 Z56.7
G0 X147.68846 Y148.087728 Z56.72
G0 X147.813094 Y147.946359 Z56.74
G0 X147.946359 Y147.813094 Z56.76
G0 X148.087728 Y147.68846 Z56.78
G0 X148.236644 Y147.572949 Z56.8
G0 X148.39252 Y147.467016 Z56.82
G0 X148.554739 Y147.37108 Z56.84
G0 X148.722662 Y147.285519 Z56.86
G0 X148.895626 Y147.210671 Z56.88
G0 X149.072949 Y147.14683 Z56.9
G0 X149.25393 Y147.094251 Z56.92
G0 X149.437856 Y147.053138 Z56.94
G0 X149.624 Y147.023656 Z56.96
G0 X149.811628 Y147.00592 Z56.98
G0 X150 Y147 Z57
G0 X150.188372 Y147.00592 Z57.02
G0 X150.376 Y147.023656 Z57.04
G0 X150.562144 Y147.053138 Z57.06
G0 X150.74607 Y147.094251 Z57.08
G0 X150.927051 Y147.14683 Z57.1
G0 X151.104374 Y147.210671 Z57.12
G0 X151.277338 Y147.285519 Z57.14
G0 X151.445261 Y147.37108 Z57.16
G0 X151.60748 Y147.467016 Z57.18
G0 X151.763356 Y147.572949 Z57.2
G0 X151.912272 Y147.68846 Z57.22
G0 X152.053641 Y147.813094 Z57.24
G0 X152.186906 Y147.946359 Z57.26
G0 X152.31154 Y148.087728 Z57.28
G0 X152.427051 Y148.236644 Z57.3
G0 X152.532984 Y148.39252 Z57.32
G0 X152.62892 Y148.554739 Z57.34
G0 X152.714481 Y148.722662 Z57.36
G0 X152.789329 Y148.895626 Z57.38
G0 X152.85317 Y149.072949 Z57.4
G0 X152.905749 Y149.25393 Z57.42
G0 X152.946862 Y149.437856 Z57.44
G0 X152.976344 Y149.624 Z57.46
G0 X152.99408 Y149.811628 Z57.48
G0 X153 Y150 Z57.5
G0 X152.99408 Y150.188372 Z57.52
G0 X152.976344 Y150.376 Z57.54
G0 X152.946862 Y150.562144 Z57.56
G0 X152.905749 Y150.74607 Z57.58
G0 X152.85317 Y150.927051 Z57.6
G0 X152.789329 Y151.104374 Z57.62
G0 X152.714481 Y151.277338 Z57.64
G0 X152.62892 Y151.445261 Z57.66
G0 X152.532984 Y151.60748 Z57.68
G0 X152.427051 Y151.763356 Z57.7
G0 X152.31154 Y151.912272 Z57.72
G0 X152.186906 Y152.053641 Z57.74
G0 X152.053641 Y152.186906 Z57.76
G0 X151.912272 Y152.31154 Z57.78
G0 X151.763356 Y152.427051 Z57.8
G0 X151.60748 Y152.532984 Z57.82
G0 X151.445261 Y152.62892 Z57.84
G0 X151.277338 Y152.714481 Z57.86
G0 X151.104374 Y152.789329 Z57.88
G0 X150.927051 Y152.85317 Z57.9
G0 X150.74607 Y152.905749 Z57.92
G0 X150.562144 Y152.946862 Z57.94
G0 X150.376 Y152.976344 Z57.96
G0 X150.188372 Y152.99408 Z57.98
G0 X150 Y153 Z58
G0 X149.811628 Y152.99408 Z58.02
G0 X149.624 Y152.976344 Z58.04
G0 X149.437856 Y152.946862 Z58.06
G0 X149.25393 Y152.905749 Z58.08
G0 X149.072949 Y152.85317 Z58.1
G0 X148.895626 Y152.789329 Z58.12
G0 X148.722662 Y152.714481 Z58.14
G0 X148.554739 Y152.62892 Z58.16
G0 X148.39252 Y152.532984 Z58.18
G0 X148.236644 Y152.427051 Z58.2
G0 X148.087728 Y152.31154 Z58.22
G0 X147.946359 Y152.186906 Z58.24
G0 X147.813094 Y152.053641 Z58.26
G0 X147.68846 Y151.912272 Z58.28
G0 X147.572949 Y151.763356 Z58.3
G0 X147.467016 Y151.60748 Z58.32
G0 X147.37108 Y151.445261 Z58.34
G0 X147.285519 Y151.277338 Z58.36
G0 X147.210671 Y151.104374 Z58.38
G0 X147.14683 Y150.927051 Z58.4
G0 X147.094251 Y150.74607 Z58.42
G0 X147.053138 Y150.562144 Z58.44
G0 X147.023656 Y150.376 Z58.46
G0 X147.00592 Y150.188372 Z58.48
G0 X147 Y150 Z58.5
G0 X147.00592 Y149.811628 Z58.52
G0 X147.023656 Y149.624 Z58.54
G0 X147.053138 Y149.437856 Z58.56
G0 X147.094251 Y149.25393 Z58.58
G0 X147.14683 Y149.072949 Z58.6
G0 X147.210671 Y148.895626 Z58.62
G0 X147.285519 Y148.722662 Z58.64
G0 X147.37108 Y148.554739 Z58.66
G0 X147.467016 Y148.39252 Z58.68
G0 X147.572949 Y148.236644 Z58.7
G0 X147.68846 Y148.087728 Z58.72
G0 X147.813094 Y147.946359 Z58.74
G0 X147.946359 Y147.813094 Z58.76
G0 X148.087728 Y147.68846 Z58.78
G0 X148.236644 Y147.572949 Z58.8
G0 X148.39252 Y147.467016 Z58.82
G0 X148.554739 Y147.37108 Z58.84
G0 X148.722662 Y147.285519 Z58.86
G0 X148.895626 Y147.210671 Z58.88
G0 X149.072949 Y147.14683 Z58.9
G0 X149.25393 Y147.094251 Z58.92
G0 X149.437856 Y147.053138 Z58.94
G0 X149.624 Y147.023656 Z58.96
G0 X149.811628 Y147.00592 Z58.98
G0 X150 Y147 Z59
G0 X150.188372 Y147.00592 Z59.02
G0 X150.376 Y147.023656 Z59.04
G0 X150.562144 Y147.053138 Z59.06
G0 X150.74607 Y147.094251 Z59.08
G0 X150.927051 Y147.14683 Z59.1
G0 X151.104374 Y147.210671 Z59.12
G0 X151.277338 Y147.285519 Z59.14
G0 X151.445261 Y147.37108 Z59.16
G0 X151.60748 Y147.467016 Z59.18
G0 X151.763356 Y147.572949 Z59.2
G0 X151.912272 Y147.68846 Z59.22
G0 X152.053641 Y147.813094 Z59.24
G0 X152.186906 Y147.946359 Z59.26
G0 X152.31154 Y148.087728 Z59.28
G0 X152.427051 Y148.236644 Z59.3
G0 X152.532984 Y148.39252 Z59.32
G0 X152.62892 Y148.554739 Z59.34
G0 X152.714481 Y148.722662 Z59.36
G0 X152.789329 Y148.895626 Z59.38
G0 X152.85317 Y149.072949 Z59.4
G0 X152.905749 Y149.25393 Z59.42
G0 X152.946862 Y149.437856 Z59.44
G0 X152.976344 Y149.624 Z59.46
G0 X152.99408 Y149.811628 Z59.48
G0 X153 Y150 Z59.5
G0 X152.99408 Y150.188372 Z59.52
G0 X152.976344 Y150.376 Z59.54
G0 X152.946862 Y150.562144 Z59.56
G0 X152.905749 Y150.74607 Z59.58
G0 X152.85317 Y150.927051 Z59.6
G0 X152.789329 Y151.104374 Z59.62
G0 X152.714481 Y151.277338 Z59.64
G0 X152.62892 Y151.445261 Z59.66
G0 X152.532984 Y151.60748 Z59.68
G0 X152.427051 Y151.763356 Z59.7
G0 X152.31154 Y151.912272 Z59.72
G0 X152.186906 Y152.053641 Z59.74
G0 X152.053641 Y152.186906 Z59.76
G0 X151.912272 Y152.31154 Z59.78
G0 X151.763356 Y152.427051 Z59.8
G0 X151.60748 Y152.532984 Z59.82
G0 X151.445261 Y152.62892 Z59.84
G0 X151.277338 Y152.714481 Z59.86
G0 X151.104374 Y152.789329 Z59.88
G0 X150.927051 Y152.85317 Z59.9
G0 X150.74607 Y152.905749 Z59.92
G0 X150.562144 Y152.946862 Z59.94
G0 X150.376 Y152.976344 Z59.96
G0 X150.188372 Y152.99408 Z59.98
G0 X150 Y153 Z60
G0 X149.811628 Y152.99408 Z60.02
G0 X149.624 Y152.976344 Z60.04
G0 X149.437856 Y152.946862 Z60.06
G0 X149.25393 Y152.905749 Z60.08
G0 X149.072949 Y152.85317 Z60.1
G0 X148.895626 Y152.789329 Z60.12
G0 X148.722662 Y152.714481 Z60.14
G0 X148.554739 Y152.62892 Z60.16
G0 X148.39252 Y152.532984 Z60.18
G0 X148.236644 Y152.427051 Z60.2
G0 X148.087728 Y152.31154 Z60.22
G0 X147.946359 Y152.186906 Z60.24
G0 X147.813094 Y152.053641 Z60.26
G0 X147.68846 Y151.912272 Z60.28
G0 X147.572949 Y151.763356 Z60.3
G0 X147.467016 Y151.60748 Z60.32
G0 X147.37108 Y151.445261 Z60.34
G0 X147.285519 Y151.277338 Z60.36
G0 X147.210671 Y151.104374 Z60.38
G0 X147.14683 Y150.927051 Z60.4
G0 X147.094251 Y150.74607 Z60.42
G0 X147.053138 Y150.562144 Z60.44
G0 X147.023656 Y150.376 Z60.46
G0 X147.00592 Y150.188372 Z60.48
G0 X147 Y150 Z60.5
G0 X147.00592 Y149.811628 Z60.52
G0 X147.023656 Y149.624 Z60.54
G0 X147.053138 Y149.437856 Z60.56
G0 X147.094251 Y149.25393 Z60.58
G0 X147.14683 Y149.072949 Z60.6
G0 X147.210671 Y148.895626 Z60.62
G0 X147.285519 Y148.722662 Z60.64
G0 X147.37108 Y148.554739 Z60.66
G0 X147.467016 Y148.39252 Z60.68
G0 X147.572949 Y148.236644 Z60.7
G0 X147.68846 Y148.087728 Z60.72
G0 X147.813094 Y147.946359 Z60.74
G0 X147.946359 Y147.813094 Z60.76
G0 X148.087728 Y147.68846 Z60.78
G0 X148.236644 Y147.572949 Z60.8
G0 X148.39252 Y147.467016 Z60.82
G0 X148.554739 Y147.37108 Z60.84
G0 X148.722662 Y147.285519 Z60.86
G0 X148.895626 Y147.210671 Z60.88
G0 X149.072949 Y147.14683 Z60.9
G0 X149.25393 Y147.094251 Z60.92
G0 X149.437856 Y147.053138 Z60.94
G0 X149.624 Y147.023656 Z60.96
G0 X149.811628 Y147.00592 Z60.98
G0 X150 Y147 Z61
G0 X150.188372 Y147.00592 Z61.02
G0 X150.376 Y147.023656 Z61.04
G0 X150.562144 Y147.053138 Z61.06
G0 X150.74607 Y147.094251 Z61.08
G0 X150.927051 Y147.14683 Z61.1
G0 X151.104374 Y147.210671 Z61.12
G0 X151.277338 Y147.285519 Z61.14
G0 X151.445261 Y147.37108 Z61.16
G0 X151.60748 Y147.467016 Z61.18
G0 X151.763356 Y147.572949 Z61.2
G0 X151.912272 Y147.68846 Z61.22
G0 X152.053641 Y147.813094 Z61.24
G0 X152.186906 Y147.946359 Z61.26
G0 X152.31154 Y148.087728 Z61.28
G0 X152.427051 Y148.236644 Z61.3
G0 X152.532984 Y148.39252 Z61.32
G0 X152.62892 Y148.554739 Z61.34
G0 X152.714481 Y148.722662 Z61.36
G0 X152.789329 Y148.895626 Z61.38
G0 X152.85317 Y149.072949 Z61.4
G0 X152.905749 Y149.25393 Z61.42
G0 X152.946862 Y149.437856 Z61.44
G0 X152.976344 Y149.624 Z61.46
G0 X152.99408 Y149.811628 Z61.48
G0 X153 Y150 Z61.5
G0 X152.99408 Y150.188372 Z61.52
G0 X152.976344 Y150.376 Z61.54
G0 X152.946862 Y150.562144 Z61.56
G0 X152.905749 Y150.74607 Z61.58
G0 X152.85317 Y150.927051 Z61.6
G0 X152.789329 Y151.104374 Z61.62
G0 X152.714481 Y151.277338 Z61.64
G0 X152.62892 Y151.445261 Z61.66
G0 X152.532984 Y151.60748 Z61.68
G0 X152.427051 Y151.763356 Z61.7
G0 X152.31154 Y151.912272 Z61.72
G0 X152.186906 Y152.053641 Z61.74
G0 X152.053641 Y152.186906 Z61.76
G0 X151.912272 Y152.31154 Z61.78
G0 X151.763356 Y152.427051 Z61.8
G0 X151.60748 Y152.532984 Z61.82
G0 X151.445261 Y152.62892 Z61.84
G0 X151.277338 Y152.714481 Z61.86
G0 X151.104374 Y152.789329 Z61.88
G0 X150.927051 Y152.85317 Z61.9
G0 X150.74607 Y152.905749 Z61.92
G0 X150.562144 Y152.946862 Z61.94
G0 X150.376 Y152.976344 Z61.96
G0 X150.188372 Y152.99408 Z61.98
G0 X150 Y153 Z62
G0 X149.811628 Y152.99408 Z62.02
G0 X149.624 Y152.976344 Z62.04
G0 X149.437856 Y152.946862 Z62.06
G0 X149.25393 Y152.905749 Z62.08
G0 X149.072949 Y152.85317 Z62.1
G0 X148.895626 Y152.789329 Z62.12
G0 X148.722662 Y152.714481 Z62.14
G0 X148.554739 Y152.62892 Z62.16
G0 X148.39252 Y152.532984 Z62.18
G0 X148.236644 Y152.427051 Z62.2
G0 X148.087728 Y152.31154 Z62.22
G0 X147.946359 Y152.186906 Z62.24
G0 X147.813094 Y152.053641 Z62.26
G0 X147.68846 Y151.912272 Z62.28
G0 X147.572949 Y151.763356 Z62.3
G0 X147.467016 Y151.60748 Z62.32
G0 X147.37108 Y151.445261 Z62.34
G0 X147.285519 Y151.277338 Z62.36
G0 X147.210671 Y151.104374 Z62.38
G0 X147.14683 Y150.927051 Z62.4
G0 X147.094251 Y150.74607 Z62.42
G0 X147.053138 Y150.562144 Z62.44
G0 X147.023656 Y150.376 Z62.46
G0 X147.00592 Y150.188372 Z62.48
G0 X147 Y150 Z62.5
G0 X147.00592 Y149.811628 Z62.52
G0 X147.023656 Y149.624 Z62.54
G0 X147.053138 Y149.437856 Z62.56
G0 X147.094251 Y149.25393 Z62.58
G0 X147.14683 Y149.072949 Z62.6
G0 X147.210671 Y148.895626 Z62.62
G0 X147.285519 Y148.722662 Z62.64
G0 X147.37108 Y148.554739 Z62.66
G0 X147.467016 Y148.39252 Z62.68
G0 X147.572949 Y148.236644 Z62.7
G0 X147.68846 Y148.087728 Z62.72
G0 X147.813094 Y147.946359 Z62.74
G0 X147.946359 Y147.813094 Z62.76
G0 X148.087728 Y147.68846 Z62.78
G0 X148.236644 Y147.572949 Z62.8
G0 X148.39252 Y147.467016 Z62.82
G0 X148.554739 Y147.37108 Z62.84
G0 X148.722662 Y147.285519 Z62.86
G0 X148.895626 Y147.210671 Z62.88
G0 X149.072949 Y147.14683 Z62.9
G0 X149.25393 Y147.094251 Z62.92
G0 X149.437856 Y147.053138 Z62.94
G0 X149.624 Y147.023656 Z62.96
G0 X149.811628 Y147.00592 Z62.98
G0 X150 Y147 Z63
G0 X150.188372 Y147.00592 Z63.02
G0 X150.376 Y147.023656 Z63.04
G0 X150.562144 Y147.053138 Z63.06
G0 X150.74607 Y147.094251 Z63.08
G0 X150.927051 Y147.14683 Z63.1
G0 X151.104374 Y147.210671 Z63.12
G0 X151.277338 Y147.285519 Z63.14
G0 X151.445261 Y147.37108 Z63.16
G0 X151.60748 Y147.467016 Z63.18
G0 X151.763356 Y147.572949 Z63.2
G0 X151.912272 Y147.68846 Z63.22
G0 X152.053641 Y147.813094 Z63.24
G0 X152.186906 Y147.946359 Z63.26
G0 X152.31154 Y148.087728 Z63.28
G0 X152.427051 Y148.236644 Z63.3
G0 X152.532984 Y148.39252 Z63.32
G0 X152.62892 Y148.554739 Z63.34
G0 X152.714481 Y148.722662 Z63.36
G0 X152.789329 Y148.895626 Z63.38
G0 X152.85317 Y149.072949 Z63.4
G0 X152.905749 Y149.25393 Z63.42
G0 X152.946862 Y149.437856 Z63.44
G0 X152.976344 Y149.624 Z63.46
G0 X152.99408 Y149.811628 Z63.48
G0 X153 Y150 Z63.5
G0 X152.99408 Y150.188372 Z63.52
G0 X152.976344 Y150.376 Z63.54
G0 X152.946862 Y150.562144 Z63.56
G0 X152.905749 Y150.74607 Z63.58
G0 X152.85317 Y150.927051 Z63.6
G0 X152.789329 Y151.104374 Z63.62
G0 X152.714481 Y151.277338 Z63.64
G0 X152.62892 Y151.445261 Z63.66
G0 X152.532984 Y151.60748 Z63.68
G0 X152.427051 Y151.763356 Z63.7
G0 X152.31154 Y151.912272 Z63.72
G0 X152.186906 Y152.053641 Z63.74
G0 X152.053641 Y152.186906 Z63.76
G0 X151.912272 Y152.31154 Z63.78
G0 X151.763356 Y152.427051 Z63.8
G0 X151.60748 Y152.532984 Z63.82
G0 X151.445261 Y152.62892 Z63.84
G0 X151.277338 Y152.714481 Z63.86
G0 X151.104374 Y152.789329 Z63.88
G0 X150.927051 Y152.85317 Z63.9
G0 X150.74607 Y152.905749 Z63.92
G0 X150.562144 Y152.946862 Z63.94
G0 X150.376 Y152.976344 Z63.96
G0 X150.188372 Y152.99408 Z63.98
G0 X150 Y153 Z64
G0 X149.811628 Y152.99408 Z64.02
G0 X149.624 Y152.976344 Z64.04
G0 X149.437856 Y152.946862 Z64.06
G0 X149.25393 Y152.905749 Z64.08
G0 X149.072949 Y152.85317 Z64.1
G0 X148.895626 Y152.789329 Z64.12
G0 X148.722662 Y152.714481 Z64.14
G0 X148.554739 Y152.62892 Z64.16
G0 X148.39252 Y152.532984 Z64.18
G0 X148.236644 Y152.427051 Z64.2
G0 X148.087728 Y152.31154 Z64.22
G0 X147.946359 Y152.186906 Z64.24
G0 X147.813094 Y152.053641 Z64.26
G0 X147.68846 Y151.912272 Z64.28
G0 X147.572949 Y151.763356 Z64.3
G0 X147.467016 Y151.60748 Z64.32
G0 X147.37108 Y151.445261 Z64.34
G0 X147.285519 Y151.277338 Z64.36
G0 X147.210671 Y151.104374 Z64.38
G0 X147.14683 Y150.927051 Z64.4
G0 X147.094251 Y150.74607 Z64.42
G0 X147.053138 Y150.562144 Z64.44
G0 X147.023656 Y150.376 Z64.46
G0 X147.00592 Y150.188372 Z64.48
G0 X147 Y150 Z64.5
G0 X147.00592 Y149.811628 Z64.52
G0 X147.023656 Y149.624 Z64.54
G0 X147.053138 Y149.437856 Z64.56
G0 X147.094251 Y149.25393 Z64.58
G0 X147.14683 Y149.072949 Z64.6
G0 X147.210671 Y148.895626 Z64.62
G0 X147.285519 Y148.722662 Z64.64
G0 X147.37108 Y148.554739 Z64.66
G0 X147.467016 Y148.39252 Z64.68
G0 X147.572949 Y148.236644 Z64.7
G0 X147.68846 Y148.087728 Z64.72
G0 X147.813094 Y147.946359 Z64.74
G0 X147.946359 Y147.813094 Z64.76
G0 X148.087728 Y147.68846 Z64.78
G0 X148.236644 Y147.572949 Z64.8
G0 X148.39252 Y147.467016 Z64.82
G0 X148.554739 Y147.37108 Z64.84
G0 X148.722662 Y147.285519 Z64.86
G0 X148.895626 Y147.210671 Z64.88
G0 X149.072949 Y147.14683 Z64.9
G0 X149.25393 Y147.094251 Z64.92
G0 X149.437856 Y147.053138 Z64.94
G0 X149.624 Y147.023656 Z64.96
G0 X149.811628 Y147.00592 Z64.98
G0 X150 Y147 Z65
G0 X150.188372 Y147.00592 Z65.02
G0 X150.376 Y147.023656 Z65.04
G0 X150.562144 Y147.053138 Z65.06
G0 X150.74607 Y147.094251 Z65.08
G0 X150.927051 Y147.14683 Z65.1
G0 X151.104374 Y147.210671 Z65.12
G0 X151.277338 Y147.285519 Z65.14
G0 X151.445261 Y147.37108 Z65.16
G0 X151.60748 Y147.467016 Z65.18
G0 X151.763356 Y147.572949 Z65.2
G0 X151.912272 Y147.68846 Z65.22
G0 X152.053641 Y147.813094 Z65.24
G0 X152.186906 Y147.946359 Z65.26
G0 X152.31154 Y148.087728 Z65.28
G0 X152.427051 Y148.236644 Z65.3
G0 X152.532984 Y148.39252 Z65.32
G0 X152.62892 Y148.554739 Z65.34
G0 X152.714481 Y148.722662 Z65.36
G0 X152.789329 Y148.895626 Z65.38
G0 X152.85317 Y149.072949 Z65.4
G0 X152.905749 Y149.25393 Z65.42
G0 X152.946862 Y149.437856 Z65.44
G0 X152.976344 Y149.624 Z65.46
G0 X152.99408 Y149.811628 Z65.48
G0 X153 Y150 Z65.5
G0 X152.99408 Y150.188372 Z65.52
G0 X152.976344 Y150.376 Z65.54
G0 X152.946862 Y150.562144 Z65.56
G0 X152.905749 Y150.74607 Z65.58
G0 X152.85317 Y150.927051 Z65.6
G0 X152.789329 Y151.104374 Z65.62
G0 X152.714481 Y151.277338 Z65.64
G0 X152.62892 Y151.445261 Z65.66
G0 X152.532984 Y151.60748 Z65.68
G0 X152.427051 Y151.763356 Z65.7
G0 X152.31154 Y151.912272 Z65.72
G0 X152.186906 Y152.053641 Z65.74
G0 X152.053641 Y152.186906 Z65.76
G0 X151.912272 Y152.31154 Z65.78
G0 X151.763356 Y152.427051 Z65.8
G0 X151.60748 Y152.532984 Z65.82
G0 X151.445261 Y152.62892 Z65.84
G0 X151.277338 Y152.714481 Z65.86
G0 X151.104374 Y152.789329 Z65.88
G0 X150.927051 Y152.85317 Z65.9
G0 X150.74607 Y152.905749 Z65.92
G0 X150.562144 Y152.946862 Z65.94
G0 X150.376 Y152.976344 Z65.96
G0 X150.188372 Y152.99408 Z65.98
G0 X150 Y153 Z66
G0 X149.811628 Y152.99408 Z66.02
G0 X149.624 Y152.976344 Z66.04
G0 X149.437856 Y152.946862 Z66.06
G0 X149.25393 Y152.905749 Z66.08
G0 X149.072949 Y152.85317 Z66.1
G0 X148.895626 Y152.789329 Z66.12
G0 X148.722662 Y152.714481 Z66.14
G0 X148.554739 Y152.62892 Z66.16
G0 X148.39252 Y152.532984 Z66.18
G0 X148.236644 Y152.427051 Z66.2
G0 X148.087728 Y152.31154 Z66.22
G0 X147.946359 Y152.186906 Z66.24
G0 X147.813094 Y152.053641 Z66.26
G0 X147.68846 Y151.912272 Z66.28
G0 X147.572949 Y151.763356 Z66.3
G0 X147.467016 Y151.60748 Z66.32
G0 X147.37108 Y151.445261 Z66.34
G0 X147.285519 Y151.277338 Z66.36
G0 X147.210671 Y151.104374 Z66.38
G0 X147.14683 Y150.927051 Z66.4
G0 X147.094251 Y150.74607 Z66.42
G0 X147.053138 Y150.562144 Z66.44
G0 X147.023656 Y150.376 Z66.46
G0 X147.00592 Y150.188372 Z66.48
G0 X147 Y150 Z66.5
G0 X147.00592 Y149.811628 Z66.52
G0 X147.023656 Y149.624 Z66.54
G0 X147.053138 Y149.437856 Z66.56
G0 X147.094251 Y149.25393 Z66.58
G0 X147.14683 Y149.072949 Z66.6
G0 X147.210671 Y148.895626 Z66.62
G0 X147.285519 Y148.722662 Z66.64
G0 X147.37108 Y148.554739 Z66.66
G0 X147.467016 Y148.39252 Z66.68
G0 X147.572949 Y148.236644 Z66.7
G0 X147.68846 Y148.087728 Z66.72
G0 X147.813094 Y147.946359 Z66.74
G0 X147.946359 Y147.813094 Z66.76
G0 X148.087728 Y147.68846 Z66.78
G0 X148.236644 Y147.572949 Z66.8
G0 X148.39252 Y147.467016 Z66.82
G0 X148.554739 Y147.37108 Z66.84
G0 X148.722662 Y147.285519 Z66.86
G0 X148.895626 Y147.210671 Z66.88
G0 X149.072949 Y147.14683 Z66.9
G0 X149.25393 Y147.094251 Z66.92
G0 X149.437856 Y147.053138 Z66.94
G0 X149.624 Y147.023656 Z66.96
G0 X149.811628 Y147.00592 Z66.98
G0 X150 Y147 Z67
G0 X150.188372 Y147.00592 Z67.02
G0 X150.376 Y147.023656 Z67.04
G0 X150.562144 Y147.053138 Z67.06
G0 X150.74607 Y147.094251 Z67.08
G0 X150.927051 Y147.14683 Z67.1
G0 X151.104374 Y147.210671 Z67.12
G0 X151.277338 Y147.285519 Z67.14
G0 X151.445261 Y147.37108 Z67.16
G0 X151.60748 Y147.467016 Z67.18
G0 X151.763356 Y147.572949 Z67.2
G0 X151.912272 Y147.68846 Z67.22
G0 X152.053641 Y147.813094 Z67.24
G0 X152.186906 Y147.946359 Z67.26
G0 X152.31154 Y148.087728 Z67.28
G0 X152.427051 Y148.236644 Z67.3
G0 X152.532984 Y148.39252 Z67.32
G0 X152.62892 Y148.554739 Z67.34
G0 X152.714481 Y148.722662 Z67.36
G0 X152.789329 Y148.895626 Z67.38
G0 X152.85317 Y149.072949 Z67.4
G0 X152.905749 Y149.25393 Z67.42
G0 X152.946862 Y149.437856 Z67.44
G0 X152.976344 Y149.624 Z67.46
G0 X152.99408 Y149.811628 Z67.48
G0 X153 Y150 Z67.5
G0 X152.99408 Y150.188372 Z67.52
G0 X152.976344 Y150.376 Z67.54
G0 X152.946862 Y150.562144 Z67.56
G0 X152.905749 Y150.74607 Z67.58
G0 X152.85317 Y150.927051 Z67.6
G0 X152.789329 Y151.104374 Z67.62
G0 X152.714481 Y151.277338 Z67.64
G0 X152.62892 Y151.445261 Z67.66
G0 X152.532984 Y151.60748 Z67.68
G0 X152.427051 Y151.763356 Z67.7
G0 X152.31154 Y151.912272 Z67.72
G0 X152.186906 Y152.053641 Z67.74
G0 X152.053641 Y152.186906 Z67.76
G0 X151.912272 Y152.31154 Z67.78
G0 X151.763356 Y152.427051 Z67.8
G0 X151.60748 Y152.532984 Z67.82
G0 X151.445261 Y152.62892 Z67.84
G0 X151.277338 Y152.714481 Z67.86
G0 X151.104374 Y152.789329 Z67.88
G0 X150.927051 Y152.85317 Z67.9
G0 X150.74607 Y152.905749 Z67.92
G0 X150.562144 Y152.946862 Z67.94
G0 X150.376 Y152.976344 Z67.96
G0 X150.188372 Y152.99408 Z67.98
G0 X150 Y153 Z68
G0 X149.811628 Y152.99408 Z68.02
G0 X149.624 Y152.976344 Z68.04
G0 X149.437856 Y152.946862 Z68.06
G0 X149.25393 Y152.905749 Z68.08
G0 X149.072949 Y152.85317 Z68.1
G0 X148.895626 Y152.789329 Z68.12
G0 X148.722662 Y152.714481 Z68.14
G0 X148.554739 Y152.62892 Z68.16
G0 X148.39252 Y152.532984 Z68.18
G0 X148.236644 Y152.427051 Z68.2
G0 X148.087728 Y152.31154 Z68.22
G0 X147.946359 Y152.186906 Z68.24
G0 X147.813094 Y152.053641 Z68.26
G0 X147.68846 Y151.912272 Z68.28
G0 X147.572949 Y151.763356 Z68.3
G0 X147.467016 Y151.60748 Z68.32
G0 X147.37108 Y151.445261 Z68.34
G0 X147.285519 Y151.277338 Z68.36
G0 X147.210671 Y151.104374 Z68.38
G0 X147.14683 Y150.927051 Z68.4
G0 X147.094251 Y150.74607 Z68.42
G0 X147.053138 Y150.562144 Z68.44
G0 X147.023656 Y150.376 Z68.46
G0 X147.00592 Y150.188372 Z68.48
G0 X147 Y150 Z68.5
G0 X147.00592 Y149.811628 Z68.52
G0 X147.023656 Y149.624 Z68.54
G0 X147.053138 Y149.437856 Z68.56
G0 X147.094251 Y149.25393 Z68.58
G0 X147.14683 Y149.072949 Z68.6
G0 X147.210671 Y148.895626 Z68.62
G0 X147.285519 Y148.722662 Z68.64
G0 X147.37108 Y148.554739 Z68.66
G0 X147.467016 Y148.39252 Z68.68
G0 X147.572949 Y148.236644 Z68.7
G0 X147.68846 Y148.087728 Z68.72
G0 X147.813094 Y147.946359 Z68.74
G0 X147.946359 Y147.813094 Z68.76
G0 X148.087728 Y147.68846 Z68.78
G0 X148.236644 Y147.572949 Z68.8
G0 X148.39252 Y147.467016 Z68.82
G0 X148.554739 Y147.37108 Z68.84
G0 X148.722662 Y147.285519 Z68.86
G0 X148.895626 Y147.210671 Z68.88
G0 X149.072949 Y147.14683 Z68.9
G0 X149.25393 Y147.094251 Z68.92
G0 X149.437856 Y147.053138 Z68.94
G0 X149.624 Y147.023656 Z68.96
G0 X149.811628 Y147.00592 Z68.98
G0 X150 Y147 Z69
G0 X150.188372 Y147.00592 Z69.02
G0 X150.376 Y147.023656 Z69.04
G0 X150.562144 Y147.053138 Z69.06
G0 X150.74607 Y147.094251 Z69.08
G0 X150.927051 Y147.14683 Z69.1
G0 X151.104374 Y147.210671 Z69.12
G0 X151.277338 Y147.285519 Z69.14
G0 X151.445261 Y147.37108 Z69.16
G0 X151.60748 Y147.467016 Z69.18
G0 X151.763356 Y147.572949 Z69.2
G0 X151.912272 Y147.68846 Z69.22
G0 X152.053641 Y147.813094 Z69.24
G0 X152.186906 Y147.946359 Z69.26
G0 X152.31154 Y148.087728 Z69.28
G0 X152.427051 Y148.236644 Z69.3
G0 X152.532984 Y148.39252 Z69.32
G0 X152.62892 Y148.554739 Z69.34
G0 X152.714481 Y148.722662 Z69.36
G0 X152.789329 Y148.895626 Z69.38
G0 X152.85317 Y149.072949 Z69.4
G0 X152.905749 Y149.25393 Z69.42
G0 X152.946862 Y149.437856 Z69.44
G0 X152.976344 Y149.624 Z69.46
G0 X152.99408 Y149.811628 Z69.48
G0 X153 Y150 Z69.5
G0 X152.99408 Y150.188372 Z69.52
G0 X152.976344 Y150.376 Z69.54
G0 X152.946862 Y150.562144 Z69.56
G0 X152.905749 Y150.74607 Z69.58
G0 X152.85317 Y150.927051 Z69.6
G0 X152.789329 Y151.104374 Z69.62
G0 X152.714481 Y151.277338 Z69.64
G0 X152.62892 Y151.445261 Z69.66
G0 X152.532984 Y151.60748 Z69.68
G0 X152.427051 Y151.763356 Z69.7
G0 X152.31154 Y151.912272 Z69.72
G0 X152.186906 Y152.053641 Z69.74
G0 X152.053641 Y152.186906 Z69.76
G0 X151.912272 Y152.31154 Z69.78
G0 X151.763356 Y152.427051 Z69.8
G0 X151.60748 Y152.532984 Z69.82
G0 X151.445261 Y152.62892 Z69.84
G0 X151.277338 Y152.714481 Z69.86
G0 X151.104374 Y152.789329 Z69.88
G0 X150.927051 Y152.85317 Z69.9
G0 X150.74607 Y152.905749 Z69.92
G0 X150.562144 Y152.946862 Z69.94
G0 X150.376 Y152.976344 Z69.96
G0 X150.188372 Y152.99408 Z69.98
G0 X150 Y153 Z70
G0 X149.811628 Y152.99408 Z70.02
G0 X149.624 Y152.976344 Z70.04
G0 X149.437856 Y152.946862 Z70.06
G0 X149.25393 Y152.905749 Z70.08
G0 X149.072949 Y152.85317 Z70.1
G0 X148.895626 Y152.789329 Z70.12
G0 X148.722662 Y152.714481 Z70.14
G0 X148.554739 Y152.62892 Z70.16
G0 X148.39252 Y152.532984 Z70.18
G0 X148.236644 Y152.427051 Z70.2
G0 X148.087728 Y152.31154 Z70.22
G0 X147.946359 Y152.186906 Z70.24
G0 X147.813094 Y152.053641 Z70.26
G0 X147.68846 Y151.912272 Z70.28
G0 X147.572949 Y151.763356 Z70.3
G0 X147.467016 Y151.60748 Z70.32
G0 X147.37108 Y151.445261 Z70.34
G0 X147.285519 Y151.277338 Z70.36
G0 X147.210671 Y151.104374 Z70.38
G0 X147.14683 Y150.927051 Z70.4
G0 X147.094251 Y150.74607 Z70.42
G0 X147.053138 Y150.562144 Z70.44
G0 X147.023656 Y150.376 Z70.46
G0 X147.00592 Y150.188372 Z70.48
G0 X147 Y150 Z70.5
G0 X147.00592 Y149.811628 Z70.52
G0 X147.023656 Y149.624 Z70.54
G0 X147.053138 Y149.437856 Z70.56
G0 X147.094251 Y149.25393 Z70.58
G0 X147.14683 Y149.072949 Z70.6
G0 X147.210671 Y148.895626 Z70.62
G0 X147.285519 Y148.722662 Z70.64
G0 X147.37108 Y148.554739 Z70.66
G0 X147.467016 Y148.39252 Z70.68
G0 X147.572949 Y148.236644 Z70.7
G0 X147.68846 Y148.087728 Z70.72
G0 X147.813094 Y147.946359 Z70.74
G0 X147.946359 Y147.813094 Z70.76
G0 X148.087728 Y147.68846 Z70.78
G0 X148.236644 Y147.572949 Z70.8
G0 X148.39252 Y147.467016 Z70.82
G0 X148.554739 Y147.37108 Z70.84
G0 X148.722662 Y147.285519 Z70.86
G0 X148.895626 Y147.210671 Z70.88
G0 X149.072949 Y147.14683 Z70.9
G0 X149.25393 Y147.094251 Z70.92
G0 X149.437856 Y147.053138 Z70.94
G0 X149.624 Y147.023656 Z70.96
G0 X149.811628 Y147.00592 Z70.98
G0 X150 Y147 Z71
G0 X150.188372 Y147.00592 Z71.02
G0 X150.376 Y147.023656 Z71.04
G0 X150.562144 Y147.053138 Z71.06
G0 X150.74607 Y147.094251 Z71.08
G0 X150.927051 Y147.14683 Z71.1
G0 X151.104374 Y147.210671 Z71.12
G0 X151.277338 Y147.285519 Z71.14
G0 X151.445261 Y147.37108 Z71.16
G0 X151.60748 Y147.467016 Z71.18
G0 X151.763356 Y147.572949 Z71.2
G0 X151.912272 Y147.68846 Z71.22
G0 X152.053641 Y147.813094 Z71.24
G0 X152.186906 Y147.946359 Z71.26
G0 X152.31154 Y148.087728 Z71.28
G0 X152.427051 Y148.236644 Z71.3
G0 X152.532984 Y148.39252 Z71.32
G0 X152.62892 Y148.554739 Z71.34
G0 X152.714481 Y148.722662 Z71.36
G0 X152.789329 Y148.895626 Z71.38
G0 X152.85317 Y149.072949 Z71.4
G0 X152.905749 Y149.25393 Z71.42
G0 X152.946862 Y149.437856 Z71.44
G0 X152.976344 Y149.624 Z71.46
G0 X152.99408 Y149.811628 Z71.48
G0 X153 Y150 Z71.5
G0 X152.99408 Y150.188372 Z71.52
G0 X152.976344 Y150.376 Z71.54
G0 X152.946862 Y150.562144 Z71.56
G0 X152.905749 Y150.74607 Z71.58
G0 X152.85317 Y150.927051 Z71.6
G0 X152.789329 Y151.104374 Z71.62
G0 X152.714481 Y151.277338 Z71.64
G0 X152.62892 Y151.445261 Z71.66
G0 X152.532984 Y151.60748 Z71.68
G0 X152.427051 Y151.763356 Z71.7
G0 X152.31154 Y151.912272 Z71.72
G0 X152.186906 Y152.053641 Z71.74
G0 X152.053641 Y152.186906 Z71.76
G0 X151.912272 Y152.31154 Z71.78
G0 X151.763356 Y152.427051 Z71.8
G0 X151.60748 Y152.532984 Z71.82
G0 X151.445261 Y152.62892 Z71.84
G0 X151.277338 Y152.714481 Z71.86
G0 X151.104374 Y152.789329 Z71.88
G0 X150.927051 Y152.85317 Z71.9
G0 X150.74607 Y152.905749 Z71.92
G0 X150.562144 Y152.946862 Z71.94
G0 X150.376 Y152.976344 Z71.96
G0 X150.188372 Y152.99408 Z71.98
G0 X150 Y153 Z72
G0 X149.811628 Y152.99408 Z72.02
G0 X149.624 Y152.976344 Z72.04
G0 X149.437856 Y152.946862 Z72.06
G0 X149.25393 Y152.905749 Z72.08
G0 X149.072949 Y152.85317 Z72.1
G0 X148.895626 Y152.789329 Z72.12
G0 X148.722662 Y152.714481 Z72.14
G0 X148.554739 Y152.62892 Z72.16
G0 X148.39252 Y152.532984 Z72.18
G0 X148.236644 Y152.427051 Z72.2
G0 X148.087728 Y152.31154 Z72.22
G0 X147.946359 Y152.186906 Z72.24
G0 X147.813094 Y152.053641 Z72.26
G0 X147.68846 Y151.912272 Z72.28
G0 X147.572949 Y151.763356 Z72.3
G0 X147.467016 Y151.60748 Z72.32
G0 X147.37108 Y151.445261 Z72.34
G0 X147.285519 Y151.277338 Z72.36
G0 X147.210671 Y151.104374 Z72.38
G0 X147.14683 Y150.927051 Z72.4
G0 X147.094251 Y150.74607 Z72.42
G0 X147.053138 Y150.562144 Z72.44
G0 X147.023656 Y150.376 Z72.46
G0 X147.00592 Y150.188372 Z72.48
G0 X147 Y150 Z72.5
G0 X147.00592 Y149.811628 Z72.52
G0 X147.023656 Y149.624 Z72.54
G0 X147.053138 Y149.437856 Z72.56
G0 X147.094251 Y149.25393 Z72.58
G0 X147.14683 Y149.072949 Z72.6
G0 X147.210671 Y148.895626 Z72.62
G0 X147.285519 Y148.722662 Z72.64
G0 X147.37108 Y148.554739 Z72.66
G0 X147.467016 Y148.39252 Z72.68
G0 X147.572949 Y148.236644 Z72.7
G0 X147.68846 Y148.087728 Z72.72
G0 X147.813094 Y147.946359 Z72.74
G0 X147.946359 Y147.813094 Z72.76
G0 X148.087728 Y147.68846 Z72.78
G0 X148.236644 Y147.572949 Z72.8
G0 X148.39252 Y147.467016 Z72.82
G0 X148.554739 Y147.37108 Z72.84
G0 X148.722662 Y147.285519 Z72.86
G0 X148.895626 Y147.210671 Z72.88
G0 X149.072949 Y147.14683 Z72.9
G0 X149.25393 Y147.094251 Z72.92
G0 X149.437856 Y147.053138 Z72.94
G0 X149.624 Y147.023656 Z72.96
G0 X149.811628 Y147.00592 Z72.98
G0 X150 Y147 Z73
G0 X150.188372 Y147.00592 Z73.02
G0 X150.376 Y147.023656 Z73.04
G0 X150.562144 Y147.053138 Z73.06
G0 X150.74607 Y147.094251 Z73.08
G0 X150.927051 Y147.14683 Z73.1
G0 X151.104374 Y147.210671 Z73.12
G0 X151.277338 Y147.285519 Z73.14
G0 X151.445261 Y147.37108 Z73.16
G0 X151.60748 Y147.467016 Z73.18
G0 X151.763356 Y147.572949 Z73.2
G0 X151.912272 Y147.68846 Z73.22
G0 X152.053641 Y147.813094 Z73.24
G0 X152.186906 Y147.946359 Z73.26
G0 X152.31154 Y148.087728 Z73.28
G0 X152.427051 Y148.236644 Z73.3
G0 X152.532984 Y148.39252 Z73.32
G0 X152.62892 Y148.554739 Z73.34
G0 X152.714481 Y148.722662 Z73.36
G0 X152.789329 Y148.895626 Z73.38
G0 X152.85317 Y149.072949 Z73.4
G0 X152.905749 Y149.25393 Z73.42
G0 X152.946862 Y149.437856 Z73.44
G0 X152.976344 Y149.624 Z73.46
G0 X152.99408 Y149.811628 Z73.48
G0 X153 Y150 Z73.5
G0 X152.99408 Y150.188372 Z73.52
G0 X152.976344 Y150.376 Z73.54
G0 X152.946862 Y150.562144 Z73.56
G0 X152.905749 Y150.74607 Z73.58
G0 X152.85317 Y150.927051 Z73.6
G0 X152.789329 Y151.104374 Z73.62
G0 X152.714481 Y151.277338 Z73.64
G0 X152.62892 Y151.445261 Z73.66
G0 X152.532984 Y151.60748 Z73.68
G0 X152.427051 Y151.763356 Z73.7
G0 X152.31154 Y151.912272 Z73.72
G0 X152.186906 Y152.053641 Z73.74
G0 X152.053641 Y152.186906 Z73.76
G0 X151.912272 Y152.31154 Z73.78
G0 X151.763356 Y152.427051 Z73.8
G0 X151.60748 Y152.532984 Z73.82
G0 X151.445261 Y152.62892 Z73.84
G0 X151.277338 Y152.714481 Z73.86
G0 X151.104374 Y152.789329 Z73.88
G0 X150.927051 Y152.85317 Z73.9
G0 X150.74607 Y152.905749 Z73.92
G0 X150.562144 Y152.946862 Z73.94
G0 X150.376 Y152.976344 Z73.96
G0 X150.188372 Y152.99408 Z73.98
G0 X150 Y153 Z74
G0 X149.811628 Y152.99408 Z74.02
G0 X149.624 Y152.976344 Z74.04
G0 X149.437856 Y152.946862 Z74.06
G0 X149.25393 Y152.905749 Z74.08
G0 X149.072949 Y152.85317 Z74.1
G0 X148.895626 Y152.789329 Z74.12
G0 X148.722662 Y152.714481 Z74.14
G0 X148.554739 Y152.62892 Z74.16
G0 X148.39252 Y152.532984 Z74.18
G0 X148.236644 Y152.427051 Z74.2
G0 X148.087728 Y152.31154 Z74.22
G0 X147.946359 Y152.186906 Z74.24
G0 X147.813094 Y152.053641 Z74.26
G0 X147.68846 Y151.912272 Z74.28
G0 X147.572949 Y151.763356 Z74.3
G0 X147.467016 Y151.60748 Z74.32
G0 X147.37108 Y151.445261 Z74.34
G0 X147.285519 Y151.277338 Z74.36
G0 X147.210671 Y151.104374 Z74.38
G0 X147.14683 Y150.927051 Z74.4
G0 X147.094251 Y150.74607 Z74.42
G0 X147.053138 Y150.562144 Z74.44
G0 X147.023656 Y150.376 Z74.46
G0 X147.00592 Y150.188372 Z74.48
G0 X147 Y150 Z74.5
G0 X147.00592 Y149.811628 Z74.52
G0 X147.023656 Y149.624 Z74.54
G0 X147.053138 Y149.437856 Z74.56
G0 X147.094251 Y149.25393 Z74.58
G0 X147.14683 Y149.072949 Z74.6
G0 X147.210671 Y148.895626 Z74.62
G0 X147.285519 Y148.722662 Z74.64
G0 X147.37108 Y148.554739 Z74.66
G0 X147.467016 Y148.39252 Z74.68
G0 X147.572949 Y148.236644 Z74.7
G0 X147.68846 Y148.087728 Z74.72
G0 X147.813094 Y147.946359 Z74.74
G0 X147.946359 Y147.813094 Z74.76
G0 X148.087728 Y147.68846 Z74.78
G0 X148.236644 Y147.572949 Z74.8
G0 X148.39252 Y147.467016 Z74.82
G0 X148.554739 Y147.37108 Z74.84
G0 X148.722662 Y147.285519 Z74.86
G0 X148.895626 Y147.210671 Z74.88
G0 X149.072949 Y147.14683 Z74.9
G0 X149.25393 Y147.094251 Z74.92
G0 X149.437856 Y147.053138 Z74.94
G0 X149.624 Y147.023656 Z74.96
G0 X149.811628 Y147.00592 Z74.98
G0 X150 Y147 Z75
G0 X150.188372 Y147.00592 Z75.02
G0 X150.376 Y147.023656 Z75.04
G0 X150.562144 Y147.053138 Z75.06
G0 X150.74607 Y147.094251 Z75.08
G0 X150.927051 Y147.14683 Z75.1
G0 X151.104374 Y147.210671 Z75.12
G0 X151.277338 Y147.285519 Z75.14
G0 X151.445261 Y147.37108 Z75.16
G0 X151.60748 Y147.467016 Z75.18
G0 X151.763356 Y147.572949 Z75.2
G0 X151.912272 Y147.68846 Z75.22
G0 X152.053641 Y147.813094 Z75.24
G0 X152.186906 Y147.946359 Z75.26
G0 X152.31154 Y148.087728 Z75.28
G0 X152.427051 Y148.236644 Z75.3
G0 X152.532984 Y148.39252 Z75.32
G0 X152.62892 Y148.554739 Z75.34
G0 X152.714481 Y148.722662 Z75.36
G0 X152.789329 Y148.895626 Z75.38
G0 X152.85317 Y149.072949 Z75.4
G0 X152.905749 Y149.25393 Z75.42
G0 X152.946862 Y149.437856 Z75.44
G0 X152.976344 Y149.624 Z75.46
G0 X152.99408 Y149.811628 Z75.48
G0 X153 Y150 Z75.5
G0 X152.99408 Y150.188372 Z75.52
G0 X152.976344 Y150.376 Z75.54
G0 X152.946862 Y150.562144 Z75.56
G0 X152.905749 Y150.74607 Z75.58
G0 X152.85317 Y150.927051 Z75.6
G0 X152.789329 Y151.104374 Z75.62
G0 X152.714481 Y151.277338 Z75.64
G0 X152.62892 Y151.445261 Z75.66
G0 X152.532984 Y151.60748 Z75.68
G0 X152.427051 Y151.763356 Z75.7
G0 X152.31154 Y151.912272 Z75.72
G0 X152.186906 Y152.053641 Z75.74
G0 X152.053641 Y152.186906 Z75.76
G0 X151.912272 Y152.31154 Z75.78
G0 X151.763356 Y152.427051 Z75.8
G0 X151.60748 Y152.532984 Z75.82
G0 X151.445261 Y152.62892 Z75.84
G0 X151.277338 Y152.714481 Z75.86
G0 X151.104374 Y152.789329 Z75.88
G0 X150.927051 Y152.85317 Z75.9
G0 X150.74607 Y152.905749 Z75.92
G0 X150.562144 Y152.946862 Z75.94
G0 X150.376 Y152.976344 Z75.96
G0 X150.188372 Y152.99408 Z75.98
G0 X150 Y153 Z76
G0 X149.811628 Y152.99408 Z76.02
G0 X149.624 Y152.976344 Z76.04
G0 X149.437856 Y152.946862 Z76.06
G0 X149.25393 Y152.905749 Z76.08
G0 X149.072949 Y152.85317 Z76.1
G0 X148.895626 Y152.789329 Z76.12
G0 X148.722662 Y152.714481 Z76.14
G0 X148.554739 Y152.62892 Z76.16
G0 X148.39252 Y152.532984 Z76.18
G0 X148.236644 Y152.427051 Z76.2
G0 X148.087728 Y152.31154 Z76.22
G0 X147.946359 Y152.186906 Z76.24
G0 X147.813094 Y152.053641 Z76.26
G0 X147.68846 Y151.912272 Z76.28
G0 X147.572949 Y151.763356 Z76.3
G0 X147.467016 Y151.60748 Z76.32
G0 X147.37108 Y151.445261 Z76.34
G0 X147.285519 Y151.277338 Z76.36
G0 X147.210671 Y151.104374 Z76.38
G0 X147.14683 Y150.927051 Z76.4
G0 X147.094251 Y150.74607 Z76.42
G0 X147.053138 Y150.562144 Z76.44
G0 X147.023656 Y150.376 Z76.46
G0 X147.00592 Y150.188372 Z76.48
G0 X147 Y150 Z76.5
G0 X147.00592 Y149.811628 Z76.52
G0 X147.023656 Y149.624 Z76.54
G0 X147.053138 Y149.437856 Z76.56
G0 X147.094251 Y149.25393 Z76.58
G0 X147.14683 Y149.072949 Z76.6
G0 X147.210671 Y148.895626 Z76.62
G0 X147.285519 Y148.722662 Z76.64
G0 X147.37108 Y148.554739 Z76.66
G0 X147.467016 Y148.39252 Z76.68
G0 X147.572949 Y148.236644 Z76.7
G0 X147.68846 Y148.087728 Z76.72
G0 X147.813094 Y147.946359 Z76.74
G0 X147.946359 Y147.813094 Z76.76
G0 X148.087728 Y147.68846 Z76.78
G0 X148.236644 Y147.572949 Z76.8
G0 X148.39252 Y147.467016 Z76.82
G0 X148.554739 Y147.37108 Z76.84
G0 X148.722662 Y147.285519 Z76.86
G0 X148.895626 Y147.210671 Z76.88
G0 X149.072949 Y147.14683 Z76.9
G0 X149.25393 Y147.094251 Z76.92
G0 X149.437856 Y147.053138 Z76.94
G0 X149.624 Y147.023656 Z76.96
G0 X149.811628 Y147.00592 Z76.98
G0 X150 Y147 Z77
G0 X150.188372 Y147.00592 Z77.02
G0 X150.376 Y147.023656 Z77.04
G0 X150.562144 Y147.053138 Z77.06
G0 X150.74607 Y147.094251 Z77.08
G0 X150.927051 Y147.14683 Z77.1
G0 X151.104374 Y147.210671 Z77.12
G0 X151.277338 Y147.285519 Z77.14
G0 X151.445261 Y147.37108 Z77.16
G0 X151.60748 Y147.467016 Z77.18
G0 X151.763356 Y147.572949 Z77.2
G0 X151.912272 Y147.68846 Z77.22
G0 X152.053641 Y147.813094 Z77.24
G0 X152.186906 Y147.946359 Z77.26
G0 X152.31154 Y148.087728 Z77.28
G0 X152.427051 Y148.236644 Z77.3
G0 X152.532984 Y148.39252 Z77.32
G0 X152.62892 Y148.554739 Z77.34
G0 X152.714481 Y148.722662 Z77.36
G0 X152.789329 Y148.895626 Z77.38
G0 X152.85317 Y149.072949 Z77.4
G0 X152.905749 Y149.25393 Z77.42
G0 X152.946862 Y149.437856 Z77.44
G0 X152.976344 Y149.624 Z77.46
G0 X152.99408 Y149.811628 Z77.48
G0 X153 Y150 Z77.5
G0 X152.99408 Y150.188372 Z77.52
G0 X152.976344 Y150.376 Z77.54
G0 X152.946862 Y150.562144 Z77.56
G0 X152.905749 Y150.74607 Z77.58
G0 X152.85317 Y150.927051 Z77.6
G0 X152.789329 Y151.104374 Z77.62
G0 X152.714481 Y151.277338 Z77.64
G0 X152.62892 Y151.445261 Z77.66
G0 X152.532984 Y151.60748 Z77.68
G0 X152.427051 Y151.763356 Z77.7
G0 X152.31154 Y151.912272 Z77.72
G0 X152.186906 Y152.053641 Z77.74
G0 X152.053641 Y152.186906 Z77.76
G0 X151.912272 Y152.31154 Z77.78
G0 X151.763356 Y152.427051 Z77.8
G0 X151.60748 Y152.532984 Z77.82
G0 X151.445261 Y152.62892 Z77.84
G0 X151.277338 Y152.714481 Z77.86
G0 X151.104374 Y152.789329 Z77.88
G0 X150.927051 Y152.85317 Z77.9
G0 X150.74607 Y152.905749 Z77.92
G0 X150.562144 Y152.946862 Z77.94
G0 X150.376 Y152.976344 Z77.96
G0 X150.188372 Y152.99408 Z77.98
G0 X150 Y153 Z78
G0 X149.811628 Y152.99408 Z78.02
G0 X149.624 Y152.976344 Z78.04
G0 X149.437856 Y152.946862 Z78.06
G0 X149.25393 Y152.905749 Z78.08
G0 X149.072949 Y152.85317 Z78.1
G0 X148.895626 Y152.789329 Z78.12
G0 X148.722662 Y152.714481 Z78.14
G0 X148.554739 Y152.62892 Z78.16
G0 X148.39252 Y152.532984 Z78.18
G0 X148.236644 Y152.427051 Z78.2
G0 X148.087728 Y152.31154 Z78.22
G0 X147.946359 Y152.186906 Z78.24
G0 X147.813094 Y152.053641 Z78.26
G0 X147.68846 Y151.912272 Z78.28
G0 X147.572949 Y151.763356 Z78.3
G0 X147.467016 Y151.60748 Z78.32
G0 X147.37108 Y151.445261 Z78.34
G0 X147.285519 Y151.277338 Z78.36
G0 X147.210671 Y151.104374 Z78.38
G0 X147.14683 Y150.927051 Z78.4
G0 X147.094251 Y150.74607 Z78.42
G0 X147.053138 Y150.562144 Z78.44
G0 X147.023656 Y150.376 Z78.46
G0 X147.00592 Y150.188372 Z78.48
G0 X147 Y150 Z78.5
G0 X147.00592 Y149.811628 Z78.52
G0 X147.023656 Y149.624 Z78.54
G0 X147.053138 Y149.437856 Z78.56
G0 X147.094251 Y149.25393 Z78.58
G0 X147.14683 Y149.072949 Z78.6
G0 X147.210671 Y148.895626 Z78.62
G0 X147.285519 Y148.722662 Z78.64
G0 X147.37108 Y148.554739 Z78.66
G0 X147.467016 Y148.39252 Z78.68
G0 X147.572949 Y148.236644 Z78.7
G0 X147.68846 Y148.087728 Z78.72
G0 X147.813094 Y147.946359 Z78.74
G0 X147.946359 Y147.813094 Z78.76
G0 X148.087728 Y147.68846 Z78.78
G0 X148.236644 Y147.572949 Z78.8
G0 X148.39252 Y147.467016 Z78.82
G0 X148.554739 Y147.37108 Z78.84
G0 X148.722662 Y147.285519 Z78.86
G0 X148.895626 Y147.210671 Z78.88
G0 X149.072949 Y147.14683 Z78.9
G0 X149.25393 Y147.094251 Z78.92
G0 X149.437856 Y147.053138 Z78.94
G0 X149.624 Y147.023656 Z78.96
G0 X149.811628 Y147.00592 Z78.98
G0 X150 Y147 Z79
G0 X150.188372 Y147.00592 Z79.02
G0 X150.376 Y147.023656 Z79.04
G0 X150.562144 Y147.053138 Z79.06
G0 X150.74607 Y147.094251 Z79.08
G0 X150.927051 Y147.14683 Z79.1
G0 X151.104374 Y147.210671 Z79.12
G0 X151.277338 Y147.285519 Z79.14
G0 X151.445261 Y147.37108 Z79.16
G0 X151.60748 Y147.467016 Z79.18
G0 X151.763356 Y147.572949 Z79.2
G0 X151.912272 Y147.68846 Z79.22
G0 X152.053641 Y147.813094 Z79.24
G0 X152.186906 Y147.946359 Z79.26
G0 X152.31154 Y148.087728 Z79.28
G0 X152.427051 Y148.236644 Z79.3
G0 X152.532984 Y148.39252 Z79.32
G0 X152.62892 Y148.554739 Z79.34
G0 X152.714481 Y148.722662 Z79.36
G0 X152.789329 Y148.895626 Z79.38
G0 X152.85317 Y149.072949 Z79.4
G0 X152.905749 Y149.25393 Z79.42
G0 X152.946862 Y149.437856 Z79.44
G0 X152.976344 Y149.624 Z79.46
G0 X152.99408 Y149.811628 Z79.48
G0 X153 Y150 Z79.5
G0 X152.99408 Y150.188372 Z79.52
G0 X152.976344 Y150.376 Z79.54
G0 X152.946862 Y150.562144 Z79.56
G0 X152.905749 Y150.74607 Z79.58
G0 X152.85317 Y150.927051 Z79.6
G0 X152.789329 Y151.104374 Z79.62
G0 X152.714481 Y151.277338 Z79.64
G0 X152.62892 Y151.445261 Z79.66
G0 X152.532984 Y151.60748 Z79.68
G0 X152.427051 Y151.763356 Z79.7
G0 X152.31154 Y151.912272 Z79.72
G0 X152.186906 Y152.053641 Z79.74
G0 X152.053641 Y152.186906 Z79.76
G0 X151.912272 Y152.31154 Z79.78
G0 X151.763356 Y152.427051 Z79.8
G0 X151.60748 Y152.532984 Z79.82
G0 X151.445261 Y152.62892 Z79.84
G0 X151.277338 Y152.714481 Z79.86
G0 X151.104374 Y152.789329 Z79.88
G0 X150.927051 Y152.85317 Z79.9
G0 X150.74607 Y152.905749 Z79.92
G0 X150.562144 Y152.946862 Z79.94
G0 X150.376 Y152.976344 Z79.96
G0 X150.188372 Y152.99408 Z79.98
G0 X150 Y153 Z80
G0 Y158 Z80
G0 X149.497676 Y157.984214 Z79.98
G0 X148.997334 Y157.936918 Z79.96
G0 X148.500949 Y157.858298 Z79.94
G0 X148.010481 Y157.748665 Z79.92
G0 X147.527864 Y157.608452 Z79.9
G0 X147.055004 Y157.438212 Z79.88
G0 X146.593766 Y157.238616 Z79.86
G0 X146.145971 Y157.010453 Z79.84
G0 X145.713386 Y156.754623 Z79.82
G0 X145.297718 Y156.472136 Z79.8
G0 X144.900608 Y156.164106 Z79.78
G0 X144.523623 Y155.831749 Z79.76
G0 X144.168251 Y155.476377 Z79.74
G0 X143.835894 Y155.099392 Z79.72
G0 X143.527864 Y154.702282 Z79.7
G0 X143.245377 Y154.286614 Z79.68
G0 X142.989547 Y153.854029 Z79.66
G0 X142.761384 Y153.406234 Z79.64
G0 X142.561788 Y152.944996 Z79.62
G0 X142.391548 Y152.472136 Z79.6
G0 X142.251335 Y151.989519 Z79.58
G0 X142.141702 Y151.499051 Z79.56
G0 X142.063082 Y151.002666 Z79.54
G0 X142.015786 Y150.502324 Z79.52
G0 X142 Y150 Z79.5
G0 X142.015786 Y149.497676 Z79.48
G0 X142.063082 Y148.997334 Z79.46
G0 X142.141702 Y148.500949 Z79.44
G0 X142.251335 Y148.010481 Z79.42
G0 X142.391548 Y147.527864 Z79.4
G0 X142.561788 Y147.055004 Z79.38
G0 X142.761384 Y146.593766 Z79.36
G0 X142.989547 Y146.145971 Z79.34
G0 X143.245377 Y145.713386 Z79.32
G0 X143.527864 Y145.297718 Z79.3
G0 X143.835894 Y144.900608 Z79.28
G0 X144.168251 Y144.523623 Z79.26
G0 X144.523623 Y144.168251 Z79.24
G0 X144.900608 Y143.835894 Z79.22
G0 X145.297718 Y143.527864 Z79.2
G0 X145.713386 Y143.245377 Z79.18
G0 X146.145971 Y142.989547 Z79.16
G0 X146.593766 Y142.761384 Z79.14
G0 X147.055004 Y142.561788 Z79.12
G0 X147.527864 Y142.391548 Z79.1
G0 X148.010481 Y142.251335 Z79.08
G0 X148.500949 Y142.141702 Z79.06
G0 X148.997334 Y142.063082 Z79.04
G0 X149.497676 Y142.015786 Z79.02
G0 X150 Y142 Z79
G0 X150.502324 Y142.015786 Z78.98
G0 X151.002666 Y142.063082 Z78.96
G0 X151.499051 Y142.141702 Z78.94
G0 X151.989519 Y142.251335 Z78.92
G0 X152.472136 Y142.391548 Z78.9
G0 X152.944996 Y142.561788 Z78.88
G0 X153.406234 Y142.761384 Z78.86
G0 X153.854029 Y142.989547 Z78.84
G0 X154.286614 Y143.245377 Z78.82
G0 X154.702282 Y143.527864 Z78.8
G0 X155.099392 Y143.835894 Z78.78
G0 X155.476377 Y144.168251 Z78.76
G0 X155.831749 Y144.523623 Z78.74
G0 X156.164106 Y144.900608 Z78.72
G0 X156.472136 Y145.297718 Z78.7
G0 X156.754623 Y145.713386 Z78.68
G0 X157.010453 Y146.145971 Z78.66
G0 X157.238616 Y146.593766 Z78.64
G0 X157.438212 Y147.055004 Z78.62
G0 X157.608452 Y147.527864 Z78.6
G0 X157.748665 Y148.010481 Z78.58
G0 X157.858298 Y148.500949 Z78.56
G0 X157.936918 Y148.997334 Z78.54
G0 X157.984214 Y149.497676 Z78.52
G0 X158 Y150 Z78.5
G0 X157.984214 Y150.502324 Z78.48
G0 X157.936918 Y151.002666 Z78.46
G0 X157.858298 Y151.499051 Z78.44
G0 X157.748665 Y151.989519 Z78.42
G0 X157.608452 Y152.472136 Z78.4
G0 X157.438212 Y152.944996 Z78.38
G0 X157.238616 Y153.406234 Z78.36
G0 X157.010453 Y153.854029 Z78.34
G0 X156.754623 Y154.286614 Z78.32
G0 X156.472136 Y154.702282 Z78.3
G0 X156.164106 Y155.099392 Z78.28
G0 X155.831749 Y155.476377 Z78.26
G0 X155.476377 Y155.831749 Z78.24
G0 X155.099392 Y156.164106 Z78.22
G0 X154.702282 Y156.472136 Z78.2
G0 X154.286614 Y156.754623 Z78.18
G0 X153.854029 Y157.010453 Z78.16
G0 X153.406234 Y157.238616 Z78.14
G0 X152.944996 Y157.438212 Z78.12
G0 X152.472136 Y157.608452 Z78.1
G0 X151.989519 Y157.748665 Z78.08
G0 X151.499051 Y157.858298 Z78.06
G0 X151.002666 Y157.936918 Z78.04
G0 X150.502324 Y157.984214 Z78.02
G0 X150 Y158 Z78
G0 X149.497676 Y157.984214 Z77.98
G0 X148.997334 Y157.936918 Z77.96
G0 X148.500949 Y157.858298 Z77.94
G0 X148.010481 Y157.748665 Z77.92
G0 X147.527864 Y157.608452 Z77.9
G0 X147.055004 Y157.438212 Z77.88
G0 X146.593766 Y157.238616 Z77.86
G0 X146.145971 Y157.010453 Z77.84
G0 X145.713386 Y156.754623 Z77.82
G0 X145.297718 Y156.472136 Z77.8
G0 X144.900608 Y156.164106 Z77.78
G0 X144.523623 Y155.831749 Z77.76
G0 X144.168251 Y155.476377 Z77.74
G0 X143.835894 Y155.099392 Z77.72
G0 X143.527864 Y154.702282 Z77.7
G0 X143.245377 Y154.286614 Z77.68
G0 X142.989547 Y153.854029 Z77.66
G0 X142.761384 Y153.406234 Z77.64
G0 X142.561788 Y152.944996 Z77.62
G0 X142.391548 Y152.472136 Z77.6
G0 X142.251335 Y151.989519 Z77.58
G0 X142.141702 Y151.499051 Z77.56
G0 X142.063082 Y151.002666 Z77.54
G0 X142.015786 Y150.502324 Z77.52
G0 X142 Y150 Z77.5
G0 X142.015786 Y149.497676 Z77.48
G0 X142.063082 Y148.997334 Z77.46
G0 X142.141702 Y148.500949 Z77.44
G0 X142.251335 Y148.010481 Z77.42
G0 X142.391548 Y147.527864 Z77.4
G0 X142.561788 Y147.055004 Z77.38
G0 X142.761384 Y146.593766 Z77.36
G0 X142.989547 Y146.145971 Z77.34
G0 X143.245377 Y145.713386 Z77.32
G0 X143.527864 Y145.297718 Z77.3
G0 X143.835894 Y144.900608 Z77.28
G0 X144.168251 Y144.523623 Z77.26
G0 X144.523623 Y144.168251 Z77.24
G0 X144.900608 Y143.835894 Z77.22
G0 X145.297718 Y143.527864 Z77.2
G0 X145.713386 Y143.245377 Z77.18
G0 X146.145971 Y142.989547 Z77.16
G0 X146.593766 Y142.761384 Z77.14
G0 X147.055004 Y142.561788 Z77.12
G0 X147.527864 Y142.391548 Z77.1
G0 X148.010481 Y142.251335 Z77.08
G0 X148.500949 Y142.141702 Z77.06
G0 X148.997334 Y142.063082 Z77.04
G0 X149.497676 Y142.015786 Z77.02
G0 X150 Y142 Z77
G0 X150.502324 Y142.015786 Z76.98
G0 X151.002666 Y142.063082 Z76.96
G0 X151.499051 Y142.141702 Z76.94
G0 X151.989519 Y142.251335 Z76.92
G0 X152.472136 Y142.391548 Z76.9
G0 X152.944996 Y142.561788 Z76.88
G0 X153.406234 Y142.761384 Z76.86
G0 X153.854029 Y142.989547 Z76.84
G0 X154.286614 Y143.245377 Z76.82
G0 X154.702282 Y143.527864 Z76.8
G0 X155.099392 Y143.835894 Z76.78
G0 X155.476377 Y144.168251 Z76.76
G0 X155.831749 Y144.523623 Z76.74
G0 X156.164106 Y144.900608 Z76.72
G0 X156.472136 Y145.297718 Z76.7
G0 X156.754623 Y145.713386 Z76.68
G0 X157.010453 Y146.145971 Z76.66
G0 X157.238616 Y146.593766 Z76.64
G0 X157.438212 Y147.055004 Z76.62
G0 X157.608452 Y147.527864 Z76.6
G0 X157.748665 Y148.010481 Z76.58
G0 X157.858298 Y148.500949 Z76.56
G0 X157.936918 Y148.997334 Z76.54
G0 X157.984214 Y149.497676 Z76.52
G0 X158 Y150 Z76.5
G0 X157.984214 Y150.502324 Z76.48
G0 X157.936918 Y151.002666 Z76.46
G0 X157.858298 Y151.499051 Z76.44
G0 X157.748665 Y151.989519 Z76.42
G0 X157.608452 Y152.472136 Z76.4
G0 X157.438212 Y152.944996 Z76.38
G0 X157.238616 Y153.406234 Z76.36
G0 X157.010453 Y153.854029 Z76.34
G0 X156.754623 Y154.286614 Z76.32
G0 X156.472136 Y154.702282 Z76.3
G0 X156.164106 Y155.099392 Z76.28
G0 X155.831749 Y155.476377 Z76.26
G0 X155.476377 Y155.831749 Z76.24
G0 X155.099392 Y156.164106 Z76.22
G0 X154.702282 Y156.472136 Z76.2
G0 X154.286614 Y156.754623 Z76.18
G0 X153.854029 Y157.010453 Z76.16
G0 X153.406234 Y157.238616 Z76.14
G0 X152.944996 Y157.438212 Z76.12
G0 X152.472136 Y157.608452 Z76.1
G0 X151.989519 Y157.748665 Z76.08
G0 X151.499051 Y157.858298 Z76.06
G0 X151.002666 Y157.936918 Z76.04
G0 X150.502324 Y157.984214 Z76.02
G0 X150 Y158 Z76
G0 X149.497676 Y157.984214 Z75.98
G0 X148.997334 Y157.936918 Z75.96
G0 X148.500949 Y157.858298 Z75.94
G0 X148.010481 Y157.748665 Z75.92
G0 X147.527864 Y157.608452 Z75.9
G0 X147.055004 Y157.438212 Z75.88
G0 X146.593766 Y157.238616 Z75.86
G0 X146.145971 Y157.010453 Z75.84
G0 X145.713386 Y156.754623 Z75.82
G0 X145.297718 Y156.472136 Z75.8
G0 X144.900608 Y156.164106 Z75.78
G0 X144.523623 Y155.831749 Z75.76
G0 X144.168251 Y155.476377 Z75.74
G0 X143.835894 Y155.099392 Z75.72
G0 X143.527864 Y154.702282 Z75.7
G0 X143.245377 Y154.286614 Z75.68
G0 X142.989547 Y153.854029 Z75.66
G0 X142.761384 Y153.406234 Z75.64
G0 X142.561788 Y152.944996 Z75.62
G0 X142.391548 Y152.472136 Z75.6
G0 X142.251335 Y151.989519 Z75.58
G0 X142.141702 Y151.499051 Z75.56
G0 X142.063082 Y151.002666 Z75.54
G0 X142.015786 Y150.502324 Z75.52
G0 X142 Y150 Z75.5
G0 X142.015786 Y149.497676 Z75.48
G0 X142.063082 Y148.997334 Z75.46
G0 X142.141702 Y148.500949 Z75.44
G0 X142.251335 Y148.010481 Z75.42
G0 X142.391548 Y147.527864 Z75.4
G0 X142.561788 Y147.055004 Z75.38
G0 X142.761384 Y146.593766 Z75.36
G0 X142.989547 Y146.145971 Z75.34
G0 X143.245377 Y145.713386 Z75.32
G0 X143.527864 Y145.297718 Z75.3
G0 X143.835894 Y144.900608 Z75.28
G0 X144.168251 Y144.523623 Z75.26
G0 X144.523623 Y144.168251 Z75.24
G0 X144.900608 Y143.835894 Z75.22
G0 X145.297718 Y143.527864 Z75.2
G0 X145.713386 Y143.245377 Z75.18
G0 X146.145971 Y142.989547 Z75.16
G0 X146.593766 Y142.761384 Z75.14
G0 X147.055004 Y142.561788 Z75.12
G0 X147.527864 Y142.391548 Z75.1
G0 X148.010481 Y142.251335 Z75.08
G0 X148.500949 Y142.141702 Z75.06
G0 X148.997334 Y142.063082 Z75.04
G0 X149.497676 Y142.015786 Z75.02
G0 X150 Y142 Z75
G0 X150.502324 Y142.015786 Z74.98
G0 X151.002666 Y142.063082 Z74.96
G0 X151.499051 Y142.141702 Z74.94
G0 X151.989519 Y142.251335 Z74.92
G0 X152.472136 Y142.391548 Z74.9
G0 X152.944996 Y142.561788 Z74.88
G0 X153.406234 Y142.761384 Z74.86
G0 X153.854029 Y142.989547 Z74.84
G0 X154.286614 Y143.245377 Z74.82
G0 X154.702282 Y143.527864 Z74.8
G0 X155.099392 Y143.835894 Z74.78
G0 X155.476377 Y144.168251 Z74.76
G0 X155.831749 Y144.523623 Z74.74
G0 X156.164106 Y144.900608 Z74.72
G0 X156.472136 Y145.297718 Z74.7
G0 X156.754623 Y145.713386 Z74.68
G0 X157.010453 Y146.145971 Z74.66
G0 X157.238616 Y146.593766 Z74.64
G0 X157.438212 Y147.055004 Z74.62
G0 X157.608452 Y147.527864 Z74.6
G0 X157.748665 Y148.010481 Z74.58
G0 X157.858298 Y148.500949 Z74.56
G0 X157.936918 Y148.997334 Z74.54
G0 X157.984214 Y149.497676 Z74.52
G0 X158 Y150 Z74.5
G0 X157.984214 Y150.502324 Z74.48
G0 X157.936918 Y151.002666 Z74.46
G0 X157.858298 Y151.499051 Z74.44
G0 X157.748665 Y151.989519 Z74.42
G0 X157.608452 Y152.472136 Z74.4
G0 X157.438212 Y152.944996 Z74.38
G0 X157.238616 Y153.406234 Z74.36
G0 X157.010453 Y153.854029 Z74.34
G0 X156.754623 Y154.286614 Z74.32
G0 X156.472136 Y154.702282 Z74.3
G0 X156.164106 Y155.099392 Z74.28
G0 X155.831749 Y155.476377 Z74.26
G0 X155.476377 Y155.831749 Z74.24
G0 X155.099392 Y156.164106 Z74.22
G0 X154.702282 Y156.472136 Z74.2
G0 X154.286614 Y156.754623 Z74.18
G0 X153.854029 Y157.010453 Z74.16
G0 X153.406234 Y157.238616 Z74.14
G0 X152.944996 Y157.438212 Z74.12
G0 X152.472136 Y157.608452 Z74.1
G0 X151.989519 Y157.748665 Z74.08
G0 X151.499051 Y157.858298 Z74.06
G0 X151.002666 Y157.936918 Z74.04
G0 X150.502324 Y157.984214 Z74.02
G0 X150 Y158 Z74
G0 X149.497676 Y157.984214 Z73.98
G0 X148.997334 Y157.936918 Z73.96
G0 X148.500949 Y157.858298 Z73.94
G0 X148.010481 Y157.748665 Z73.92
G0 X147.527864 Y157.608452 Z73.9
G0 X147.055004 Y157.438212 Z73.88
G0 X146.593766 Y157.238616 Z73.86
G0 X146.145971 Y157.010453 Z73.84
G0 X145.713386 Y156.754623 Z73.82
G0 X145.297718 Y156.472136 Z73.8
G0 X144.900608 Y156.164106 Z73.78
G0 X144.523623 Y155.831749 Z73.76
G0 X144.168251 Y155.476377 Z73.74
G0 X143.835894 Y155.099392 Z73.72
G0 X143.527864 Y154.702282 Z73.7
G0 X143.245377 Y154.286614 Z73.68
G0 X142.989547 Y153.854029 Z73.66
G0 X142.761384 Y153.406234 Z73.64
G0 X142.561788 Y152.944996 Z73.62
G0 X142.391548 Y152.472136 Z73.6
G0 X142.251335 Y151.989519 Z73.58
G0 X142.141702 Y151.499051 Z73.56
G0 X142.063082 Y151.002666 Z73.54
G0 X142.015786 Y150.502324 Z73.52
G0 X142 Y150 Z73.5
G0 X142.015786 Y149.497676 Z73.48
G0 X142.063082 Y148.997334 Z73.46
G0 X142.141702 Y148.500949 Z73.44
G0 X142.251335 Y148.010481 Z73.42
G0 X142.391548 Y147.527864 Z73.4
G0 X142.561788 Y147.055004 Z73.38
G0 X142.761384 Y146.593766 Z73.36
G0 X142.989547 Y146.145971 Z73.34
G0 X143.245377 Y145.713386 Z73.32
G0 X143.527864 Y145.297718 Z73.3
G0 X143.835894 Y144.900608 Z73.28
G0 X144.168251 Y144.523623 Z73.26
G0 X144.523623 Y144.168251 Z73.24
G0 X144.900608 Y143.835894 Z73.22
G0 X145.297718 Y143.527864 Z73.2
G0 X145.713386 Y143.245377 Z73.18
G0 X146.145971 Y142.989547 Z73.16
G0 X146.593766 Y142.761384 Z73.14
G0 X147.055004 Y142.561788 Z73.12
G0 X147.527864 Y142.391548 Z73.1
G0 X148.010481 Y142.251335 Z73.08
G0 X148.500949 Y142.141702 Z73.06
G0 X148.997334 Y142.063082 Z73.04
G0 X149.497676 Y142.015786 Z73.02
G0 X150 Y142 Z73
G0 X150.502324 Y142.015786 Z72.98
G0 X151.002666 Y142.063082 Z72.96
G0 X151.499051 Y142.141702 Z72.94
G0 X151.989519 Y142.251335 Z72.92
G0 X152.472136 Y142.391548 Z72.9
G0 X152.944996 Y142.561788 Z72.88
G0 X153.406234 Y142.761384 Z72.86
G0 X153.854029 Y142.989547 Z72.84
G0 X154.286614 Y143.245377 Z72.82
G0 X154.702282 Y143.527864 Z72.8
G0 X155.099392 Y143.835894 Z72.78
G0 X155.476377 Y144.168251 Z72.76
G0 X155.831749 Y144.523623 Z72.74
G0 X156.164106 Y144.900608 Z72.72
G0 X156.472136 Y145.297718 Z72.7
G0 X156.754623 Y145.713386 Z72.68
G0 X157.010453 Y146.145971 Z72.66
G0 X157.238616 Y146.593766 Z72.64
G0 X157.438212 Y147.055004 Z72.62
G0 X157.608452 Y147.527864 Z72.6
G0 X157.748665 Y148.010481 Z72.58
G0 X157.858298 Y148.500949 Z72.56
G0 X157.936918 Y148.997334 Z72.54
G0 X157.984214 Y149.497676 Z72.52
G0 X158 Y150 Z72.5
G0 X157.984214 Y150.502324 Z72.48
G0 X157.936918 Y151.002666 Z72.46
G0 X157.858298 Y151.499051 Z72.44
G0 X157.748665 Y151.989519 Z72.42
G0 X157.608452 Y152.472136 Z72.4
G0 X157.438212 Y152.944996 Z72.38
G0 X157.238616 Y153.406234 Z72.36
G0 X157.010453 Y153.854029 Z72.34
G0 X156.754623 Y154.286614 Z72.32
G0 X156.472136 Y154.702282 Z72.3
G0 X156.164106 Y155.099392 Z72.28
G0 X155.831749 Y155.476377 Z72.26
G0 X155.476377 Y155.831749 Z72.24
G0 X155.099392 Y156.164106 Z72.22
G0 X154.702282 Y156.472136 Z72.2
G0 X154.286614 Y156.754623 Z72.18
G0 X153.854029 Y157.010453 Z72.16
G0 X153.406234 Y157.238616 Z72.14
G0 X152.944996 Y157.438212 Z72.12
G0 X152.472136 Y157.608452 Z72.1
G0 X151.989519 Y157.748665 Z72.08
G0 X151.499051 Y157.858298 Z72.06
G0 X151.002666 Y157.936918 Z72.04
G0 X150.502324 Y157.984214 Z72.02
G0 X150 Y158 Z72
G0 X149.497676 Y157.984214 Z71.98
G0 X148.997334 Y157.936918 Z71.96
G0 X148.500949 Y157.858298 Z71.94
G0 X148.010481 Y157.748665 Z71.92
G0 X147.527864 Y157.608452 Z71.9
G0 X147.055004 Y157.438212 Z71.88
G0 X146.593766 Y157.238616 Z71.86
G0 X146.145971 Y157.010453 Z71.84
G0 X145.713386 Y156.754623 Z71.82
G0 X145.297718 Y156.472136 Z71.8
G0 X144.900608 Y156.164106 Z71.78
G0 X144.523623 Y155.831749 Z71.76
G0 X144.168251 Y155.476377 Z71.74
G0 X143.835894 Y155.099392 Z71.72
G0 X143.527864 Y154.702282 Z71.7
G0 X143.245377 Y154.286614 Z71.68
G0 X142.989547 Y153.854029 Z71.66
G0 X142.761384 Y153.406234 Z71.64
G0 X142.561788 Y152.944996 Z71.62
G0 X142.391548 Y152.472136 Z71.6
G0 X142.251335 Y151.989519 Z71.58
G0 X142.141702 Y151.499051 Z71.56
G0 X142.063082 Y151.002666 Z71.54
G0 X142.015786 Y150.502324 Z71.52
G0 X142 Y150 Z71.5
G0 X142.015786 Y149.497676 Z71.48
G0 X142.063082 Y148.997334 Z71.46
G0 X142.141702 Y148.500949 Z71.44
G0 X142.251335 Y148.010481 Z71.42
G0 X142.391548 Y147.527864 Z71.4
G0 X142.561788 Y147.055004 Z71.38
G0 X142.761384 Y146.593766 Z71.36
G0 X142.989547 Y146.145971 Z71.34
G0 X143.245377 Y145.713386 Z71.32
G0 X143.527864 Y145.297718 Z71.3
G0 X143.835894 Y144.900608 Z71.28
G0 X144.168251 Y144.523623 Z71.26
G0 X144.523623 Y144.168251 Z71.24
G0 X144.900608 Y143.835894 Z71.22
G0 X145.297718 Y143.527864 Z71.2
G0 X145.713386 Y143.245377 Z71.18
G0 X146.145971 Y142.989547 Z71.16
G0 X146.593766 Y142.761384 Z71.14
G0 X147.055004 Y142.561788 Z71.12
G0 X147.527864 Y142.391548 Z71.1
G0 X148.010481 Y142.251335 Z71.08
G0 X148.500949 Y142.141702 Z71.06
G0 X148.997334 Y142.063082 Z71.04
G0 X149.497676 Y142.015786 Z71.02
G0 X150 Y142 Z71
G0 X150.502324 Y142.015786 Z70.98
G0 X151.002666 Y142.063082 Z70.96
G0 X151.499051 Y142.141702 Z70.94
G0 X151.989519 Y142.251335 Z70.92
G0 X152.472136 Y142.391548 Z70.9
G0 X152.944996 Y142.561788 Z70.88
G0 X153.406234 Y142.761384 Z70.86
G0 X153.854029 Y142.989547 Z70.84
G0 X154.286614 Y143.245377 Z70.82
G0 X154.702282 Y143.527864 Z70.8
G0 X155.099392 Y143.835894 Z70.78
G0 X155.476377 Y144.168251 Z70.76
G0 X155.831749 Y144.523623 Z70.74
G0 X156.164106 Y144.900608 Z70.72
G0 X156.472136 Y145.297718 Z70.7
G0 X156.754623 Y145.713386 Z70.68
G0 X157.010453 Y146.145971 Z70.66
G0 X157.238616 Y146.593766 Z70.64
G0 X157.438212 Y147.055004 Z70.62
G0 X157.608452 Y147.527864 Z70.6
G0 X157.748665 Y148.010481 Z70.58
G0 X157.858298 Y148.500949 Z70.56
G0 X157.936918 Y148.997334 Z70.54
G0 X157.984214 Y149.497676 Z70.52
G0 X158 Y150 Z70.5
G0 X157.984214 Y150.502324 Z70.48
G0 X157.936918 Y151.002666 Z70.46
G0 X157.858298 Y151.499051 Z70.44
G0 X157.748665 Y151.989519 Z70.42
G0 X157.608452 Y152.472136 Z70.4
G0 X157.438212 Y152.944996 Z70.38
G0 X157.238616 Y153.406234 Z70.36
G0 X157.010453 Y153.854029 Z70.34
G0 X156.754623 Y154.286614 Z70.32
G0 X156.472136 Y154.702282 Z70.3
G0 X156.164106 Y155.099392 Z70.28
G0 X155.831749 Y155.476377 Z70.26
G0 X155.476377 Y155.831749 Z70.24
G0 X155.099392 Y156.164106 Z70.22
G0 X154.702282 Y156.472136 Z70.2
G0 X154.286614 Y156.754623 Z70.18
G0 X153.854029 Y157.010453 Z70.16
G0 X153.406234 Y157.238616 Z70.14
G0 X152.944996 Y157.438212 Z70.12
G0 X152.472136 Y157.608452 Z70.1
G0 X151.989519 Y157.748665 Z70.08
G0 X151.499051 Y157.858298 Z70.06
G0 X151.002666 Y157.936918 Z70.04
G0 X150.502324 Y157.984214 Z70.02
G0 X150 Y158 Z70
G0 X149.497676 Y157.984214 Z69.98
G0 X148.997334 Y157.936918 Z69.96
G0 X148.500949 Y157.858298 Z69.94
G0 X148.010481 Y157.748665 Z69.92
G0 X147.527864 Y157.608452 Z69.9
G0 X147.055004 Y157.438212 Z69.88
G0 X146.593766 Y157.238616 Z69.86
G0 X146.145971 Y157.010453 Z69.84
G0 X145.713386 Y156.754623 Z69.82
G0 X145.297718 Y156.472136 Z69.8
G0 X144.900608 Y156.164106 Z69.78
G0 X144.523623 Y155.831749 Z69.76
G0 X144.168251 Y155.476377 Z69.74
G0 X143.835894 Y155.099392 Z69.72
G0 X143.527864 Y154.702282 Z69.7
G0 X143.245377 Y154.286614 Z69.68
G0 X142.989547 Y153.854029 Z69.66
G0 X142.761384 Y153.406234 Z69.64
G0 X142.561788 Y152.944996 Z69.62
G0 X142.391548 Y152.472136 Z69.6
G0 X142.251335 Y151.989519 Z69.58
G0 X142.141702 Y151.499051 Z69.56
G0 X142.063082 Y151.002666 Z69.54
G0 X142.015786 Y150.502324 Z69.52
G0 X142 Y150 Z69.5
G0 X142.015786 Y149.497676 Z69.48
G0 X142.063082 Y148.997334 Z69.46
G0 X142.141702 Y148.500949 Z69.44
G0 X142.251335 Y148.010481 Z69.42
G0 X142.391548 Y147.527864 Z69.4
G0 X142.561788 Y147.055004 Z69.38
G0 X142.761384 Y146.593766 Z69.36
G0 X142.989547 Y146.145971 Z69.34
G0 X143.245377 Y145.713386 Z69.32
G0 X143.527864 Y145.297718 Z69.3
G0 X143.835894 Y144.900608 Z69.28
G0 X144.168251 Y144.523623 Z69.26
G0 X144.523623 Y144.168251 Z69.24
G0 X144.900608 Y143.835894 Z69.22
G0 X145.297718 Y143.527864 Z69.2
G0 X145.713386 Y143.245377 Z69.18
G0 X146.145971 Y142.989547 Z69.16
G0 X146.593766 Y142.761384 Z69.14
G0 X147.055004 Y142.561788 Z69.12
G0 X147.527864 Y142.391548 Z69.1
G0 X148.010481 Y142.251335 Z69.08
G0 X148.500949 Y142.141702 Z69.06
G0 X148.997334 Y142.063082 Z69.04
G0 X149.497676 Y142.015786 Z69.02
G0 X150 Y142 Z69
G0 X150.502324 Y142.015786 Z68.98
G0 X151.002666 Y142.063082 Z68.96
G0 X151.499051 Y142.141702 Z68.94
G0 X151.989519 Y142.251335 Z68.92
G0 X152.472136 Y142.391548 Z68.9
G0 X152.944996 Y142.561788 Z68.88
G0 X153.406234 Y142.761384 Z68.86
G0 X153.854029 Y142.989547 Z68.84
G0 X154.286614 Y143.245377 Z68.82
G0 X154.702282 Y143.527864 Z68.8
G0 X155.099392 Y143.835894 Z68.78
G0 X155.476377 Y144.168251 Z68.76
G0 X155.831749 Y144.523623 Z68.74
G0 X156.164106 Y144.900608 Z68.72
G0 X156.472136 Y145.297718 Z68.7
G0 X156.754623 Y145.713386 Z68.68
G0 X157.010453 Y146.145971 Z68.66
G0 X157.238616 Y146.593766 Z68.64
G0 X157.438212 Y147.055004 Z68.62
G0 X157.608452 Y147.527864 Z68.6
G0 X157.748665 Y148.010481 Z68.58
G0 X157.858298 Y148.500949 Z68.56
G0 X157.936918 Y148.997334 Z68.54
G0 X157.984214 Y149.497676 Z68.52
G0 X158 Y150 Z68.5
G0 X157.984214 Y150.502324 Z68.48
G0 X157.936918 Y151.002666 Z68.46
G0 X157.858298 Y151.499051 Z68.44
G0 X157.748665 Y151.989519 Z68.42
G0 X157.608452 Y152.472136 Z68.4
G0 X157.438212 Y152.944996 Z68.38
G0 X157.238616 Y153.406234 Z68.36
G0 X157.010453 Y153.854029 Z68.34
G0 X156.754623 Y154.286614 Z68.32
G0 X156.472136 Y154.702282 Z68.3
G0 X156.164106 Y155.099392 Z68.28
G0 X155.831749 Y155.476377 Z68.26
G0 X155.476377 Y155.831749 Z68.24
G0 X155.099392 Y156.164106 Z68.22
G0 X154.702282 Y156.472136 Z68.2
G0 X154.286614 Y156.754623 Z68.18
G0 X153.854029 Y157.010453 Z68.16
G0 X153.406234 Y157.238616 Z68.14
G0 X152.944996 Y157.438212 Z68.12
G0 X152.472136 Y157.608452 Z68.1
G0 X151.989519 Y157.748665 Z68.08
G0 X151.499051 Y157.858298 Z68.06
G0 X151.002666 Y157.936918 Z68.04
G0 X150.502324 Y157.984214 Z68.02
G0 X150 Y158 Z68
G0 X149.497676 Y157.984214 Z67.98
G0 X148.997334 Y157.936918 Z67.96
G0 X148.500949 Y157.858298 Z67.94
G0 X148.010481 Y157.748665 Z67.92
G0 X147.527864 Y157.608452 Z67.9
G0 X147.055004 Y157.438212 Z67.88
G0 X146.593766 Y157.238616 Z67.86
G0 X146.145971 Y157.010453 Z67.84
G0 X145.713386 Y156.754623 Z67.82
G0 X145.297718 Y156.472136 Z67.8
G0 X144.900608 Y156.164106 Z67.78
G0 X144.523623 Y155.831749 Z67.76
G0 X144.168251 Y155.476377 Z67.74
G0 X143.835894 Y155.099392 Z67.72
G0 X143.527864 Y154.702282 Z67.7
G0 X143.245377 Y154.286614 Z67.68
G0 X142.989547 Y153.854029 Z67.66
G0 X142.761384 Y153.406234 Z67.64
G0 X142.561788 Y152.944996 Z67.62
G0 X142.391548 Y152.472136 Z67.6
G0 X142.251335 Y151.989519 Z67.58
G0 X142.141702 Y151.499051 Z67.56
G0 X142.063082 Y151.002666 Z67.54
G0 X142.015786 Y150.502324 Z67.52
G0 X142 Y150 Z67.5
G0 X142.015786 Y149.497676 Z67.48
G0 X142.063082 Y148.997334 Z67.46
G0 X142.141702 Y148.500949 Z67.44
G0 X142.251335 Y148.010481 Z67.42
G0 X142.391548 Y147.527864 Z67.4
G0 X142.561788 Y147.055004 Z67.38
G0 X142.761384 Y146.593766 Z67.36
G0 X142.989547 Y146.145971 Z67.34
G0 X143.245377 Y145.713386 Z67.32
G0 X143.527864 Y145.297718 Z67.3
G0 X143.835894 Y144.900608 Z67.28
G0 X144.168251 Y144.523623 Z67.26
G0 X144.523623 Y144.168251 Z67.24
G0 X144.900608 Y143.835894 Z67.22
G0 X145.297718 Y143.527864 Z67.2
G0 X145.713386 Y143.245377 Z67.18
G0 X146.145971 Y142.989547 Z67.16
G0 X146.593766 Y142.761384 Z67.14
G0 X147.055004 Y142.561788 Z67.12
G0 X147.527864 Y142.391548 Z67.1
G0 X148.010481 Y142.251335 Z67.08
G0 X148.500949 Y142.141702 Z67.06
G0 X148.997334 Y142.063082 Z67.04
G0 X149.497676 Y142.015786 Z67.02
G0 X150 Y142 Z67
G0 X150.502324 Y142.015786 Z66.98
G0 X151.002666 Y142.063082 Z66.96
G0 X151.499051 Y142.141702 Z66.94
G0 X151.989519 Y142.251335 Z66.92
G0 X152.472136 Y142.391548 Z66.9
G0 X152.944996 Y142.561788 Z66.88
G0 X153.406234 Y142.761384 Z66.86
G0 X153.854029 Y142.989547 Z66.84
G0 X154.286614 Y143.245377 Z66.82
G0 X154.702282 Y143.527864 Z66.8
G0 X155.099392 Y143.835894 Z66.78
G0 X155.476377 Y144.168251 Z66.76
G0 X155.831749 Y144.523623 Z66.74
G0 X156.164106 Y144.900608 Z66.72
G0 X156.472136 Y145.297718 Z66.7
G0 X156.754623 Y145.713386 Z66.68
G0 X157.010453 Y146.145971 Z66.66
G0 X157.238616 Y146.593766 Z66.64
G0 X157.438212 Y147.055004 Z66.62
G0 X157.608452 Y147.527864 Z66.6
G0 X157.748665 Y148.010481 Z66.58
G0 X157.858298 Y148.500949 Z66.56
G0 X157.936918 Y148.997334 Z66.54
G0 X157.984214 Y149.497676 Z66.52
G0 X158 Y150 Z66.5
G0 X157.984214 Y150.502324 Z66.48
G0 X157.936918 Y151.002666 Z66.46
G0 X157.858298 Y151.499051 Z66.44
G0 X157.748665 Y151.989519 Z66.42
G0 X157.608452 Y152.472136 Z66.4
G0 X157.438212 Y152.944996 Z66.38
G0 X157.238616 Y153.406234 Z66.36
G0 X157.010453 Y153.854029 Z66.34
G0 X156.754623 Y154.286614 Z66.32
G0 X156.472136 Y154.702282 Z66.3
G0 X156.164106 Y155.099392 Z66.28
G0 X155.831749 Y155.476377 Z66.26
G0 X155.476377 Y155.831749 Z66.24
G0 X155.099392 Y156.164106 Z66.22
G0 X154.702282 Y156.472136 Z66.2
G0 X154.286614 Y156.754623 Z66.18
G0 X153.854029 Y157.010453 Z66.16
G0 X153.406234 Y157.238616 Z66.14
G0 X152.944996 Y157.438212 Z66.12
G0 X152.472136 Y157.608452 Z66.1
G0 X151.989519 Y157.748665 Z66.08
G0 X151.499051 Y157.858298 Z66.06
G0 X151.002666 Y157.936918 Z66.04
G0 X150.502324 Y157.984214 Z66.02
G0 X150 Y158 Z66
G0 X149.497676 Y157.984214 Z65.98
G0 X148.997334 Y157.936918 Z65.96
G0 X148.500949 Y157.858298 Z65.94
G0 X148.010481 Y157.748665 Z65.92
G0 X147.527864 Y157.608452 Z65.9
G0 X147.055004 Y157.438212 Z65.88
G0 X146.593766 Y157.238616 Z65.86
G0 X146.145971 Y157.010453 Z65.84
G0 X145.713386 Y156.754623 Z65.82
G0 X145.297718 Y156.472136 Z65.8
G0 X144.900608 Y156.164106 Z65.78
G0 X144.523623 Y155.831749 Z65.76
G0 X144.168251 Y155.476377 Z65.74
G0 X143.835894 Y155.099392 Z65.72
G0 X143.527864 Y154.702282 Z65.7
G0 X143.245377 Y154.286614 Z65.68
G0 X142.989547 Y153.854029 Z65.66
G0 X142.761384 Y153.406234 Z65.64
G0 X142.561788 Y152.944996 Z65.62
G0 X142.391548 Y152.472136 Z65.6
G0 X142.251335 Y151.989519 Z65.58
G0 X142.141702 Y151.499051 Z65.56
G0 X142.063082 Y151.002666 Z65.54
G0 X142.015786 Y150.502324 Z65.52
G0 X142 Y150 Z65.5
G0 X142.015786 Y149.497676 Z65.48
G0 X142.063082 Y148.997334 Z65.46
G0 X142.141702 Y148.500949 Z65.44
G0 X142.251335 Y148.010481 Z65.42
G0 X142.391548 Y147.527864 Z65.4
G0 X142.561788 Y147.055004 Z65.38
G0 X142.761384 Y146.593766 Z65.36
G0 X142.989547 Y146.145971 Z65.34
G0 X143.245377 Y145.713386 Z65.32
G0 X143.527864 Y145.297718 Z65.3
G0 X143.835894 Y144.900608 Z65.28
G0 X144.168251 Y144.523623 Z65.26
G0 X144.523623 Y144.168251 Z65.24
G0 X144.900608 Y143.835894 Z65.22
G0 X145.297718 Y143.527864 Z65.2
G0 X145.713386 Y143.245377 Z65.18
G0 X146.145971 Y142.989547 Z65.16
G0 X146.593766 Y142.761384 Z65.14
G0 X147.055004 Y142.561788 Z65.12
G0 X147.527864 Y142.391548 Z65.1
G0 X148.010481 Y142.251335 Z65.08
G0 X148.500949 Y142.141702 Z65.06
G0 X148.997334 Y142.063082 Z65.04
G0 X149.497676 Y142.015786 Z65.02
G0 X150 Y142 Z65
G0 X150.502324 Y142.015786 Z64.98
G0 X151.002666 Y142.063082 Z64.96
G0 X151.499051 Y142.141702 Z64.94
G0 X151.989519 Y142.251335 Z64.92
G0 X152.472136 Y142.391548 Z64.9
G0 X152.944996 Y142.561788 Z64.88
G0 X153.406234 Y142.761384 Z64.86
G0 X153.854029 Y142.989547 Z64.84
G0 X154.286614 Y143.245377 Z64.82
G0 X154.702282 Y143.527864 Z64.8
G0 X155.099392 Y143.835894 Z64.78
G0 X155.476377 Y144.168251 Z64.76
G0 X155.831749 Y144.523623 Z64.74
G0 X156.164106 Y144.900608 Z64.72
G0 X156.472136 Y145.297718 Z64.7
G0 X156.754623 Y145.713386 Z64.68
G0 X157.010453 Y146.145971 Z64.66
G0 X157.238616 Y146.593766 Z64.64
G0 X157.438212 Y147.055004 Z64.62
G0 X157.608452 Y147.527864 Z64.6
G0 X157.748665 Y148.010481 Z64.58
G0 X157.858298 Y148.500949 Z64.56
G0 X157.936918 Y148.997334 Z64.54
G0 X157.984214 Y149.497676 Z64.52
G0 X158 Y150 Z64.5
G0 X157.984214 Y150.502324 Z64.48
G0 X157.936918 Y151.002666 Z64.46
G0 X157.858298 Y151.499051 Z64.44
G0 X157.748665 Y151.989519 Z64.42
G0 X157.608452 Y152.472136 Z64.4
G0 X157.438212 Y152.944996 Z64.38
G0 X157.238616 Y153.406234 Z64.36
G0 X157.010453 Y153.854029 Z64.34
G0 X156.754623 Y154.286614 Z64.32
G0 X156.472136 Y154.702282 Z64.3
G0 X156.164106 Y155.099392 Z64.28
G0 X155.831749 Y155.476377 Z64.26
G0 X155.476377 Y155.831749 Z64.24
G0 X155.099392 Y156.164106 Z64.22
G0 X154.702282 Y156.472136 Z64.2
G0 X154.286614 Y156.754623 Z64.18
G0 X153.854029 Y157.010453 Z64.16
G0 X153.406234 Y157.238616 Z64.14
G0 X152.944996 Y157.438212 Z64.12
G0 X152.472136 Y157.608452 Z64.1
G0 X151.989519 Y157.748665 Z64.08
G0 X151.499051 Y157.858298 Z64.06
G0 X151.002666 Y157.936918 Z64.04
G0 X150.502324 Y157.984214 Z64.02
G0 X150 Y158 Z64
G0 X149.497676 Y157.984214 Z63.98
G0 X148.997334 Y157.936918 Z63.96
G0 X148.500949 Y157.858298 Z63.94
G0 X148.010481 Y157.748665 Z63.92
G0 X147.527864 Y157.608452 Z63.9
G0 X147.055004 Y157.438212 Z63.88
G0 X146.593766 Y157.238616 Z63.86
G0 X146.145971 Y157.010453 Z63.84
G0 X145.713386 Y156.754623 Z63.82
G0 X145.297718 Y156.472136 Z63.8
G0 X144.900608 Y156.164106 Z63.78
G0 X144.523623 Y155.831749 Z63.76
G0 X144.168251 Y155.476377 Z63.74
G0 X143.835894 Y155.099392 Z63.72
G0 X143.527864 Y154.702282 Z63.7
G0 X143.245377 Y154.286614 Z63.68
G0 X142.989547 Y153.854029 Z63.66
G0 X142.761384 Y153.406234 Z63.64
G0 X142.561788 Y152.944996 Z63.62
G0 X142.391548 Y152.472136 Z63.6
G0 X142.251335 Y151.989519 Z63.58
G0 X142.141702 Y151.499051 Z63.56
G0 X142.063082 Y151.002666 Z63.54
G0 X142.015786 Y150.502324 Z63.52
G0 X142 Y150 Z63.5
G0 X142.015786 Y149.497676 Z63.48
G0 X142.063082 Y148.997334 Z63.46
G0 X142.141702 Y148.500949 Z63.44
G0 X142.251335 Y148.010481 Z63.42
G0 X142.391548 Y147.527864 Z63.4
G0 X142.561788 Y147.055004 Z63.38
G0 X142.761384 Y146.593766 Z63.36
G0 X142.989547 Y146.145971 Z63.34
G0 X143.245377 Y145.713386 Z63.32
G0 X143.527864 Y145.297718 Z63.3
G0 X143.835894 Y144.900608 Z63.28
G0 X144.168251 Y144.523623 Z63.26
G0 X144.523623 Y144.168251 Z63.24
G0 X144.900608 Y143.835894 Z63.22
G0 X145.297718 Y143.527864 Z63.2
G0 X145.713386 Y143.245377 Z63.18
G0 X146.145971 Y142.989547 Z63.16
G0 X146.593766 Y142.761384 Z63.14
G0 X147.055004 Y142.561788 Z63.12
G0 X147.527864 Y142.391548 Z63.1
G0 X148.010481 Y142.251335 Z63.08
G0 X148.500949 Y142.141702 Z63.06
G0 X148.997334 Y142.063082 Z63.04
G0 X149.497676 Y142.015786 Z63.02
G0 X150 Y142 Z63
G0 X150.502324 Y142.015786 Z62.98
G0 X151.002666 Y142.063082 Z62.96
G0 X151.499051 Y142.141702 Z62.94
G0 X151.989519 Y142.251335 Z62.92
G0 X152.472136 Y142.391548 Z62.9
G0 X152.944996 Y142.561788 Z62.88
G0 X153.406234 Y142.761384 Z62.86
G0 X153.854029 Y142.989547 Z62.84
G0 X154.286614 Y143.245377 Z62.82
G0 X154.702282 Y143.527864 Z62.8
G0 X155.099392 Y143.835894 Z62.78
G0 X155.476377 Y144.168251 Z62.76
G0 X155.831749 Y144.523623 Z62.74
G0 X156.164106 Y144.900608 Z62.72
G0 X156.472136 Y145.297718 Z62.7
G0 X156.754623 Y145.713386 Z62.68
G0 X157.010453 Y146.145971 Z62.66
G0 X157.238616 Y146.593766 Z62.64
G0 X157.438212 Y147.055004 Z62.62
G0 X157.608452 Y147.527864 Z62.6
G0 X157.748665 Y148.010481 Z62.58
G0 X157.858298 Y148.500949 Z62.56
G0 X157.936918 Y148.997334 Z62.54
G0 X157.984214 Y149.497676 Z62.52
G0 X158 Y150 Z62.5
G0 X157.984214 Y150.502324 Z62.48
G0 X157.936918 Y151.002666 Z62.46
G0 X157.858298 Y151.499051 Z62.44
G0 X157.748665 Y151.989519 Z62.42
G0 X157.608452 Y152.472136 Z62.4
G0 X157.438212 Y152.944996 Z62.38
G0 X157.238616 Y153.406234 Z62.36
G0 X157.010453 Y153.854029 Z62.34
G0 X156.754623 Y154.286614 Z62.32
G0 X156.472136 Y154.702282 Z62.3
G0 X156.164106 Y155.099392 Z62.28
G0 X155.831749 Y155.476377 Z62.26
G0 X155.476377 Y155.831749 Z62.24
G0 X155.099392 Y156.164106 Z62.22
G0 X154.702282 Y156.472136 Z62.2
G0 X154.286614 Y156.754623 Z62.18
G0 X153.854029 Y157.010453 Z62.16
G0 X153.406234 Y157.238616 Z62.14
G0 X152.944996 Y157.438212 Z62.12
G0 X152.472136 Y157.608452 Z62.1
G0 X151.989519 Y157.748665 Z62.08
G0 X151.499051 Y157.858298 Z62.06
G0 X151.002666 Y157.936918 Z62.04
G0 X150.502324 Y157.984214 Z62.02
G0 X150 Y158 Z62
G0 X149.497676 Y157.984214 Z61.98
G0 X148.997334 Y157.936918 Z61.96
G0 X148.500949 Y157.858298 Z61.94
G0 X148.010481 Y157.748665 Z61.92
G0 X147.527864 Y157.608452 Z61.9
G0 X147.055004 Y157.438212 Z61.88
G0 X146.593766 Y157.238616 Z61.86
G0 X146.145971 Y157.010453 Z61.84
G0 X145.713386 Y156.754623 Z61.82
G0 X145.297718 Y156.472136 Z61.8
G0 X144.900608 Y156.164106 Z61.78
G0 X144.523623 Y155.831749 Z61.76
G0 X144.168251 Y155.476377 Z61.74
G0 X143.835894 Y155.099392 Z61.72
G0 X143.527864 Y154.702282 Z61.7
G0 X143.245377 Y154.286614 Z61.68
G0 X142.989547 Y153.854029 Z61.66
G0 X142.761384 Y153.406234 Z61.64
G0 X142.561788 Y152.944996 Z61.62
G0 X142.391548 Y152.472136 Z61.6
G0 X142.251335 Y151.989519 Z61.58
G0 X142.141702 Y151.499051 Z61.56
G0 X142.063082 Y151.002666 Z61.54
G0 X142.015786 Y150.502324 Z61.52
G0 X142 Y150 Z61.5
G0 X142.015786 Y149.497676 Z61.48
G0 X142.063082 Y148.997334 Z61.46
G0 X142.141702 Y148.500949 Z61.44
G0 X142.251335 Y148.010481 Z61.42
G0 X142.391548 Y147.527864 Z61.4
G0 X142.561788 Y147.055004 Z61.38
G0 X142.761384 Y146.593766 Z61.36
G0 X142.989547 Y146.145971 Z61.34
G0 X143.245377 Y145.713386 Z61.32
G0 X143.527864 Y145.297718 Z61.3
G0 X143.835894 Y144.900608 Z61.28
G0 X144.168251 Y144.523623 Z61.26
G0 X144.523623 Y144.168251 Z61.24
G0 X144.900608 Y143.835894 Z61.22
G0 X145.297718 Y143.527864 Z61.2
G0 X145.713386 Y143.245377 Z61.18
G0 X146.145971 Y142.989547 Z61.16
G0 X146.593766 Y142.761384 Z61.14
G0 X147.055004 Y142.561788 Z61.12
G0 X147.527864 Y142.391548 Z61.1
G0 X148.010481 Y142.251335 Z61.08
G0 X148.500949 Y142.141702 Z61.06
G0 X148.997334 Y142.063082 Z61.04
G0 X149.497676 Y142.015786 Z61.02
G0 X150 Y142 Z61
G0 X150.502324 Y142.015786 Z60.98
G0 X151.002666 Y142.063082 Z60.96
G0 X151.499051 Y142.141702 Z60.94
G0 X151.989519 Y142.251335 Z60.92
G0 X152.472136 Y142.391548 Z60.9
G0 X152.944996 Y142.561788 Z60.88
G0 X153.406234 Y142.761384 Z60.86
G0 X153.854029 Y142.989547 Z60.84
G0 X154.286614 Y143.245377 Z60.82
G0 X154.702282 Y143.527864 Z60.8
G0 X155.099392 Y143.835894 Z60.78
G0 X155.476377 Y144.168251 Z60.76
G0 X155.831749 Y144.523623 Z60.74
G0 X156.164106 Y144.900608 Z60.72
G0 X156.472136 Y145.297718 Z60.7
G0 X156.754623 Y145.713386 Z60.68
G0 X157.010453 Y146.145971 Z60.66
G0 X157.238616 Y146.593766 Z60.64
G0 X157.438212 Y147.055004 Z60.62
G0 X157.608452 Y147.527864 Z60.6
G0 X157.748665 Y148.010481 Z60.58
G0 X157.858298 Y148.500949 Z60.56
G0 X157.936918 Y148.997334 Z60.54
G0 X157.984214 Y149.497676 Z60.52
G0 X158 Y150 Z60.5
G0 X157.984214 Y150.502324 Z60.48
G0 X157.936918 Y151.002666 Z60.46
G0 X157.858298 Y151.499051 Z60.44
G0 X157.748665 Y151.989519 Z60.42
G0 X157.608452 Y152.472136 Z60.4
G0 X157.438212 Y152.944996 Z60.38
G0 X157.238616 Y153.406234 Z60.36
G0 X157.010453 Y153.854029 Z60.34
G0 X156.754623 Y154.286614 Z60.32
G0 X156.472136 Y154.702282 Z60.3
G0 X156.164106 Y155.099392 Z60.28
G0 X155.831749 Y155.476377 Z60.26
G0 X155.476377 Y155.831749 Z60.24
G0 X155.099392 Y156.164106 Z60.22
G0 X154.702282 Y156.472136 Z60.2
G0 X154.286614 Y156.754623 Z60.18
G0 X153.854029 Y157.010453 Z60.16
G0 X153.406234 Y157.238616 Z60.14
G0 X152.944996 Y157.438212 Z60.12
G0 X152.472136 Y157.608452 Z60.1
G0 X151.989519 Y157.748665 Z60.08
G0 X151.499051 Y157.858298 Z60.06
G0 X151.002666 Y157.936918 Z60.04
G0 X150.502324 Y157.984214 Z60.02
G0 X150 Y158 Z60
G0 X149.497676 Y157.984214 Z59.98
G0 X148.997334 Y157.936918 Z59.96
G0 X148.500949 Y157.858298 Z59.94
G0 X148.010481 Y157.748665 Z59.92
G0 X147.527864 Y157.608452 Z59.9
G0 X147.055004 Y157.438212 Z59.88
G0 X146.593766 Y157.238616 Z59.86
G0 X146.145971 Y157.010453 Z59.84
G0 X145.713386 Y156.754623 Z59.82
G0 X145.297718 Y156.472136 Z59.8
G0 X144.900608 Y156.164106 Z59.78
G0 X144.523623 Y155.831749 Z59.76
G0 X144.168251 Y155.476377 Z59.74
G0 X143.835894 Y155.099392 Z59.72
G0 X143.527864 Y154.702282 Z59.7
G0 X143.245377 Y154.286614 Z59.68
G0 X142.989547 Y153.854029 Z59.66
G0 X142.761384 Y153.406234 Z59.64
G0 X142.561788 Y152.944996 Z59.62
G0 X142.391548 Y152.472136 Z59.6
G0 X142.251335 Y151.989519 Z59.58
G0 X142.141702 Y151.499051 Z59.56
G0 X142.063082 Y151.002666 Z59.54
G0 X142.015786 Y150.502324 Z59.52
G0 X142 Y150 Z59.5
G0 X142.015786 Y149.497676 Z59.48
G0 X142.063082 Y148.997334 Z59.46
G0 X142.141702 Y148.500949 Z59.44
G0 X142.251335 Y148.010481 Z59.42
G0 X142.391548 Y147.527864 Z59.4
G0 X142.561788 Y147.055004 Z59.38
G0 X142.761384 Y146.593766 Z59.36
G0 X142.989547 Y146.145971 Z59.34
G0 X143.245377 Y145.713386 Z59.32
G0 X143.527864 Y145.297718 Z59.3
G0 X143.835894 Y144.900608 Z59.28
G0 X144.168251 Y144.523623 Z59.26
G0 X144.523623 Y144.168251 Z59.24
G0 X144.900608 Y143.835894 Z59.22
G0 X145.297718 Y143.527864 Z59.2
G0 X145.713386 Y143.245377 Z59.18
G0 X146.145971 Y142.989547 Z59.16
G0 X146.593766 Y142.761384 Z59.14
G0 X147.055004 Y142.561788 Z59.12
G0 X147.527864 Y142.391548 Z59.1
G0 X148.010481 Y142.251335 Z59.08
G0 X148.500949 Y142.141702 Z59.06
G0 X148.997334 Y142.063082 Z59.04
G0 X149.497676 Y142.015786 Z59.02
G0 X150 Y142 Z59
G0 X150.502324 Y142.015786 Z58.98
G0 X151.002666 Y142.063082 Z58.96
G0 X151.499051 Y142.141702 Z58.94
G0 X151.989519 Y142.251335 Z58.92
G0 X152.472136 Y142.391548 Z58.9
G0 X152.944996 Y142.561788 Z58.88
G0 X153.406234 Y142.761384 Z58.86
G0 X153.854029 Y142.989547 Z58.84
G0 X154.286614 Y143.245377 Z58.82
G0 X154.702282 Y143.527864 Z58.8
G0 X155.099392 Y143.835894 Z58.78
G0 X155.476377 Y144.168251 Z58.76
G0 X155.831749 Y144.523623 Z58.74
G0 X156.164106 Y144.900608 Z58.72
G0 X156.472136 Y145.297718 Z58.7
G0 X156.754623 Y145.713386 Z58.68
G0 X157.010453 Y146.145971 Z58.66
G0 X157.238616 Y146.593766 Z58.64
G0 X157.438212 Y147.055004 Z58.62
G0 X157.608452 Y147.527864 Z58.6
G0 X157.748665 Y148.010481 Z58.58
G0 X157.858298 Y148.500949 Z58.56
G0 X157.936918 Y148.997334 Z58.54
G0 X157.984214 Y149.497676 Z58.52
G0 X158 Y150 Z58.5
G0 X157.984214 Y150.502324 Z58.48
G0 X157.936918 Y151.002666 Z58.46
G0 X157.858298 Y151.499051 Z58.44
G0 X157.748665 Y151.989519 Z58.42
G0 X157.608452 Y152.472136 Z58.4
G0 X157.438212 Y152.944996 Z58.38
G0 X157.238616 Y153.406234 Z58.36
G0 X157.010453 Y153.854029 Z58.34
G0 X156.754623 Y154.286614 Z58.32
G0 X156.472136 Y154.702282 Z58.3
G0 X156.164106 Y155.099392 Z58.28
G0 X155.831749 Y155.476377 Z58.26
G0 X155.476377 Y155.831749 Z58.24
G0 X155.099392 Y156.164106 Z58.22
G0 X154.702282 Y156.472136 Z58.2
G0 X154.286614 Y156.754623 Z58.18
G0 X153.854029 Y157.010453 Z58.16
G0 X153.406234 Y157.238616 Z58.14
G0 X152.944996 Y157.438212 Z58.12
G0 X152.472136 Y157.608452 Z58.1
G0 X151.989519 Y157.748665 Z58.08
G0 X151.499051 Y157.858298 Z58.06
G0 X151.002666 Y157.936918 Z58.04
G0 X150.502324 Y157.984214 Z58.02
G0 X150 Y158 Z58
G0 X149.497676 Y157.984214 Z57.98
G0 X148.997334 Y157.936918 Z57.96
G0 X148.500949 Y157.858298 Z57.94
G0 X148.010481 Y157.748665 Z57.92
G0 X147.527864 Y157.608452 Z57.9
G0 X147.055004 Y157.438212 Z57.88
G0 X146.593766 Y157.238616 Z57.86
G0 X146.145971 Y157.010453 Z57.84
G0 X145.713386 Y156.754623 Z57.82
G0 X145.297718 Y156.472136 Z57.8
G0 X144.900608 Y156.164106 Z57.78
G0 X144.523623 Y155.831749 Z57.76
G0 X144.168251 Y155.476377 Z57.74
G0 X143.835894 Y155.099392 Z57.72
G0 X143.527864 Y154.702282 Z57.7
G0 X143.245377 Y154.286614 Z57.68
G0 X142.989547 Y153.854029 Z57.66
G0 X142.761384 Y153.406234 Z57.64
G0 X142.561788 Y152.944996 Z57.62
G0 X142.391548 Y152.472136 Z57.6
G0 X142.251335 Y151.989519 Z57.58
G0 X142.141702 Y151.499051 Z57.56
G0 X142.063082 Y151.002666 Z57.54
G0 X142.015786 Y150.502324 Z57.52
G0 X142 Y150 Z57.5
G0 X142.015786 Y149.497676 Z57.48
G0 X142.063082 Y148.997334 Z57.46
G0 X142.141702 Y148.500949 Z57.44
G0 X142.251335 Y148.010481 Z57.42
G0 X142.391548 Y147.527864 Z57.4
G0 X142.561788 Y147.055004 Z57.38
G0 X142.761384 Y146.593766 Z57.36
G0 X142.989547 Y146.145971 Z57.34
G0 X143.245377 Y145.713386 Z57.32
G0 X143.527864 Y145.297718 Z57.3
G0 X143.835894 Y144.900608 Z57.28
G0 X144.168251 Y144.523623 Z57.26
G0 X144.523623 Y144.168251 Z57.24
G0 X144.900608 Y143.835894 Z57.22
G0 X145.297718 Y143.527864 Z57.2
G0 X145.713386 Y143.245377 Z57.18
G0 X146.145971 Y142.989547 Z57.16
G0 X146.593766 Y142.761384 Z57.14
G0 X147.055004 Y142.561788 Z57.12
G0 X147.527864 Y142.391548 Z57.1
G0 X148.010481 Y142.251335 Z57.08
G0 X148.500949 Y142.141702 Z57.06
G0 X148.997334 Y142.063082 Z57.04
G0 X149.497676 Y142.015786 Z57.02
G0 X150 Y142 Z57
G0 X150.502324 Y142.015786 Z56.98
G0 X151.002666 Y142.063082 Z56.96
G0 X151.499051 Y142.141702 Z56.94
G0 X151.989519 Y142.251335 Z56.92
G0 X152.472136 Y142.391548 Z56.9
G0 X152.944996 Y142.561788 Z56.88
G0 X153.406234 Y142.761384 Z56.86
G0 X153.854029 Y142.989547 Z56.84
G0 X154.286614 Y143.245377 Z56.82
G0 X154.702282 Y143.527864 Z56.8
G0 X155.099392 Y143.835894 Z56.78
G0 X155.476377 Y144.168251 Z56.76
G0 X155.831749 Y144.523623 Z56.74
G0 X156.164106 Y144.900608 Z56.72
G0 X156.472136 Y145.297718 Z56.7
G0 X156.754623 Y145.713386 Z56.68
G0 X157.010453 Y146.145971 Z56.66
G0 X157.238616 Y146.593766 Z56.64
G0 X157.438212 Y147.055004 Z56.62
G0 X157.608452 Y147.527864 Z56.6
G0 X157.748665 Y148.010481 Z56.58
G0 X157.858298 Y148.500949 Z56.56
G0 X157.936918 Y148.997334 Z56.54
G0 X157.984214 Y149.497676 Z56.52
G0 X158 Y150 Z56.5
G0 X157.984214 Y150.502324 Z56.48
G0 X157.936918 Y151.002666 Z56.46
G0 X157.858298 Y151.499051 Z56.44
G0 X157.748665 Y151.989519 Z56.42
G0 X157.608452 Y152.472136 Z56.4
G0 X157.438212 Y152.944996 Z56.38
G0 X157.238616 Y153.406234 Z56.36
G0 X157.010453 Y153.854029 Z56.34
G0 X156.754623 Y154.286614 Z56.32
G0 X156.472136 Y154.702282 Z56.3
G0 X156.164106 Y155.099392 Z56.28
G0 X155.831749 Y155.476377 Z56.26
G0 X155.476377 Y155.831749 Z56.24
G0 X155.099392 Y156.164106 Z56.22
G0 X154.702282 Y156.472136 Z56.2
G0 X154.286614 Y156.754623 Z56.18
G0 X153.854029 Y157.010453 Z56.16
G0 X153.406234 Y157.238616 Z56.14
G0 X152.944996 Y157.438212 Z56.12
G0 X152.472136 Y157.608452 Z56.1
G0 X151.989519 Y157.748665 Z56.08
G0 X151.499051 Y157.858298 Z56.06
G0 X151.002666 Y157.936918 Z56.04
G0 X150.502324 Y157.984214 Z56.02
G0 X150 Y158 Z56
G0 X149.497676 Y157.984214 Z55.98
G0 X148.997334 Y157.936918 Z55.96
G0 X148.500949 Y157.858298 Z55.94
G0 X148.010481 Y157.748665 Z55.92
G0 X147.527864 Y157.608452 Z55.9
G0 X147.055004 Y157.438212 Z55.88
G0 X146.593766 Y157.238616 Z55.86
G0 X146.145971 Y157.010453 Z55.84
G0 X145.713386 Y156.754623 Z55.82
G0 X145.297718 Y156.472136 Z55.8
G0 X144.900608 Y156.164106 Z55.78
G0 X144.523623 Y155.831749 Z55.76
G0 X144.168251 Y155.476377 Z55.74
G0 X143.835894 Y155.099392 Z55.72
G0 X143.527864 Y154.702282 Z55.7
G0 X143.245377 Y154.286614 Z55.68
G0 X142.989547 Y153.854029 Z55.66
G0 X142.761384 Y153.406234 Z55.64
G0 X142.561788 Y152.944996 Z55.62
G0 X142.391548 Y152.472136 Z55.6
G0 X142.251335 Y151.989519 Z55.58
G0 X142.141702 Y151.499051 Z55.56
G0 X142.063082 Y151.002666 Z55.54
G0 X142.015786 Y150.502324 Z55.52
G0 X142 Y150 Z55.5
G0 X142.015786 Y149.497676 Z55.48
G0 X142.063082 Y148.997334 Z55.46
G0 X142.141702 Y148.500949 Z55.44
G0 X142.251335 Y148.010481 Z55.42
G0 X142.391548 Y147.527864 Z55.4
G0 X142.561788 Y147.055004 Z55.38
G0 X142.761384 Y146.593766 Z55.36
G0 X142.989547 Y146.145971 Z55.34
G0 X143.245377 Y145.713386 Z55.32
G0 X143.527864 Y145.297718 Z55.3
G0 X143.835894 Y144.900608 Z55.28
G0 X144.168251 Y144.523623 Z55.26
G0 X144.523623 Y144.168251 Z55.24
G0 X144.900608 Y143.835894 Z55.22
G0 X145.297718 Y143.527864 Z55.2
G0 X145.713386 Y143.245377 Z55.18
G0 X146.145971 Y142.989547 Z55.16
G0 X146.593766 Y142.761384 Z55.14
G0 X147.055004 Y142.561788 Z55.12
G0 X147.527864 Y142.391548 Z55.1
G0 X148.010481 Y142.251335 Z55.08
G0 X148.500949 Y142.141702 Z55.06
G0 X148.997334 Y142.063082 Z55.04
G0 X149.497676 Y142.015786 Z55.02
G0 X150 Y142 Z55
G0 X150.502324 Y142.015786 Z54.98
G0 X151.002666 Y142.063082 Z54.96
G0 X151.499051 Y142.141702 Z54.94
G0 X151.989519 Y142.251335 Z54.92
G0 X152.472136 Y142.391548 Z54.9
G0 X152.944996 Y142.561788 Z54.88
G0 X153.406234 Y142.761384 Z54.86
G0 X153.854029 Y142.989547 Z54.84
G0 X154.286614 Y143.245377 Z54.82
G0 X154.702282 Y143.527864 Z54.8
G0 X155.099392 Y143.835894 Z54.78
G0 X155.476377 Y144.168251 Z54.76
G0 X155.831749 Y144.523623 Z54.74
G0 X156.164106 Y144.900608 Z54.72
G0 X156.472136 Y145.297718 Z54.7
G0 X156.754623 Y145.713386 Z54.68
G0 X157.010453 Y146.145971 Z54.66
G0 X157.238616 Y146.593766 Z54.64
G0 X157.438212 Y147.055004 Z54.62
G0 X157.608452 Y147.527864 Z54.6
G0 X157.748665 Y148.010481 Z54.58
G0 X157.858298 Y148.500949 Z54.56
G0 X157.936918 Y148.997334 Z54.54
G0 X157.984214 Y149.497676 Z54.52
G0 X158 Y150 Z54.5
G0 X157.984214 Y150.502324 Z54.48
G0 X157.936918 Y151.002666 Z54.46
G0 X157.858298 Y151.499051 Z54.44
G0 X157.748665 Y151.989519 Z54.42
G0 X157.608452 Y152.472136 Z54.4
G0 X157.438212 Y152.944996 Z54.38
G0 X157.238616 Y153.406234 Z54.36
G0 X157.010453 Y153.854029 Z54.34
G0 X156.754623 Y154.286614 Z54.32
G0 X156.472136 Y154.702282 Z54.3
G0 X156.164106 Y155.099392 Z54.28
G0 X155.831749 Y155.476377 Z54.26
G0 X155.476377 Y155.831749 Z54.24
G0 X155.099392 Y156.164106 Z54.22
G0 X154.702282 Y156.472136 Z54.2
G0 X154.286614 Y156.754623 Z54.18
G0 X153.854029 Y157.010453 Z54.16
G0 X153.406234 Y157.238616 Z54.14
G0 X152.944996 Y157.438212 Z54.12
G0 X152.472136 Y157.608452 Z54.1
G0 X151.989519 Y157.748665 Z54.08
G0 X151.499051 Y157.858298 Z54.06
G0 X151.002666 Y157.936918 Z54.04
G0 X150.502324 Y157.984214 Z54.02
G0 X150 Y158 Z54
G0 X149.497676 Y157.984214 Z53.98
G0 X148.997334 Y157.936918 Z53.96
G0 X148.500949 Y157.858298 Z53.94
G0 X148.010481 Y157.748665 Z53.92
G0 X147.527864 Y157.608452 Z53.9
G0 X147.055004 Y157.438212 Z53.88
G0 X146.593766 Y157.238616 Z53.86
G0 X146.145971 Y157.010453 Z53.84
G0 X145.713386 Y156.754623 Z53.82
G0 X145.297718 Y156.472136 Z53.8
G0 X144.900608 Y156.164106 Z53.78
G0 X144.523623 Y155.831749 Z53.76
G0 X144.168251 Y155.476377 Z53.74
G0 X143.835894 Y155.099392 Z53.72
G0 X143.527864 Y154.702282 Z53.7
G0 X143.245377 Y154.286614 Z53.68
G0 X142.989547 Y153.854029 Z53.66
G0 X142.761384 Y153.406234 Z53.64
G0 X142.561788 Y152.944996 Z53.62
G0 X142.391548 Y152.472136 Z53.6
G0 X142.251335 Y151.989519 Z53.58
G0 X142.141702 Y151.499051 Z53.56
G0 X142.063082 Y151.002666 Z53.54
G0 X142.015786 Y150.502324 Z53.52
G0 X142 Y150 Z53.5
G0 X142.015786 Y149.497676 Z53.48
G0 X142.063082 Y148.997334 Z53.46
G0 X142.141702 Y148.500949 Z53.44
G0 X142.251335 Y148.010481 Z53.42
G0 X142.391548 Y147.527864 Z53.4
G0 X142.561788 Y147.055004 Z53.38
G0 X142.761384 Y146.593766 Z53.36
G0 X142.989547 Y146.145971 Z53.34
G0 X143.245377 Y145.713386 Z53.32
G0 X143.527864 Y145.297718 Z53.3
G0 X143.835894 Y144.900608 Z53.28
G0 X144.168251 Y144.523623 Z53.26
G0 X144.523623 Y144.168251 Z53.24
G0 X144.900608 Y143.835894 Z53.22
G0 X145.297718 Y143.527864 Z53.2
G0 X145.713386 Y143.245377 Z53.18
G0 X146.145971 Y142.989547 Z53.16
G0 X146.593766 Y142.761384 Z53.14
G0 X147.055004 Y142.561788 Z53.12
G0 X147.527864 Y142.391548 Z53.1
G0 X148.010481 Y142.251335 Z53.08
G0 X148.500949 Y142.141702 Z53.06
G0 X148.997334 Y142.063082 Z53.04
G0 X149.497676 Y142.015786 Z53.02
G0 X150 Y142 Z53
G0 X150.502324 Y142.015786 Z52.98
G0 X151.002666 Y142.063082 Z52.96
G0 X151.499051 Y142.141702 Z52.94
G0 X151.989519 Y142.251335 Z52.92
G0 X152.472136 Y142.391548 Z52.9
G0 X152.944996 Y142.561788 Z52.88
G0 X153.406234 Y142.761384 Z52.86
G0 X153.854029 Y142.989547 Z52.84
G0 X154.286614 Y143.245377 Z52.82
G0 X154.702282 Y143.527864 Z52.8
G0 X155.099392 Y143.835894 Z52.78
G0 X155.476377 Y144.168251 Z52.76
G0 X155.831749 Y144.523623 Z52.74
G0 X156.164106 Y144.900608 Z52.72
G0 X156.472136 Y145.297718 Z52.7
G0 X156.754623 Y145.713386 Z52.68
G0 X157.010453 Y146.145971 Z52.66
G0 X157.238616 Y146.593766 Z52.64
G0 X157.438212 Y147.055004 Z52.62
G0 X157.608452 Y147.527864 Z52.6
G0 X157.748665 Y148.010481 Z52.58
G0 X157.858298 Y148.500949 Z52.56
G0 X157.936918 Y148.997334 Z52.54
G0 X157.984214 Y149.497676 Z52.52
G0 X158 Y150 Z52.5
G0 X157.984214 Y150.502324 Z52.48
G0 X157.936918 Y151.002666 Z52.46
G0 X157.858298 Y151.499051 Z52.44
G0 X157.748665 Y151.989519 Z52.42
G0 X157.608452 Y152.472136 Z52.4
G0 X157.438212 Y152.944996 Z52.38
G0 X157.238616 Y153.406234 Z52.36
G0 X157.010453 Y153.854029 Z52.34
G0 X156.754623 Y154.286614 Z52.32
G0 X156.472136 Y154.702282 Z52.3
G0 X156.164106 Y155.099392 Z52.28
G0 X155.831749 Y155.476377 Z52.26
G0 X155.476377 Y155.831749 Z52.24
G0 X155.099392 Y156.164106 Z52.22
G0 X154.702282 Y156.472136 Z52.2
G0 X154.286614 Y156.754623 Z52.18
G0 X153.854029 Y157.010453 Z52.16
G0 X153.406234 Y157.238616 Z52.14
G0 X152.944996 Y157.438212 Z52.12
G0 X152.472136 Y157.608452 Z52.1
G0 X151.989519 Y157.748665 Z52.08
G0 X151.499051 Y157.858298 Z52.06
G0 X151.002666 Y157.936918 Z52.04
G0 X150.502324 Y157.984214 Z52.02
G0 X150 Y158 Z52
G0 X149.497676 Y157.984214 Z51.98
G0 X148.997334 Y157.936918 Z51.96
G0 X148.500949 Y157.858298 Z51.94
G0 X148.010481 Y157.748665 Z51.92
G0 X147.527864 Y157.608452 Z51.9
G0 X147.055004 Y157.438212 Z51.88
G0 X146.593766 Y157.238616 Z51.86
G0 X146.145971 Y157.010453 Z51.84
G0 X145.713386 Y156.754623 Z51.82
G0 X145.297718 Y156.472136 Z51.8
G0 X144.900608 Y156.164106 Z51.78
G0 X144.523623 Y155.831749 Z51.76
G0 X144.168251 Y155.476377 Z51.74
G0 X143.835894 Y155.099392 Z51.72
G0 X143.527864 Y154.702282 Z51.7
G0 X143.245377 Y154.286614 Z51.68
G0 X142.989547 Y153.854029 Z51.66
G0 X142.761384 Y153.406234 Z51.64
G0 X142.561788 Y152.944996 Z51.62
G0 X142.391548 Y152.472136 Z51.6
G0 X142.251335 Y151.989519 Z51.58
G0 X142.141702 Y151.499051 Z51.56
G0 X142.063082 Y151.002666 Z51.54
G0 X142.015786 Y150.502324 Z51.52
G0 X142 Y150 Z51.5
G0 X142.015786 Y149.497676 Z51.48
G0 X142.063082 Y148.997334 Z51.46
G0 X142.141702 Y148.500949 Z51.44
G0 X142.251335 Y148.010481 Z51.42
G0 X142.391548 Y147.527864 Z51.4
G0 X142.561788 Y147.055004 Z51.38
G0 X142.761384 Y146.593766 Z51.36
G0 X142.989547 Y146.145971 Z51.34
G0 X143.245377 Y145.713386 Z51.32
G0 X143.527864 Y145.297718 Z51.3
G0 X143.835894 Y144.900608 Z51.28
G0 X144.168251 Y144.523623 Z51.26
G0 X144.523623 Y144.168251 Z51.24
G0 X144.900608 Y143.835894 Z51.22
G0 X145.297718 Y143.527864 Z51.2
G0 X145.713386 Y143.245377 Z51.18
G0 X146.145971 Y142.989547 Z51.16
G0 X146.593766 Y142.761384 Z51.14
G0 X147.055004 Y142.561788 Z51.12
G0 X147.527864 Y142.391548 Z51.1
G0 X148.010481 Y142.251335 Z51.08
G0 X148.500949 Y142.141702 Z51.06
G0 X148.997334 Y142.063082 Z51.04
G0 X149.497676 Y142.015786 Z51.02
G0 X150 Y142 Z51
G0 X150.502324 Y142.015786 Z50.98
G0 X151.002666 Y142.063082 Z50.96
G0 X151.499051 Y142.141702 Z50.94
G0 X151.989519 Y142.251335 Z50.92
G0 X152.472136 Y142.391548 Z50.9
G0 X152.944996 Y142.561788 Z50.88
G0 X153.406234 Y142.761384 Z50.86
G0 X153.854029 Y142.989547 Z50.84
G0 X154.286614 Y143.245377 Z50.82
G0 X154.702282 Y143.527864 Z50.8
G0 X155.099392 Y143.835894 Z50.78
G0 X155.476377 Y144.168251 Z50.76
G0 X155.831749 Y144.523623 Z50.74
G0 X156.164106 Y144.900608 Z50.72
G0 X156.472136 Y145.297718 Z50.7
G0 X156.754623 Y145.713386 Z50.68
G0 X157.010453 Y146.145971 Z50.66
G0 X157.238616 Y146.593766 Z50.64
G0 X157.438212 Y147.055004 Z50.62
G0 X157.608452 Y147.527864 Z50.6
G0 X157.748665 Y148.010481 Z50.58
G0 X157.858298 Y148.500949 Z50.56
G0 X157.936918 Y148.997334 Z50.54
G0 X157.984214 Y149.497676 Z50.52
G0 X158 Y150 Z50.5
G0 X157.984214 Y150.502324 Z50.48
G0 X157.936918 Y151.002666 Z50.46
G0 X157.858298 Y151.499051 Z50.44
G0 X157.748665 Y151.989519 Z50.42
G0 X157.608452 Y152.472136 Z50.4
G0 X157.438212 Y152.944996 Z50.38
G0 X157.238616 Y153.406234 Z50.36
G0 X157.010453 Y153.854029 Z50.34
G0 X156.754623 Y154.286614 Z50.32
G0 X156.472136 Y154.702282 Z50.3
G0 X156.164106 Y155.099392 Z50.28
G0 X155.831749 Y155.476377 Z50.26
G0 X155.476377 Y155.831749 Z50.24
G0 X155.099392 Y156.164106 Z50.22
G0 X154.702282 Y156.472136 Z50.2
G0 X154.286614 Y156.754623 Z50.18
G0 X153.854029 Y157.010453 Z50.16
G0 X153.406234 Y157.238616 Z50.14
G0 X152.944996 Y157.438212 Z50.12
G0 X152.472136 Y157.608452 Z50.1
G0 X151.989519 Y157.748665 Z50.08
G0 X151.499051 Y157.858298 Z50.06
G0 X151.002666 Y157.936918 Z50.04
G0 X150.502324 Y157.984214 Z50.02
G0 X150 Y158 Z50
G0 X149.497676 Y157.984214 Z49.98
G0 X148.997334 Y157.936918 Z49.96
G0 X148.500949 Y157.858298 Z49.94
G0 X148.010481 Y157.748665 Z49.92
G0 X147.527864 Y157.608452 Z49.9
G0 X147.055004 Y157.438212 Z49.88
G0 X146.593766 Y157.238616 Z49.86
G0 X146.145971 Y157.010453 Z49.84
G0 X145.713386 Y156.754623 Z49.82
G0 X145.297718 Y156.472136 Z49.8
G0 X144.900608 Y156.164106 Z49.78
G0 X144.523623 Y155.831749 Z49.76
G0 X144.168251 Y155.476377 Z49.74
G0 X143.835894 Y155.099392 Z49.72
G0 X143.527864 Y154.702282 Z49.7
G0 X143.245377 Y154.286614 Z49.68
G0 X142.989547 Y153.854029 Z49.66
G0 X142.761384 Y153.406234 Z49.64
G0 X142.561788 Y152.944996 Z49.62
G0 X142.391548 Y152.472136 Z49.6
G0 X142.251335 Y151.989519 Z49.58
G0 X142.141702 Y151.499051 Z49.56
G0 X142.063082 Y151.002666 Z49.54
G0 X142.015786 Y150.502324 Z49.52
G0 X142 Y150 Z49.5
G0 X142.015786 Y149.497676 Z49.48
G0 X142.063082 Y148.997334 Z49.46
G0 X142.141702 Y148.500949 Z49.44
G0 X142.251335 Y148.010481 Z49.42
G0 X142.391548 Y147.527864 Z49.4
G0 X142.561788 Y147.055004 Z49.38
G0 X142.761384 Y146.593766 Z49.36
G0 X142.989547 Y146.145971 Z49.34
G0 X143.245377 Y145.713386 Z49.32
G0 X143.527864 Y145.297718 Z49.3
G0 X143.835894 Y144.900608 Z49.28
G0 X144.168251 Y144.523623 Z49.26
G0 X144.523623 Y144.168251 Z49.24
G0 X144.900608 Y143.835894 Z49.22
G0 X145.297718 Y143.527864 Z49.2
G0 X145.713386 Y143.245377 Z49.18
G0 X146.145971 Y142.989547 Z49.16
G0 X146.593766 Y142.761384 Z49.14
G0 X147.055004 Y142.561788 Z49.12
G0 X147.527864 Y142.391548 Z49.1
G0 X148.010481 Y142.251335 Z49.08
G0 X148.500949 Y142.141702 Z49.06
G0 X148.997334 Y142.063082 Z49.04
G0 X149.497676 Y142.015786 Z49.02
G0 X150 Y142 Z49
G0 X150.502324 Y142.015786 Z48.98
G0 X151.002666 Y142.063082 Z48.96
G0 X151.499051 Y142.141702 Z48.94
G0 X151.989519 Y142.251335 Z48.92
G0 X152.472136 Y142.391548 Z48.9
G0 X152.944996 Y142.561788 Z48.88
G0 X153.406234 Y142.761384 Z48.86
G0 X153.854029 Y142.989547 Z48.84
G0 X154.286614 Y143.245377 Z48.82
G0 X154.702282 Y143.527864 Z48.8
G0 X155.099392 Y143.835894 Z48.78
G0 X155.476377 Y144.168251 Z48.76
G0 X155.831749 Y144.523623 Z48.74
G0 X156.164106 Y144.900608 Z48.72
G0 X156.472136 Y145.297718 Z48.7
G0 X156.754623 Y145.713386 Z48.68
G0 X157.010453 Y146.145971 Z48.66
G0 X157.238616 Y146.593766 Z48.64
G0 X157.438212 Y147.055004 Z48.62
G0 X157.608452 Y147.527864 Z48.6
G0 X157.748665 Y148.010481 Z48.58
G0 X157.858298 Y148.500949 Z48.56
G0 X157.936918 Y148.997334 Z48.54
G0 X157.984214 Y149.497676 Z48.52
G0 X158 Y150 Z48.5
G0 X157.984214 Y150.502324 Z48.48
G0 X157.936918 Y151.002666 Z48.46
G0 X157.858298 Y151.499051 Z48.44
G0 X157.748665 Y151.989519 Z48.42
G0 X157.608452 Y152.472136 Z48.4
G0 X157.438212 Y152.944996 Z48.38
G0 X157.238616 Y153.406234 Z48.36
G0 X157.010453 Y153.854029 Z48.34
G0 X156.754623 Y154.286614 Z48.32
G0 X156.472136 Y154.702282 Z48.3
G0 X156.164106 Y155.099392 Z48.28
G0 X155.831749 Y155.476377 Z48.26
G0 X155.476377 Y155.831749 Z48.24
G0 X155.099392 Y156.164106 Z48.22
G0 X154.702282 Y156.472136 Z48.2
G0 X154.286614 Y156.754623 Z48.18
G0 X153.854029 Y157.010453 Z48.16
G0 X153.406234 Y157.238616 Z48.14
G0 X152.944996 Y157.438212 Z48.12
G0 X152.472136 Y157.608452 Z48.1
G0 X151.989519 Y157.748665 Z48.08
G0 X151.499051 Y157.858298 Z48.06
G0 X151.002666 Y157.936918 Z48.04
G0 X150.502324 Y157.984214 Z48.02
G0 X150 Y158 Z48
G0 X149.497676 Y157.984214 Z47.98
G0 X148.997334 Y157.936918 Z47.96
G0 X148.500949 Y157.858298 Z47.94
G0 X148.010481 Y157.748665 Z47.92
G0 X147.527864 Y157.608452 Z47.9
G0 X147.055004 Y157.438212 Z47.88
G0 X146.593766 Y157.238616 Z47.86
G0 X146.145971 Y157.010453 Z47.84
G0 X145.713386 Y156.754623 Z47.82
G0 X145.297718 Y156.472136 Z47.8
G0 X144.900608 Y156.164106 Z47.78
G0 X144.523623 Y155.831749 Z47.76
G0 X144.168251 Y155.476377 Z47.74
G0 X143.835894 Y155.099392 Z47.72
G0 X143.527864 Y154.702282 Z47.7
G0 X143.245377 Y154.286614 Z47.68
G0 X142.989547 Y153.854029 Z47.66
G0 X142.761384 Y153.406234 Z47.64
G0 X142.561788 Y152.944996 Z47.62
G0 X142.391548 Y152.472136 Z47.6
G0 X142.251335 Y151.989519 Z47.58
G0 X142.141702 Y151.499051 Z47.56
G0 X142.063082 Y151.002666 Z47.54
G0 X142.015786 Y150.502324 Z47.52
G0 X142 Y150 Z47.5
G0 X142.015786 Y149.497676 Z47.48
G0 X142.063082 Y148.997334 Z47.46
G0 X142.141702 Y148.500949 Z47.44
G0 X142.251335 Y148.010481 Z47.42
G0 X142.391548 Y147.527864 Z47.4
G0 X142.561788 Y147.055004 Z47.38
G0 X142.761384 Y146.593766 Z47.36
G0 X142.989547 Y146.145971 Z47.34
G0 X143.245377 Y145.713386 Z47.32
G0 X143.527864 Y145.297718 Z47.3
G0 X143.835894 Y144.900608 Z47.28
G0 X144.168251 Y144.523623 Z47.26
G0 X144.523623 Y144.168251 Z47.24
G0 X144.900608 Y143.835894 Z47.22
G0 X145.297718 Y143.527864 Z47.2
G0 X145.713386 Y143.245377 Z47.18
G0 X146.145971 Y142.989547 Z47.16
G0 X146.593766 Y142.761384 Z47.14
G0 X147.055004 Y142.561788 Z47.12
G0 X147.527864 Y142.391548 Z47.1
G0 X148.010481 Y142.251335 Z47.08
G0 X148.500949 Y142.141702 Z47.06
G0 X148.997334 Y142.063082 Z47.04
G0 X149.497676 Y142.015786 Z47.02
G0 X150 Y142 Z47
G0 X150.502324 Y142.015786 Z46.98
G0 X151.002666 Y142.063082 Z46.96
G0 X151.499051 Y142.141702 Z46.94
G0 X151.989519 Y142.251335 Z46.92
G0 X152.472136 Y142.391548 Z46.9
G0 X152.944996 Y142.561788 Z46.88
G0 X153.406234 Y142.761384 Z46.86
G0 X153.854029 Y142.989547 Z46.84
G0 X154.286614 Y143.245377 Z46.82
G0 X154.702282 Y143.527864 Z46.8
G0 X155.099392 Y143.835894 Z46.78
G0 X155.476377 Y144.168251 Z46.76
G0 X155.831749 Y144.523623 Z46.74
G0 X156.164106 Y144.900608 Z46.72
G0 X156.472136 Y145.297718 Z46.7
G0 X156.754623 Y145.713386 Z46.68
G0 X157.010453 Y146.145971 Z46.66
G0 X157.238616 Y146.593766 Z46.64
G0 X157.438212 Y147.055004 Z46.62
G0 X157.608452 Y147.527864 Z46.6
G0 X157.748665 Y148.010481 Z46.58
G0 X157.858298 Y148.500949 Z46.56
G0 X157.936918 Y148.997334 Z46.54
G0 X157.984214 Y149.497676 Z46.52
G0 X158 Y150 Z46.5
G0 X157.984214 Y150.502324 Z46.48
G0 X157.936918 Y151.002666 Z46.46
G0 X157.858298 Y151.499051 Z46.44
G0 X157.748665 Y151.989519 Z46.42
G0 X157.608452 Y152.472136 Z46.4
G0 X157.438212 Y152.944996 Z46.38
G0 X157.238616 Y153.406234 Z46.36
G0 X157.010453 Y153.854029 Z46.34
G0 X156.754623 Y154.286614 Z46.32
G0 X156.472136 Y154.702282 Z46.3
G0 X156.164106 Y155.099392 Z46.28
G0 X155.831749 Y155.476377 Z46.26
G0 X155.476377 Y155.831749 Z46.24
G0 X155.099392 Y156.164106 Z46.22
G0 X154.702282 Y156.472136 Z46.2
G0 X154.286614 Y156.754623 Z46.18
G0 X153.854029 Y157.010453 Z46.16
G0 X153.406234 Y157.238616 Z46.14
G0 X152.944996 Y157.438212 Z46.12
G0 X152.472136 Y157.608452 Z46.1
G0 X151.989519 Y157.748665 Z46.08
G0 X151.499051 Y157.858298 Z46.06
G0 X151.002666 Y157.936918 Z46.04
G0 X150.502324 Y157.984214 Z46.02
G0 X150 Y158 Z46
G0 X149.497676 Y157.984214 Z45.98
G0 X148.997334 Y157.936918 Z45.96
G0 X148.500949 Y157.858298 Z45.94
G0 X148.010481 Y157.748665 Z45.92
G0 X147.527864 Y157.608452 Z45.9
G0 X147.055004 Y157.438212 Z45.88
G0 X146.593766 Y157.238616 Z45.86
G0 X146.145971 Y157.010453 Z45.84
G0 X145.713386 Y156.754623 Z45.82
G0 X145.297718 Y156.472136 Z45.8
G0 X144.900608 Y156.164106 Z45.78
G0 X144.523623 Y155.831749 Z45.76
G0 X144.168251 Y155.476377 Z45.74
G0 X143.835894 Y155.099392 Z45.72
G0 X143.527864 Y154.702282 Z45.7
G0 X143.245377 Y154.286614 Z45.68
G0 X142.989547 Y153.854029 Z45.66
G0 X142.761384 Y153.406234 Z45.64
G0 X142.561788 Y152.944996 Z45.62
G0 X142.391548 Y152.472136 Z45.6
G0 X142.251335 Y151.989519 Z45.58
G0 X142.141702 Y151.499051 Z45.56
G0 X142.063082 Y151.002666 Z45.54
G0 X142.015786 Y150.502324 Z45.52
G0 X142 Y150 Z45.5
G0 X142.015786 Y149.497676 Z45.48
G0 X142.063082 Y148.997334 Z45.46
G0 X142.141702 Y148.500949 Z45.44
G0 X142.251335 Y148.010481 Z45.42
G0 X142.391548 Y147.527864 Z45.4
G0 X142.561788 Y147.055004 Z45.38
G0 X142.761384 Y146.593766 Z45.36
G0 X142.989547 Y146.145971 Z45.34
G0 X143.245377 Y145.713386 Z45.32
G0 X143.527864 Y145.297718 Z45.3
G0 X143.835894 Y144.900608 Z45.28
G0 X144.168251 Y144.523623 Z45.26
G0 X144.523623 Y144.168251 Z45.24
G0 X144.900608 Y143.835894 Z45.22
G0 X145.297718 Y143.527864 Z45.2
G0 X145.713386 Y143.245377 Z45.18
G0 X146.145971 Y142.989547 Z45.16
G0 X146.593766 Y142.761384 Z45.14
G0 X147.055004 Y142.561788 Z45.12
G0 X147.527864 Y142.391548 Z45.1
G0 X148.010481 Y142.251335 Z45.08
G0 X148.500949 Y142.141702 Z45.06
G0 X148.997334 Y142.063082 Z45.04
G0 X149.497676 Y142.015786 Z45.02
G0 X150 Y142 Z45
G0 X150.502324 Y142.015786 Z44.98
G0 X151.002666 Y142.063082 Z44.96
G0 X151.499051 Y142.141702 Z44.94
G0 X151.989519 Y142.251335 Z44.92
G0 X152.472136 Y142.391548 Z44.9
G0 X152.944996 Y142.561788 Z44.88
G0 X153.406234 Y142.761384 Z44.86
G0 X153.854029 Y142.989547 Z44.84
G0 X154.286614 Y143.245377 Z44.82
G0 X154.702282 Y143.527864 Z44.8
G0 X155.099392 Y143.835894 Z44.78
G0 X155.476377 Y144.168251 Z44.76
G0 X155.831749 Y144.523623 Z44.74
G0 X156.164106 Y144.900608 Z44.72
G0 X156.472136 Y145.297718 Z44.7
G0 X156.754623 Y145.713386 Z44.68
G0 X157.010453 Y146.145971 Z44.66
G0 X157.238616 Y146.593766 Z44.64
G0 X157.438212 Y147.055004 Z44.62
G0 X157.608452 Y147.527864 Z44.6
G0 X157.748665 Y148.010481 Z44.58
G0 X157.858298 Y148.500949 Z44.56
G0 X157.936918 Y148.997334 Z44.54
G0 X157.984214 Y149.497676 Z44.52
G0 X158 Y150 Z44.5
G0 X157.984214 Y150.502324 Z44.48
G0 X157.936918 Y151.002666 Z44.46
G0 X157.858298 Y151.499051 Z44.44
G0 X157.748665 Y151.989519 Z44.42
G0 X157.608452 Y152.472136 Z44.4
G0 X157.438212 Y152.944996 Z44.38
G0 X157.238616 Y153.406234 Z44.36
G0 X157.010453 Y153.854029 Z44.34
G0 X156.754623 Y154.286614 Z44.32
G0 X156.472136 Y154.702282 Z44.3
G0 X156.164106 Y155.099392 Z44.28
G0 X155.831749 Y155.476377 Z44.26
G0 X155.476377 Y155.831749 Z44.24
G0 X155.099392 Y156.164106 Z44.22
G0 X154.702282 Y156.472136 Z44.2
G0 X154.286614 Y156.754623 Z44.18
G0 X153.854029 Y157.010453 Z44.16
G0 X153.406234 Y157.238616 Z44.14
G0 X152.944996 Y157.438212 Z44.12
G0 X152.472136 Y157.608452 Z44.1
G0 X151.989519 Y157.748665 Z44.08
G0 X151.499051 Y157.858298 Z44.06
G0 X151.002666 Y157.936918 Z44.04
G0 X150.502324 Y157.984214 Z44.02
G0 X150 Y158 Z44
G0 X149.497676 Y157.984214 Z43.98
G0 X148.997334 Y157.936918 Z43.96
G0 X148.500949 Y157.858298 Z43.94
G0 X148.010481 Y157.748665 Z43.92
G0 X147.527864 Y157.608452 Z43.9
G0 X147.055004 Y157.438212 Z43.88
G0 X146.593766 Y157.238616 Z43.86
G0 X146.145971 Y157.010453 Z43.84
G0 X145.713386 Y156.754623 Z43.82
G0 X145.297718 Y156.472136 Z43.8
G0 X144.900608 Y156.164106 Z43.78
G0 X144.523623 Y155.831749 Z43.76
G0 X144.168251 Y155.476377 Z43.74
G0 X143.835894 Y155.099392 Z43.72
G0 X143.527864 Y154.702282 Z43.7
G0 X143.245377 Y154.286614 Z43.68
G0 X142.989547 Y153.854029 Z43.66
G0 X142.761384 Y153.406234 Z43.64
G0 X142.561788 Y152.944996 Z43.62
G0 X142.391548 Y152.472136 Z43.6
G0 X142.251335 Y151.989519 Z43.58
G0 X142.141702 Y151.499051 Z43.56
G0 X142.063082 Y151.002666 Z43.54
G0 X142.015786 Y150.502324 Z43.52
G0 X142 Y150 Z43.5
G0 X142.015786 Y149.497676 Z43.48
G0 X142.063082 Y148.997334 Z43.46
G0 X142.141702 Y148.500949 Z43.44
G0 X142.251335 Y148.010481 Z43.42
G0 X142.391548 Y147.527864 Z43.4
G0 X142.561788 Y147.055004 Z43.38
G0 X142.761384 Y146.593766 Z43.36
G0 X142.989547 Y146.145971 Z43.34
G0 X143.245377 Y145.713386 Z43.32
G0 X143.527864 Y145.297718 Z43.3
G0 X143.835894 Y144.900608 Z43.28
G0 X144.168251 Y144.523623 Z43.26
G0 X144.523623 Y144.168251 Z43.24
G0 X144.900608 Y143.835894 Z43.22
G0 X145.297718 Y143.527864 Z43.2
G0 X145.713386 Y143.245377 Z43.18
G0 X146.145971 Y142.989547 Z43.16
G0 X146.593766 Y142.761384 Z43.14
G0 X147.055004 Y142.561788 Z43.12
G0 X147.527864 Y142.391548 Z43.1
G0 X148.010481 Y142.251335 Z43.08
G0 X148.500949 Y142.141702 Z43.06
G0 X148.997334 Y142.063082 Z43.04
G0 X149.497676 Y142.015786 Z43.02
G0 X150 Y142 Z43
G0 X150.502324 Y142.015786 Z42.98
G0 X151.002666 Y142.063082 Z42.96
G0 X151.499051 Y142.141702 Z42.94
G0 X151.989519 Y142.251335 Z42.92
G0 X152.472136 Y142.391548 Z42.9
G0 X152.944996 Y142.561788 Z42.88
G0 X153.406234 Y142.761384 Z42.86
G0 X153.854029 Y142.989547 Z42.84
G0 X154.286614 Y143.245377 Z42.82
G0 X154.702282 Y143.527864 Z42.8
G0 X155.099392 Y143.835894 Z42.78
G0 X155.476377 Y144.168251 Z42.76
G0 X155.831749 Y144.523623 Z42.74
G0 X156.164106 Y144.900608 Z42.72
G0 X156.472136 Y145.297718 Z42.7
G0 X156.754623 Y145.713386 Z42.68
G0 X157.010453 Y146.145971 Z42.66
G0 X157.238616 Y146.593766 Z42.64
G0 X157.438212 Y147.055004 Z42.62
G0 X157.608452 Y147.527864 Z42.6
G0 X157.748665 Y148.010481 Z42.58
G0 X157.858298 Y148.500949 Z42.56
G0 X157.936918 Y148.997334 Z42.54
G0 X157.984214 Y149.497676 Z42.52
G0 X158 Y150 Z42.5
G0 X157.984214 Y150.502324 Z42.48
G0 X157.936918 Y151.002666 Z42.46
G0 X157.858298 Y151.499051 Z42.44
G0 X157.748665 Y151.989519 Z42.42
G0 X157.608452 Y152.472136 Z42.4
G0 X157.438212 Y152.944996 Z42.38
G0 X157.238616 Y153.406234 Z42.36
G0 X157.010453 Y153.854029 Z42.34
G0 X156.754623 Y154.286614 Z42.32
G0 X156.472136 Y154.702282 Z42.3
G0 X156.164106 Y155.099392 Z42.28
G0 X155.831749 Y155.476377 Z42.26
G0 X155.476377 Y155.831749 Z42.24
G0 X155.099392 Y156.164106 Z42.22
G0 X154.702282 Y156.472136 Z42.2
G0 X154.286614 Y156.754623 Z42.18
G0 X153.854029 Y157.010453 Z42.16
G0 X153.406234 Y157.238616 Z42.14
G0 X152.944996 Y157.438212 Z42.12
G0 X152.472136 Y157.608452 Z42.1
G0 X151.989519 Y157.748665 Z42.08
G0 X151.499051 Y157.858298 Z42.06
G0 X151.002666 Y157.936918 Z42.04
G0 X150.502324 Y157.984214 Z42.02
G0 X150 Y158 Z42
G0 X149.497676 Y157.984214 Z41.98
G0 X148.997334 Y157.936918 Z41.96
G0 X148.500949 Y157.858298 Z41.94
G0 X148.010481 Y157.748665 Z41.92
G0 X147.527864 Y157.608452 Z41.9
G0 X147.055004 Y157.438212 Z41.88
G0 X146.593766 Y157.238616 Z41.86
G0 X146.145971 Y157.010453 Z41.84
G0 X145.713386 Y156.754623 Z41.82
G0 X145.297718 Y156.472136 Z41.8
G0 X144.900608 Y156.164106 Z41.78
G0 X144.523623 Y155.831749 Z41.76
G0 X144.168251 Y155.476377 Z41.74
G0 X143.835894 Y155.099392 Z41.72
G0 X143.527864 Y154.702282 Z41.7
G0 X143.245377 Y154.286614 Z41.68
G0 X142.989547 Y153.854029 Z41.66
G0 X142.761384 Y153.406234 Z41.64
G0 X142.561788 Y152.944996 Z41.62
G0 X142.391548 Y152.472136 Z41.6
G0 X142.251335 Y151.989519 Z41.58
G0 X142.141702 Y151.499051 Z41.56
G0 X142.063082 Y151.002666 Z41.54
G0 X142.015786 Y150.502324 Z41.52
G0 X142 Y150 Z41.5
G0 X142.015786 Y149.497676 Z41.48
G0 X142.063082 Y148.997334 Z41.46
G0 X142.141702 Y148.500949 Z41.44
G0 X142.251335 Y148.010481 Z41.42
G0 X142.391548 Y147.527864 Z41.4
G0 X142.561788 Y147.055004 Z41.38
G0 X142.761384 Y146.593766 Z41.36
G0 X142.989547 Y146.145971 Z41.34
G0 X143.245377 Y145.713386 Z41.32
G0 X143.527864 Y145.297718 Z41.3
G0 X143.835894 Y144.900608 Z41.28
G0 X144.168251 Y144.523623 Z41.26
G0 X144.523623 Y144.168251 Z41.24
G0 X144.900608 Y143.835894 Z41.22
G0 X145.297718 Y143.527864 Z41.2
G0 X145.713386 Y143.245377 Z41.18
G0 X146.145971 Y142.989547 Z41.16
G0 X146.593766 Y142.761384 Z41.14
G0 X147.055004 Y142.561788 Z41.12
G0 X147.527864 Y142.391548 Z41.1
G0 X148.010481 Y142.251335 Z41.08
G0 X148.500949 Y142.141702 Z41.06
G0 X148.997334 Y142.063082 Z41.04
G0 X149.497676 Y142.015786 Z41.02
G0 X150 Y142 Z41
G0 X150.502324 Y142.015786 Z40.98
G0 X151.002666 Y142.063082 Z40.96
G0 X151.499051 Y142.141702 Z40.94
G0 X151.989519 Y142.251335 Z40.92
G0 X152.472136 Y142.391548 Z40.9
G0 X152.944996 Y142.561788 Z40.88
G0 X153.406234 Y142.761384 Z40.86
G0 X153.854029 Y142.989547 Z40.84
G0 X154.286614 Y143.245377 Z40.82
G0 X154.702282 Y143.527864 Z40.8
G0 X155.099392 Y143.835894 Z40.78
G0 X155.476377 Y144.168251 Z40.76
G0 X155.831749 Y144.523623 Z40.74
G0 X156.164106 Y144.900608 Z40.72
G0 X156.472136 Y145.297718 Z40.7
G0 X156.754623 Y145.713386 Z40.68
G0 X157.010453 Y146.145971 Z40.66
G0 X157.238616 Y146.593766 Z40.64
G0 X157.438212 Y147.055004 Z40.62
G0 X157.608452 Y147.527864 Z40.6
G0 X157.748665 Y148.010481 Z40.58
G0 X157.858298 Y148.500949 Z40.56
G0 X157.936918 Y148.997334 Z40.54
G0 X157.984214 Y149.497676 Z40.52
G0 X158 Y150 Z40.5
G0 X157.984214 Y150.502324 Z40.48
G0 X157.936918 Y151.002666 Z40.46
G0 X157.858298 Y151.499051 Z40.44
G0 X157.748665 Y151.989519 Z40.42
G0 X157.608452 Y152.472136 Z40.4
G0 X157.438212 Y152.944996 Z40.38
G0 X157.238616 Y153.406234 Z40.36
G0 X157.010453 Y153.854029 Z40.34
G0 X156.754623 Y154.286614 Z40.32
G0 X156.472136 Y154.702282 Z40.3
G0 X156.164106 Y155.099392 Z40.28
G0 X155.831749 Y155.476377 Z40.26
G0 X155.476377 Y155.831749 Z40.24
G0 X155.099392 Y156.164106 Z40.22
G0 X154.702282 Y156.472136 Z40.2
G0 X154.286614 Y156.754623 Z40.18
G0 X153.854029 Y157.010453 Z40.16
G0 X153.406234 Y157.238616 Z40.14
G0 X152.944996 Y157.438212 Z40.12
G0 X152.472136 Y157.608452 Z40.1
G0 X151.989519 Y157.748665 Z40.08
G0 X151.499051 Y157.858298 Z40.06
G0 X151.002666 Y157.936918 Z40.04
G0 X150.502324 Y157.984214 Z40.02
G0 X150 Y158 Z40
G0 X149.497676 Y157.984214 Z39.98
G0 X148.997334 Y157.936918 Z39.96
G0 X148.500949 Y157.858298 Z39.94
G0 X148.010481 Y157.748665 Z39.92
G0 X147.527864 Y157.608452 Z39.9
G0 X147.055004 Y157.438212 Z39.88
G0 X146.593766 Y157.238616 Z39.86
G0 X146.145971 Y157.010453 Z39.84
G0 X145.713386 Y156.754623 Z39.82
G0 X145.297718 Y156.472136 Z39.8
G0 X144.900608 Y156.164106 Z39.78
G0 X144.523623 Y155.831749 Z39.76
G0 X144.168251 Y155.476377 Z39.74
G0 X143.835894 Y155.099392 Z39.72
G0 X143.527864 Y154.702282 Z39.7
G0 X143.245377 Y154.286614 Z39.68
G0 X142.989547 Y153.854029 Z39.66
G0 X142.761384 Y153.406234 Z39.64
G0 X142.561788 Y152.944996 Z39.62
G0 X142.391548 Y152.472136 Z39.6
G0 X142.251335 Y151.989519 Z39.58
G0 X142.141702 Y151.499051 Z39.56
G0 X142.063082 Y151.002666 Z39.54
G0 X142.015786 Y150.502324 Z39.52
G0 X142 Y150 Z39.5
G0 X142.015786 Y149.497676 Z39.48
G0 X142.063082 Y148.997334 Z39.46
G0 X142.141702 Y148.500949 Z39.44
G0 X142.251335 Y148.010481 Z39.42
G0 X142.391548 Y147.527864 Z39.4
G0 X142.561788 Y147.055004 Z39.38
G0 X142.761384 Y146.593766 Z39.36
G0 X142.989547 Y146.145971 Z39.34
G0 X143.245377 Y145.713386 Z39.32
G0 X143.527864 Y145.297718 Z39.3
G0 X143.835894 Y144.900608 Z39.28
G0 X144.168251 Y144.523623 Z39.26
G0 X144.523623 Y144.168251 Z39.24
G0 X144.900608 Y143.835894 Z39.22
G0 X145.297718 Y143.527864 Z39.2
G0 X145.713386 Y143.245377 Z39.18
G0 X146.145971 Y142.989547 Z39.16
G0 X146.593766 Y142.761384 Z39.14
G0 X147.055004 Y142.561788 Z39.12
G0 X147.527864 Y142.391548 Z39.1
G0 X148.010481 Y142.251335 Z39.08
G0 X148.500949 Y142.141702 Z39.06
G0 X148.997334 Y142.063082 Z39.04
G0 X149.497676 Y142.015786 Z39.02
G0 X150 Y142 Z39
G0 X150.502324 Y142.015786 Z38.98
G0 X151.002666 Y142.063082 Z38.96
G0 X151.499051 Y142.141702 Z38.94
G0 X151.989519 Y142.251335 Z38.92
G0 X152.472136 Y142.391548 Z38.9
G0 X152.944996 Y142.561788 Z38.88
G0 X153.406234 Y142.761384 Z38.86
G0 X153.854029 Y142.989547 Z38.84
G0 X154.286614 Y143.245377 Z38.82
G0 X154.702282 Y143.527864 Z38.8
G0 X155.099392 Y143.835894 Z38.78
G0 X155.476377 Y144.168251 Z38.76
G0 X155.831749 Y144.523623 Z38.74
G0 X156.164106 Y144.900608 Z38.72
G0 X156.472136 Y145.297718 Z38.7
G0 X156.754623 Y145.713386 Z38.68
G0 X157.010453 Y146.145971 Z38.66
G0 X157.238616 Y146.593766 Z38.64
G0 X157.438212 Y147.055004 Z38.62
G0 X157.608452 Y147.527864 Z38.6
G0 X157.748665 Y148.010481 Z38.58
G0 X157.858298 Y148.500949 Z38.56
G0 X157.936918 Y148.997334 Z38.54
G0 X157.984214 Y149.497676 Z38.52
G0 X158 Y150 Z38.5
G0 X157.984214 Y150.502324 Z38.48
G0 X157.936918 Y151.002666 Z38.46
G0 X157.858298 Y151.499051 Z38.44
G0 X157.748665 Y151.989519 Z38.42
G0 X157.608452 Y152.472136 Z38.4
G0 X157.438212 Y152.944996 Z38.38
G0 X157.238616 Y153.406234 Z38.36
G0 X157.010453 Y153.854029 Z38.34
G0 X156.754623 Y154.286614 Z38.32
G0 X156.472136 Y154.702282 Z38.3
G0 X156.164106 Y155.099392 Z38.28
G0 X155.831749 Y155.476377 Z38.26
G0 X155.476377 Y155.831749 Z38.24
G0 X155.099392 Y156.164106 Z38.22
G0 X154.702282 Y156.472136 Z38.2
G0 X154.286614 Y156.754623 Z38.18
G0 X153.854029 Y157.010453 Z38.16
G0 X153.406234 Y157.238616 Z38.14
G0 X152.944996 Y157.438212 Z38.12
G0 X152.472136 Y157.608452 Z38.1
G0 X151.989519 Y157.748665 Z38.08
G0 X151.499051 Y157.858298 Z38.06
G0 X151.002666 Y157.936918 Z38.04
G0 X150.502324 Y157.984214 Z38.02
G0 X150 Y158 Z38
G0 X149.497676 Y157.984214 Z37.98
G0 X148.997334 Y157.936918 Z37.96
G0 X148.500949 Y157.858298 Z37.94
G0 X148.010481 Y157.748665 Z37.92
G0 X147.527864 Y157.608452 Z37.9
G0 X147.055004 Y157.438212 Z37.88
G0 X146.593766 Y157.238616 Z37.86
G0 X146.145971 Y157.010453 Z37.84
G0 X145.713386 Y156.754623 Z37.82
G0 X145.297718 Y156.472136 Z37.8
G0 X144.900608 Y156.164106 Z37.78
G0 X144.523623 Y155.831749 Z37.76
G0 X144.168251 Y155.476377 Z37.74
G0 X143.835894 Y155.099392 Z37.72
G0 X143.527864 Y154.702282 Z37.7
G0 X143.245377 Y154.286614 Z37.68
G0 X142.989547 Y153.854029 Z37.66
G0 X142.761384 Y153.406234 Z37.64
G0 X142.561788 Y152.944996 Z37.62
G0 X142.391548 Y152.472136 Z37.6
G0 X142.251335 Y151.989519 Z37.58
G0 X142.141702 Y151.499051 Z37.56
G0 X142.063082 Y151.002666 Z37.54
G0 X142.015786 Y150.502324 Z37.52
G0 X142 Y150 Z37.5
G0 X142.015786 Y149.497676 Z37.48
G0 X142.063082 Y148.997334 Z37.46
G0 X142.141702 Y148.500949 Z37.44
G0 X142.251335 Y148.010481 Z37.42
G0 X142.391548 Y147.527864 Z37.4
G0 X142.561788 Y147.055004 Z37.38
G0 X142.761384 Y146.593766 Z37.36
G0 X142.989547 Y146.145971 Z37.34
G0 X143.245377 Y145.713386 Z37.32
G0 X143.527864 Y145.297718 Z37.3
G0 X143.835894 Y144.900608 Z37.28
G0 X144.168251 Y144.523623 Z37.26
G0 X144.523623 Y144.168251 Z37.24
G0 X144.900608 Y143.835894 Z37.22
G0 X145.297718 Y143.527864 Z37.2
G0 X145.713386 Y143.245377 Z37.18
G0 X146.145971 Y142.989547 Z37.16
G0 X146.593766 Y142.761384 Z37.14
G0 X147.055004 Y142.561788 Z37.12
G0 X147.527864 Y142.391548 Z37.1
G0 X148.010481 Y142.251335 Z37.08
G0 X148.500949 Y142.141702 Z37.06
G0 X148.997334 Y142.063082 Z37.04
G0 X149.497676 Y142.015786 Z37.02
G0 X150 Y142 Z37
G0 X150.502324 Y142.015786 Z36.98
G0 X151.002666 Y142.063082 Z36.96
G0 X151.499051 Y142.141702 Z36.94
G0 X151.989519 Y142.251335 Z36.92
G0 X152.472136 Y142.391548 Z36.9
G0 X152.944996 Y142.561788 Z36.88
G0 X153.406234 Y142.761384 Z36.86
G0 X153.854029 Y142.989547 Z36.84
G0 X154.286614 Y143.245377 Z36.82
G0 X154.702282 Y143.527864 Z36.8
G0 X155.099392 Y143.835894 Z36.78
G0 X155.476377 Y144.168251 Z36.76
G0 X155.831749 Y144.523623 Z36.74
G0 X156.164106 Y144.900608 Z36.72
G0 X156.472136 Y145.297718 Z36.7
G0 X156.754623 Y145.713386 Z36.68
G0 X157.010453 Y146.145971 Z36.66
G0 X157.238616 Y146.593766 Z36.64
G0 X157.438212 Y147.055004 Z36.62
G0 X157.608452 Y147.527864 Z36.6
G0 X157.748665 Y148.010481 Z36.58
G0 X157.858298 Y148.500949 Z36.56
G0 X157.936918 Y148.997334 Z36.54
G0 X157.984214 Y149.497676 Z36.52
G0 X158 Y150 Z36.5
G0 X157.984214 Y150.502324 Z36.48
G0 X157.936918 Y151.002666 Z36.46
G0 X157.858298 Y151.499051 Z36.44
G0 X157.748665 Y151.989519 Z36.42
G0 X157.608452 Y152.472136 Z36.4
G0 X157.438212 Y152.944996 Z36.38
G0 X157.238616 Y153.406234 Z36.36
G0 X157.010453 Y153.854029 Z36.34
G0 X156.754623 Y154.286614 Z36.32
G0 X156.472136 Y154.702282 Z36.3
G0 X156.164106 Y155.099392 Z36.28
G0 X155.831749 Y155.476377 Z36.26
G0 X155.476377 Y155.831749 Z36.24
G0 X155.099392 Y156.164106 Z36.22
G0 X154.702282 Y156.472136 Z36.2
G0 X154.286614 Y156.754623 Z36.18
G0 X153.854029 Y157.010453 Z36.16
G0 X153.406234 Y157.238616 Z36.14
G0 X152.944996 Y157.438212 Z36.12
G0 X152.472136 Y157.608452 Z36.1
G0 X151.989519 Y157.748665 Z36.08
G0 X151.499051 Y157.858298 Z36.06
G0 X151.002666 Y157.936918 Z36.04
G0 X150.502324 Y157.984214 Z36.02
G0 X150 Y158 Z36
G0 X149.497676 Y157.984214 Z35.98
G0 X148.997334 Y157.936918 Z35.96
G0 X148.500949 Y157.858298 Z35.94
G0 X148.010481 Y157.748665 Z35.92
G0 X147.527864 Y157.608452 Z35.9
G0 X147.055004 Y157.438212 Z35.88
G0 X146.593766 Y157.238616 Z35.86
G0 X146.145971 Y157.010453 Z35.84
G0 X145.713386 Y156.754623 Z35.82
G0 X145.297718 Y156.472136 Z35.8
G0 X144.900608 Y156.164106 Z35.78
G0 X144.523623 Y155.831749 Z35.76
G0 X144.168251 Y155.476377 Z35.74
G0 X143.835894 Y155.099392 Z35.72
G0 X143.527864 Y154.702282 Z35.7
G0 X143.245377 Y154.286614 Z35.68
G0 X142.989547 Y153.854029 Z35.66
G0 X142.761384 Y153.406234 Z35.64
G0 X142.561788 Y152.944996 Z35.62
G0 X142.391548 Y152.472136 Z35.6
G0 X142.251335 Y151.989519 Z35.58
G0 X142.141702 Y151.499051 Z35.56
G0 X142.063082 Y151.002666 Z35.54
G0 X142.015786 Y150.502324 Z35.52
G0 X142 Y150 Z35.5
G0 X142.015786 Y149.497676 Z35.48
G0 X142.063082 Y148.997334 Z35.46
G0 X142.141702 Y148.500949 Z35.44
G0 X142.251335 Y148.010481 Z35.42
G0 X142.391548 Y147.527864 Z35.4
G0 X142.561788 Y147.055004 Z35.38
G0 X142.761384 Y146.593766 Z35.36
G0 X142.989547 Y146.145971 Z35.34
G0 X143.245377 Y145.713386 Z35.32
G0 X143.527864 Y145.297718 Z35.3
G0 X143.835894 Y144.900608 Z35.28
G0 X144.168251 Y144.523623 Z35.26
G0 X144.523623 Y144.168251 Z35.24
G0 X144.900608 Y143.835894 Z35.22
G0 X145.297718 Y143.527864 Z35.2
G0 X145.713386 Y143.245377 Z35.18
G0 X146.145971 Y142.989547 Z35.16
G0 X146.593766 Y142.761384 Z35.14
G0 X147.055004 Y142.561788 Z35.12
G0 X147.527864 Y142.391548 Z35.1
G0 X148.010481 Y142.251335 Z35.08
G0 X148.500949 Y142.141702 Z35.06
G0 X148.997334 Y142.063082 Z35.04
G0 X149.497676 Y142.015786 Z35.02
G0 X150 Y142 Z35
G0 X150.502324 Y142.015786 Z34.98
G0 X151.002666 Y142.063082 Z34.96
G0 X151.499051 Y142.141702 Z34.94
G0 X151.989519 Y142.251335 Z34.92
G0 X152.472136 Y142.391548 Z34.9
G0 X152.944996 Y142.561788 Z34.88
G0 X153.406234 Y142.761384 Z34.86
G0 X153.854029 Y142.989547 Z34.84
G0 X154.286614 Y143.245377 Z34.82
G0 X154.702282 Y143.527864 Z34.8
G0 X155.099392 Y143.835894 Z34.78
G0 X155.476377 Y144.168251 Z34.76
G0 X155.831749 Y144.523623 Z34.74
G0 X156.164106 Y144.900608 Z34.72
G0 X156.472136 Y145.297718 Z34.7
G0 X156.754623 Y145.713386 Z34.68
G0 X157.010453 Y146.145971 Z34.66
G0 X157.238616 Y146.593766 Z34.64
G0 X157.438212 Y147.055004 Z34.62
G0 X157.608452 Y147.527864 Z34.6
G0 X157.748665 Y148.010481 Z34.58
G0 X157.858298 Y148.500949 Z34.56
G0 X157.936918 Y148.997334 Z34.54
G0 X157.984214 Y149.497676 Z34.52
G0 X158 Y150 Z34.5
G0 X157.984214 Y150.502324 Z34.48
G0 X157.936918 Y151.002666 Z34.46
G0 X157.858298 Y151.499051 Z34.44
G0 X157.748665 Y151.989519 Z34.42
G0 X157.608452 Y152.472136 Z34.4
G0 X157.438212 Y152.944996 Z34.38
G0 X157.238616 Y153.406234 Z34.36
G0 X157.010453 Y153.854029 Z34.34
G0 X156.754623 Y154.286614 Z34.32
G0 X156.472136 Y154.702282 Z34.3
G0 X156.164106 Y155.099392 Z34.28
G0 X155.831749 Y155.476377 Z34.26
G0 X155.476377 Y155.831749 Z34.24
G0 X155.099392 Y156.164106 Z34.22
G0 X154.702282 Y156.472136 Z34.2
G0 X154.286614 Y156.754623 Z34.18
G0 X153.854029 Y157.010453 Z34.16
G0 X153.406234 Y157.238616 Z34.14
G0 X152.944996 Y157.438212 Z34.12
G0 X152.472136 Y157.608452 Z34.1
G0 X151.989519 Y157.748665 Z34.08
G0 X151.499051 Y157.858298 Z34.06
G0 X151.002666 Y157.936918 Z34.04
G0 X150.502324 Y157.984214 Z34.02
G0 X150 Y158 Z34
G0 X149.497676 Y157.984214 Z33.98
G0 X148.997334 Y157.936918 Z33.96
G0 X148.500949 Y157.858298 Z33.94
G0 X148.010481 Y157.748665 Z33.92
G0 X147.527864 Y157.608452 Z33.9
G0 X147.055004 Y157.438212 Z33.88
G0 X146.593766 Y157.238616 Z33.86
G0 X146.145971 Y157.010453 Z33.84
G0 X145.713386 Y156.754623 Z33.82
G0 X145.297718 Y156.472136 Z33.8
G0 X144.900608 Y156.164106 Z33.78
G0 X144.523623 Y155.831749 Z33.76
G0 X144.168251 Y155.476377 Z33.74
G0 X143.835894 Y155.099392 Z33.72
G0 X143.527864 Y154.702282 Z33.7
G0 X143.245377 Y154.286614 Z33.68
G0 X142.989547 Y153.854029 Z33.66
G0 X142.761384 Y153.406234 Z33.64
G0 X142.561788 Y152.944996 Z33.62
G0 X142.391548 Y152.472136 Z33.6
G0 X142.251335 Y151.989519 Z33.58
G0 X142.141702 Y151.499051 Z33.56
G0 X142.063082 Y151.002666 Z33.54
G0 X142.015786 Y150.502324 Z33.52
G0 X142 Y150 Z33.5
G0 X142.015786 Y149.497676 Z33.48
G0 X142.063082 Y148.997334 Z33.46
G0 X142.141702 Y148.500949 Z33.44
G0 X142.251335 Y148.010481 Z33.42
G0 X142.391548 Y147.527864 Z33.4
G0 X142.561788 Y147.055004 Z33.38
G0 X142.761384 Y146.593766 Z33.36
G0 X142.989547 Y146.145971 Z33.34
G0 X143.245377 Y145.713386 Z33.32
G0 X143.527864 Y145.297718 Z33.3
G0 X143.835894 Y144.900608 Z33.28
G0 X144.168251 Y144.523623 Z33.26
G0 X144.523623 Y144.168251 Z33.24
G0 X144.900608 Y143.835894 Z33.22
G0 X145.297718 Y143.527864 Z33.2
G0 X145.713386 Y143.245377 Z33.18
G0 X146.145971 Y142.989547 Z33.16
G0 X146.593766 Y142.761384 Z33.14
G0 X147.055004 Y142.561788 Z33.12
G0 X147.527864 Y142.391548 Z33.1
G0 X148.010481 Y142.251335 Z33.08
G0 X148.500949 Y142.141702 Z33.06
G0 X148.997334 Y142.063082 Z33.04
G0 X149.497676 Y142.015786 Z33.02
G0 X150 Y142 Z33
G0 X150.502324 Y142.015786 Z32.98
G0 X151.002666 Y142.063082 Z32.96
G0 X151.499051 Y142.141702 Z32.94
G0 X151.989519 Y142.251335 Z32.92
G0 X152.472136 Y142.391548 Z32.9
G0 X152.944996 Y142.561788 Z32.88
G0 X153.406234 Y142.761384 Z32.86
G0 X153.854029 Y142.989547 Z32.84
G0 X154.286614 Y143.245377 Z32.82
G0 X154.702282 Y143.527864 Z32.8
G0 X155.099392 Y143.835894 Z32.78
G0 X155.476377 Y144.168251 Z32.76
G0 X155.831749 Y144.523623 Z32.74
G0 X156.164106 Y144.900608 Z32.72
G0 X156.472136 Y145.297718 Z32.7
G0 X156.754623 Y145.713386 Z32.68
G0 X157.010453 Y146.145971 Z32.66
G0 X157.238616 Y146.593766 Z32.64
G0 X157.438212 Y147.055004 Z32.62
G0 X157.608452 Y147.527864 Z32.6
G0 X157.748665 Y148.010481 Z32.58
G0 X157.858298 Y148.500949 Z32.56
G0 X157.936918 Y148.997334 Z32.54
G0 X157.984214 Y149.497676 Z32.52
G0 X158 Y150 Z32.5
G0 X157.984214 Y150.502324 Z32.48
G0 X157.936918 Y151.002666 Z32.46
G0 X157.858298 Y151.499051 Z32.44
G0 X157.748665 Y151.989519 Z32.42
G0 X157.608452 Y152.472136 Z32.4
G0 X157.438212 Y152.944996 Z32.38
G0 X157.238616 Y153.406234 Z32.36
G0 X157.010453 Y153.854029 Z32.34
G0 X156.754623 Y154.286614 Z32.32
G0 X156.472136 Y154.702282 Z32.3
G0 X156.164106 Y155.099392 Z32.28
G0 X155.831749 Y155.476377 Z32.26
G0 X155.476377 Y155.831749 Z32.24
G0 X155.099392 Y156.164106 Z32.22
G0 X154.702282 Y156.472136 Z32.2
G0 X154.286614 Y156.754623 Z32.18
G0 X153.854029 Y157.010453 Z32.16
G0 X153.406234 Y157.238616 Z32.14
G0 X152.944996 Y157.438212 Z32.12
G0 X152.472136 Y157.608452 Z32.1
G0 X151.989519 Y157.748665 Z32.08
G0 X151.499051 Y157.858298 Z32.06
G0 X151.002666 Y157.936918 Z32.04
G0 X150.502324 Y157.984214 Z32.02
G0 X150 Y158 Z32
G0 X149.497676 Y157.984214 Z31.98
G0 X148.997334 Y157.936918 Z31.96
G0 X148.500949 Y157.858298 Z31.94
G0 X148.010481 Y157.748665 Z31.92
G0 X147.527864 Y157.608452 Z31.9
G0 X147.055004 Y157.438212 Z31.88
G0 X146.593766 Y157.238616 Z31.86
G0 X146.145971 Y157.010453 Z31.84
G0 X145.713386 Y156.754623 Z31.82
G0 X145.297718 Y156.472136 Z31.8
G0 X144.900608 Y156.164106 Z31.78
G0 X144.523623 Y155.831749 Z31.76
G0 X144.168251 Y155.476377 Z31.74
G0 X143.835894 Y155.099392 Z31.72
G0 X143.527864 Y154.702282 Z31.7
G0 X143.245377 Y154.286614 Z31.68
G0 X142.989547 Y153.854029 Z31.66
G0 X142.761384 Y153.406234 Z31.64
G0 X142.561788 Y152.944996 Z31.62
G0 X142.391548 Y152.472136 Z31.6
G0 X142.251335 Y151.989519 Z31.58
G0 X142.141702 Y151.499051 Z31.56
G0 X142.063082 Y151.002666 Z31.54
G0 X142.015786 Y150.502324 Z31.52
G0 X142 Y150 Z31.5
G0 X142.015786 Y149.497676 Z31.48
G0 X142.063082 Y148.997334 Z31.46
G0 X142.141702 Y148.500949 Z31.44
G0 X142.251335 Y148.010481 Z31.42
G0 X142.391548 Y147.527864 Z31.4
G0 X142.561788 Y147.055004 Z31.38
G0 X142.761384 Y146.593766 Z31.36
G0 X142.989547 Y146.145971 Z31.34
G0 X143.245377 Y145.713386 Z31.32
G0 X143.527864 Y145.297718 Z31.3
G0 X143.835894 Y144.900608 Z31.28
G0 X144.168251 Y144.523623 Z31.26
G0 X144.523623 Y144.168251 Z31.24
G0 X144.900608 Y143.835894 Z31.22
G0 X145.297718 Y143.527864 Z31.2
G0 X145.713386 Y143.245377 Z31.18
G0 X146.145971 Y142.989547 Z31.16
G0 X146.593766 Y142.761384 Z31.14
G0 X147.055004 Y142.561788 Z31.12
G0 X147.527864 Y142.391548 Z31.1
G0 X148.010481 Y142.251335 Z31.08
G0 X148.500949 Y142.141702 Z31.06
G0 X148.997334 Y142.063082 Z31.04
G0 X149.497676 Y142.015786 Z31.02
G0 X150 Y142 Z31
G0 X150.502324 Y142.015786 Z30.98
G0 X151.002666 Y142.063082 Z30.96
G0 X151.499051 Y142.141702 Z30.94
G0 X151.989519 Y142.251335 Z30.92
G0 X152.472136 Y142.391548 Z30.9
G0 X152.944996 Y142.561788 Z30.88
G0 X153.406234 Y142.761384 Z30.86
G0 X153.854029 Y142.989547 Z30.84
G0 X154.286614 Y143.245377 Z30.82
G0 X154.702282 Y143.527864 Z30.8
G0 X155.099392 Y143.835894 Z30.78
G0 X155.476377 Y144.168251 Z30.76
G0 X155.831749 Y144.523623 Z30.74
G0 X156.164106 Y144.900608 Z30.72
G0 X156.472136 Y145.297718 Z30.7
G0 X156.754623 Y145.713386 Z30.68
G0 X157.010453 Y146.145971 Z30.66
G0 X157.238616 Y146.593766 Z30.64
G0 X157.438212 Y147.055004 Z30.62
G0 X157.608452 Y147.527864 Z30.6
G0 X157.748665 Y148.010481 Z30.58
G0 X157.858298 Y148.500949 Z30.56
G0 X157.936918 Y148.997334 Z30.54
G0 X157.984214 Y149.497676 Z30.52
G0 X158 Y150 Z30.5
G0 X157.984214 Y150.502324 Z30.48
G0 X157.936918 Y151.002666 Z30.46
G0 X157.858298 Y151.499051 Z30.44
G0 X157.748665 Y151.989519 Z30.42
G0 X157.608452 Y152.472136 Z30.4
G0 X157.438212 Y152.944996 Z30.38
G0 X157.238616 Y153.406234 Z30.36
G0 X157.010453 Y153.854029 Z30.34
G0 X156.754623 Y154.286614 Z30.32
G0 X156.472136 Y154.702282 Z30.3
G0 X156.164106 Y155.099392 Z30.28
G0 X155.831749 Y155.476377 Z30.26
G0 X155.476377 Y155.831749 Z30.24
G0 X155.099392 Y156.164106 Z30.22
G0 X154.702282 Y156.472136 Z30.2
G0 X154.286614 Y156.754623 Z30.18
G0 X153.854029 Y157.010453 Z30.16
G0 X153.406234 Y157.238616 Z30.14
G0 X152.944996 Y157.438212 Z30.12
G0 X152.472136 Y157.608452 Z30.1
G0 X151.989519 Y157.748665 Z30.08
G0 X151.499051 Y157.858298 Z30.06
G0 X151.002666 Y157.936918 Z30.04
G0 X150.502324 Y157.984214 Z30.02
G0 X150 Y158 Z30
G0 X149.497676 Y157.984214 Z29.98
G0 X148.997334 Y157.936918 Z29.96
G0 X148.500949 Y157.858298 Z29.94
G0 X148.010481 Y157.748665 Z29.92
G0 X147.527864 Y157.608452 Z29.9
G0 X147.055004 Y157.438212 Z29.88
G0 X146.593766 Y157.238616 Z29.86
G0 X146.145971 Y157.010453 Z29.84
G0 X145.713386 Y156.754623 Z29.82
G0 X145.297718 Y156.472136 Z29.8
G0 X144.900608 Y156.164106 Z29.78
G0 X144.523623 Y155.831749 Z29.76
G0 X144.168251 Y155.476377 Z29.74
G0 X143.835894 Y155.099392 Z29.72
G0 X143.527864 Y154.702282 Z29.7
G0 X143.245377 Y154.286614 Z29.68
G0 X142.989547 Y153.854029 Z29.66
G0 X142.761384 Y153.406234 Z29.64
G0 X142.561788 Y152.944996 Z29.62
G0 X142.391548 Y152.472136 Z29.6
G0 X142.251335 Y151.989519 Z29.58
G0 X142.141702 Y151.499051 Z29.56
G0 X142.063082 Y151.002666 Z29.54
G0 X142.015786 Y150.502324 Z29.52
G0 X142 Y150 Z29.5
G0 X142.015786 Y149.497676 Z29.48
G0 X142.063082 Y148.997334 Z29.46
G0 X142.141702 Y148.500949 Z29.44
G0 X142.251335 Y148.010481 Z29.42
G0 X142.391548 Y147.527864 Z29.4
G0 X142.561788 Y147.055004 Z29.38
G0 X142.761384 Y146.593766 Z29.36
G0 X142.989547 Y146.145971 Z29.34
G0 X143.245377 Y145.713386 Z29.32
G0 X143.527864 Y145.297718 Z29.3
G0 X143.835894 Y144.900608 Z29.28
G0 X144.168251 Y144.523623 Z29.26
G0 X144.523623 Y144.168251 Z29.24
G0 X144.900608 Y143.835894 Z29.22
G0 X145.297718 Y143.527864 Z29.2
G0 X145.713386 Y143.245377 Z29.18
G0 X146.145971 Y142.989547 Z29.16
G0 X146.593766 Y142.761384 Z29.14
G0 X147.055004 Y142.561788 Z29.12
G0 X147.527864 Y142.391548 Z29.1
G0 X148.010481 Y142.251335 Z29.08
G0 X148.500949 Y142.141702 Z29.06
G0 X148.997334 Y142.063082 Z29.04
G0 X149.497676 Y142.015786 Z29.02
G0 X150 Y142 Z29
G0 X150.502324 Y142.015786 Z28.98
G0 X151.002666 Y142.063082 Z28.96
G0 X151.499051 Y142.141702 Z28.94
G0 X151.989519 Y142.251335 Z28.92
G0 X152.472136 Y142.391548 Z28.9
G0 X152.944996 Y142.561788 Z28.88
G0 X153.406234 Y142.761384 Z28.86
G0 X153.854029 Y142.989547 Z28.84
G0 X154.286614 Y143.245377 Z28.82
G0 X154.702282 Y143.527864 Z28.8
G0 X155.099392 Y143.835894 Z28.78
G0 X155.476377 Y144.168251 Z28.76
G0 X155.831749 Y144.523623 Z28.74
G0 X156.164106 Y144.900608 Z28.72
G0 X156.472136 Y145.297718 Z28.7
G0 X156.754623 Y145.713386 Z28.68
G0 X157.010453 Y146.145971 Z28.66
G0 X157.238616 Y146.593766 Z28.64
G0 X157.438212 Y147.055004 Z28.62
G0 X157.608452 Y147.527864 Z28.6
G0 X157.748665 Y148.010481 Z28.58
G0 X157.858298 Y148.500949 Z28.56
G0 X157.936918 Y148.997334 Z28.54
G0 X157.984214 Y149.497676 Z28.52
G0 X158 Y150 Z28.5
G0 X157.984214 Y150.502324 Z28.48
G0 X157.936918 Y151.002666 Z28.46
G0 X157.858298 Y151.499051 Z28.44
G0 X157.748665 Y151.989519 Z28.42
G0 X157.608452 Y152.472136 Z28.4
G0 X157.438212 Y152.944996 Z28.38
G0 X157.238616 Y153.406234 Z28.36
G0 X157.010453 Y153.854029 Z28.34
G0 X156.754623 Y154.286614 Z28.32
G0 X156.472136 Y154.702282 Z28.3
G0 X156.164106 Y155.099392 Z28.28
G0 X155.831749 Y155.476377 Z28.26
G0 X155.476377 Y155.831749 Z28.24
G0 X155.099392 Y156.164106 Z28.22
G0 X154.702282 Y156.472136 Z28.2
G0 X154.286614 Y156.754623 Z28.18
G0 X153.854029 Y157.010453 Z28.16
G0 X153.406234 Y157.238616 Z28.14
G0 X152.944996 Y157.438212 Z28.12
G0 X152.472136 Y157.608452 Z28.1
G0 X151.989519 Y157.748665 Z28.08
G0 X151.499051 Y157.858298 Z28.06
G0 X151.002666 Y157.936918 Z28.04
G0 X150.502324 Y157.984214 Z28.02
G0 X150 Y158 Z28
G0 X149.497676 Y157.984214 Z27.98
G0 X148.997334 Y157.936918 Z27.96
G0 X148.500949 Y157.858298 Z27.94
G0 X148.010481 Y157.748665 Z27.92
G0 X147.527864 Y157.608452 Z27.9
G0 X147.055004 Y157.438212 Z27.88
G0 X146.593766 Y157.238616 Z27.86
G0 X146.145971 Y157.010453 Z27.84
G0 X145.713386 Y156.754623 Z27.82
G0 X145.297718 Y156.472136 Z27.8
G0 X144.900608 Y156.164106 Z27.78
G0 X144.523623 Y155.831749 Z27.76
G0 X144.168251 Y155.476377 Z27.74
G0 X143.835894 Y155.099392 Z27.72
G0 X143.527864 Y154.702282 Z27.7
G0 X143.245377 Y154.286614 Z27.68
G0 X142.989547 Y153.854029 Z27.66
G0 X142.761384 Y153.406234 Z27.64
G0 X142.561788 Y152.944996 Z27.62
G0 X142.391548 Y152.472136 Z27.6
G0 X142.251335 Y151.989519 Z27.58
G0 X142.141702 Y151.499051 Z27.56
G0 X142.063082 Y151.002666 Z27.54
G0 X142.015786 Y150.502324 Z27.52
G0 X142 Y150 Z27.5
G0 X142.015786 Y149.497676 Z27.48
G0 X142.063082 Y148.997334 Z27.46
G0 X142.141702 Y148.500949 Z27.44
G0 X142.251335 Y148.010481 Z27.42
G0 X142.391548 Y147.527864 Z27.4
G0 X142.561788 Y147.055004 Z27.38
G0 X142.761384 Y146.593766 Z27.36
G0 X142.989547 Y146.145971 Z27.34
G0 X143.245377 Y145.713386 Z27.32
G0 X143.527864 Y145.297718 Z27.3
G0 X143.835894 Y144.900608 Z27.28
G0 X144.168251 Y144.523623 Z27.26
G0 X144.523623 Y144.168251 Z27.24
G0 X144.900608 Y143.835894 Z27.22
G0 X145.297718 Y143.527864 Z27.2
G0 X145.713386 Y143.245377 Z27.18
G0 X146.145971 Y142.989547 Z27.16
G0 X146.593766 Y142.761384 Z27.14
G0 X147.055004 Y142.561788 Z27.12
G0 X147.527864 Y142.391548 Z27.1
G0 X148.010481 Y142.251335 Z27.08
G0 X148.500949 Y142.141702 Z27.06
G0 X148.997334 Y142.063082 Z27.04
G0 X149.497676 Y142.015786 Z27.02
G0 X150 Y142 Z27
G0 X150.502324 Y142.015786 Z26.98
G0 X151.002666 Y142.063082 Z26.96
G0 X151.499051 Y142.141702 Z26.94
G0 X151.989519 Y142.251335 Z26.92
G0 X152.472136 Y142.391548 Z26.9
G0 X152.944996 Y142.561788 Z26.88
G0 X153.406234 Y142.761384 Z26.86
G0 X153.854029 Y142.989547 Z26.84
G0 X154.286614 Y143.245377 Z26.82
G0 X154.702282 Y143.527864 Z26.8
G0 X155.099392 Y143.835894 Z26.78
G0 X155.476377 Y144.168251 Z26.76
G0 X155.831749 Y144.523623 Z26.74
G0 X156.164106 Y144.900608 Z26.72
G0 X156.472136 Y145.297718 Z26.7
G0 X156.754623 Y145.713386 Z26.68
G0 X157.010453 Y146.145971 Z26.66
G0 X157.238616 Y146.593766 Z26.64
G0 X157.438212 Y147.055004 Z26.62
G0 X157.608452 Y147.527864 Z26.6
G0 X157.748665 Y148.010481 Z26.58
G0 X157.858298 Y148.500949 Z26.56
G0 X157.936918 Y148.997334 Z26.54
G0 X157.984214 Y149.497676 Z26.52
G0 X158 Y150 Z26.5
G0 X157.984214 Y150.502324 Z26.48
G0 X157.936918 Y151.002666 Z26.46
G0 X157.858298 Y151.499051 Z26.44
G0 X157.748665 Y151.989519 Z26.42
G0 X157.608452 Y152.472136 Z26.4
G0 X157.438212 Y152.944996 Z26.38
G0 X157.238616 Y153.406234 Z26.36
G0 X157.010453 Y153.854029 Z26.34
G0 X156.754623 Y154.286614 Z26.32
G0 X156.472136 Y154.702282 Z26.3
G0 X156.164106 Y155.099392 Z26.28
G0 X155.831749 Y155.476377 Z26.26
G0 X155.476377 Y155.831749 Z26.24
G0 X155.099392 Y156.164106 Z26.22
G0 X154.702282 Y156.472136 Z26.2
G0 X154.286614 Y156.754623 Z26.18
G0 X153.854029 Y157.010453 Z26.16
G0 X153.406234 Y157.238616 Z26.14
G0 X152.944996 Y157.438212 Z26.12
G0 X152.472136 Y157.608452 Z26.1
G0 X151.989519 Y157.748665 Z26.08
G0 X151.499051 Y157.858298 Z26.06
G0 X151.002666 Y157.936918 Z26.04
G0 X150.502324 Y157.984214 Z26.02
G0 X150 Y158 Z26
G0 X149.497676 Y157.984214 Z25.98
G0 X148.997334 Y157.936918 Z25.96
G0 X148.500949 Y157.858298 Z25.94
G0 X148.010481 Y157.748665 Z25.92
G0 X147.527864 Y157.608452 Z25.9
G0 X147.055004 Y157.438212 Z25.88
G0 X146.593766 Y157.238616 Z25.86
G0 X146.145971 Y157.010453 Z25.84
G0 X145.713386 Y156.754623 Z25.82
G0 X145.297718 Y156.472136 Z25.8
G0 X144.900608 Y156.164106 Z25.78
G0 X144.523623 Y155.831749 Z25.76
G0 X144.168251 Y155.476377 Z25.74
G0 X143.835894 Y155.099392 Z25.72
G0 X143.527864 Y154.702282 Z25.7
G0 X143.245377 Y154.286614 Z25.68
G0 X142.989547 Y153.854029 Z25.66
G0 X142.761384 Y153.406234 Z25.64
G0 X142.561788 Y152.944996 Z25.62
G0 X142.391548 Y152.472136 Z25.6
G0 X142.251335 Y151.989519 Z25.58
G0 X142.141702 Y151.499051 Z25.56
G0 X142.063082 Y151.002666 Z25.54
G0 X142.015786 Y150.502324 Z25.52
G0 X142 Y150 Z25.5
G0 X142.015786 Y149.497676 Z25.48
G0 X142.063082 Y148.997334 Z25.46
G0 X142.141702 Y148.500949 Z25.44
G0 X142.251335 Y148.010481 Z25.42
G0 X142.391548 Y147.527864 Z25.4
G0 X142.561788 Y147.055004 Z25.38
G0 X142.761384 Y146.593766 Z25.36
G0 X142.989547 Y146.145971 Z25.34
G0 X143.245377 Y145.713386 Z25.32
G0 X143.527864 Y145.297718 Z25.3
G0 X143.835894 Y144.900608 Z25.28
G0 X144.168251 Y144.523623 Z25.26
G0 X144.523623 Y144.168251 Z25.24
G0 X144.900608 Y143.835894 Z25.22
G0 X145.297718 Y143.527864 Z25.2
G0 X145.713386 Y143.245377 Z25.18
G0 X146.145971 Y142.989547 Z25.16
G0 X146.593766 Y142.761384 Z25.14
G0 X147.055004 Y142.561788 Z25.12
G0 X147.527864 Y142.391548 Z25.1
G0 X148.010481 Y142.251335 Z25.08
G0 X148.500949 Y142.141702 Z25.06
G0 X148.997334 Y142.063082 Z25.04
G0 X149.497676 Y142.015786 Z25.02
G0 X150 Y142 Z25
G0 X150.502324 Y142.015786 Z24.98
G0 X151.002666 Y142.063082 Z24.96
G0 X151.499051 Y142.141702 Z24.94
G0 X151.989519 Y142.251335 Z24.92
G0 X152.472136 Y142.391548 Z24.9
G0 X152.944996 Y142.561788 Z24.88
G0 X153.406234 Y142.761384 Z24.86
G0 X153.854029 Y142.989547 Z24.84
G0 X154.286614 Y143.245377 Z24.82
G0 X154.702282 Y143.527864 Z24.8
G0 X155.099392 Y143.835894 Z24.78
G0 X155.476377 Y144.168251 Z24.76
G0 X155.831749 Y144.523623 Z24.74
G0 X156.164106 Y144.900608 Z24.72
G0 X156.472136 Y145.297718 Z24.7
G0 X156.754623 Y145.713386 Z24.68
G0 X157.010453 Y146.145971 Z24.66
G0 X157.238616 Y146.593766 Z24.64
G0 X157.438212 Y147.055004 Z24.62
G0 X157.608452 Y147.527864 Z24.6
G0 X157.748665 Y148.010481 Z24.58
G0 X157.858298 Y148.500949 Z24.56
G0 X157.936918 Y148.997334 Z24.54
G0 X157.984214 Y149.497676 Z24.52
G0 X158 Y150 Z24.5
G0 X157.984214 Y150.502324 Z24.48
G0 X157.936918 Y151.002666 Z24.46
G0 X157.858298 Y151.499051 Z24.44
G0 X157.748665 Y151.989519 Z24.42
G0 X157.608452 Y152.472136 Z24.4
G0 X157.438212 Y152.944996 Z24.38
G0 X157.238616 Y153.406234 Z24.36
G0 X157.010453 Y153.854029 Z24.34
G0 X156.754623 Y154.286614 Z24.32
G0 X156.472136 Y154.702282 Z24.3
G0 X156.164106 Y155.099392 Z24.28
G0 X155.831749 Y155.476377 Z24.26
G0 X155.476377 Y155.831749 Z24.24
G0 X155.099392 Y156.164106 Z24.22
G0 X154.702282 Y156.472136 Z24.2
G0 X154.286614 Y156.754623 Z24.18
G0 X153.854029 Y157.010453 Z24.16
G0 X153.406234 Y157.238616 Z24.14
G0 X152.944996 Y157.438212 Z24.12
G0 X152.472136 Y157.608452 Z24.1
G0 X151.989519 Y157.748665 Z24.08
G0 X151.499051 Y157.858298 Z24.06
G0 X151.002666 Y157.936918 Z24.04
G0 X150.502324 Y157.984214 Z24.02
G0 X150 Y158 Z24
G0 X149.497676 Y157.984214 Z23.98
G0 X148.997334 Y157.936918 Z23.96
G0 X148.500949 Y157.858298 Z23.94
G0 X148.010481 Y157.748665 Z23.92
G0 X147.527864 Y157.608452 Z23.9
G0 X147.055004 Y157.438212 Z23.88
G0 X146.593766 Y157.238616 Z23.86
G0 X146.145971 Y157.010453 Z23.84
G0 X145.713386 Y156.754623 Z23.82
G0 X145.297718 Y156.472136 Z23.8
G0 X144.900608 Y156.164106 Z23.78
G0 X144.523623 Y155.831749 Z23.76
G0 X144.168251 Y155.476377 Z23.74
G0 X143.835894 Y155.099392 Z23.72
G0 X143.527864 Y154.702282 Z23.7
G0 X143.245377 Y154.286614 Z23.68
G0 X142.989547 Y153.854029 Z23.66
G0 X142.761384 Y153.406234 Z23.64
G0 X142.561788 Y152.944996 Z23.62
G0 X142.391548 Y152.472136 Z23.6
G0 X142.251335 Y151.989519 Z23.58
G0 X142.141702 Y151.499051 Z23.56
G0 X142.063082 Y151.002666 Z23.54
G0 X142.015786 Y150.502324 Z23.52
G0 X142 Y150 Z23.5
G0 X142.015786 Y149.497676 Z23.48
G0 X142.063082 Y148.997334 Z23.46
G0 X142.141702 Y148.500949 Z23.44
G0 X142.251335 Y148.010481 Z23.42
G0 X142.391548 Y147.527864 Z23.4
G0 X142.561788 Y147.055004 Z23.38
G0 X142.761384 Y146.593766 Z23.36
G0 X142.989547 Y146.145971 Z23.34
G0 X143.245377 Y145.713386 Z23.32
G0 X143.527864 Y145.297718 Z23.3
G0 X143.835894 Y144.900608 Z23.28
G0 X144.168251 Y144.523623 Z23.26
G0 X144.523623 Y144.168251 Z23.24
G0 X144.900608 Y143.835894 Z23.22
G0 X145.297718 Y143.527864 Z23.2
G0 X145.713386 Y143.245377 Z23.18
G0 X146.145971 Y142.989547 Z23.16
G0 X146.593766 Y142.761384 Z23.14
G0 X147.055004 Y142.561788 Z23.12
G0 X147.527864 Y142.391548 Z23.1
G0 X148.010481 Y142.251335 Z23.08
G0 X148.500949 Y142.141702 Z23.06
G0 X148.997334 Y142.063082 Z23.04
G0 X149.497676 Y142.015786 Z23.02
G0 X150 Y142 Z23
G0 X150.502324 Y142.015786 Z22.98
G0 X151.002666 Y142.063082 Z22.96
G0 X151.499051 Y142.141702 Z22.94
G0 X151.989519 Y142.251335 Z22.92
G0 X152.472136 Y142.391548 Z22.9
G0 X152.944996 Y142.561788 Z22.88
G0 X153.406234 Y142.761384 Z22.86
G0 X153.854029 Y142.989547 Z22.84
G0 X154.286614 Y143.245377 Z22.82
G0 X154.702282 Y143.527864 Z22.8
G0 X155.099392 Y143.835894 Z22.78
G0 X155.476377 Y144.168251 Z22.76
G0 X155.831749 Y144.523623 Z22.74
G0 X156.164106 Y144.900608 Z22.72
G0 X156.472136 Y145.297718 Z22.7
G0 X156.754623 Y145.713386 Z22.68
G0 X157.010453 Y146.145971 Z22.66
G0 X157.238616 Y146.593766 Z22.64
G0 X157.438212 Y147.055004 Z22.62
G0 X157.608452 Y147.527864 Z22.6
G0 X157.748665 Y148.010481 Z22.58
G0 X157.858298 Y148.500949 Z22.56
G0 X157.936918 Y148.997334 Z22.54
G0 X157.984214 Y149.497676 Z22.52
G0 X158 Y150 Z22.5
G0 X157.984214 Y150.502324 Z22.48
G0 X157.936918 Y151.002666 Z22.46
G0 X157.858298 Y151.499051 Z22.44
G0 X157.748665 Y151.989519 Z22.42
G0 X157.608452 Y152.472136 Z22.4
G0 X157.438212 Y152.944996 Z22.38
G0 X157.238616 Y153.406234 Z22.36
G0 X157.010453 Y153.854029 Z22.34
G0 X156.754623 Y154.286614 Z22.32
G0 X156.472136 Y154.702282 Z22.3
G0 X156.164106 Y155.099392 Z22.28
G0 X155.831749 Y155.476377 Z22.26
G0 X155.476377 Y155.831749 Z22.24
G0 X155.099392 Y156.164106 Z22.22
G0 X154.702282 Y156.472136 Z22.2
G0 X154.286614 Y156.754623 Z22.18
G0 X153.854029 Y157.010453 Z22.16
G0 X153.406234 Y157.238616 Z22.14
G0 X152.944996 Y157.438212 Z22.12
G0 X152.472136 Y157.608452 Z22.1
G0 X151.989519 Y157.748665 Z22.08
G0 X151.499051 Y157.858298 Z22.06
G0 X151.002666 Y157.936918 Z22.04
G0 X150.502324 Y157.984214 Z22.02
G0 X150 Y158 Z22
G0 X149.497676 Y157.984214 Z21.98
G0 X148.997334 Y157.936918 Z21.96
G0 X148.500949 Y157.858298 Z21.94
G0 X148.010481 Y157.748665 Z21.92
G0 X147.527864 Y157.608452 Z21.9
G0 X147.055004 Y157.438212 Z21.88
G0 X146.593766 Y157.238616 Z21.86
G0 X146.145971 Y157.010453 Z21.84
G0 X145.713386 Y156.754623 Z21.82
G0 X145.297718 Y156.472136 Z21.8
G0 X144.900608 Y156.164106 Z21.78
G0 X144.523623 Y155.831749 Z21.76
G0 X144.168251 Y155.476377 Z21.74
G0 X143.835894 Y155.099392 Z21.72
G0 X143.527864 Y154.702282 Z21.7
G0 X143.245377 Y154.286614 Z21.68
G0 X142.989547 Y153.854029 Z21.66
G0 X142.761384 Y153.406234 Z21.64
G0 X142.561788 Y152.944996 Z21.62
G0 X142.391548 Y152.472136 Z21.6
G0 X142.251335 Y151.989519 Z21.58
G0 X142.141702 Y151.499051 Z21.56
G0 X142.063082 Y151.002666 Z21.54
G0 X142.015786 Y150.502324 Z21.52
G0 X142 Y150 Z21.5
G0 X142.015786 Y149.497676 Z21.48
G0 X142.063082 Y148.997334 Z21.46
G0 X142.141702 Y148.500949 Z21.44
G0 X142.251335 Y148.010481 Z21.42
G0 X142.391548 Y147.527864 Z21.4
G0 X142.561788 Y147.055004 Z21.38
G0 X142.761384 Y146.593766 Z21.36
G0 X142.989547 Y146.145971 Z21.34
G0 X143.245377 Y145.713386 Z21.32
G0 X143.527864 Y145.297718 Z21.3
G0 X143.835894 Y144.900608 Z21.28
G0 X144.168251 Y144.523623 Z21.26
G0 X144.523623 Y144.168251 Z21.24
G0 X144.900608 Y143.835894 Z21.22
G0 X145.297718 Y143.527864 Z21.2
G0 X145.713386 Y143.245377 Z21.18
G0 X146.145971 Y142.989547 Z21.16
G0 X146.593766 Y142.761384 Z21.14
G0 X147.055004 Y142.561788 Z21.12
G0 X147.527864 Y142.391548 Z21.1
G0 X148.010481 Y142.251335 Z21.08
G0 X148.500949 Y142.141702 Z21.06
G0 X148.997334 Y142.063082 Z21.04
G0 X149.497676 Y142.015786 Z21.02
G0 X150 Y142 Z21
G0 X150.502324 Y142.015786 Z20.98
G0 X151.002666 Y142.063082 Z20.96
G0 X151.499051 Y142.141702 Z20.94
G0 X151.989519 Y142.251335 Z20.92
G0 X152.472136 Y142.391548 Z20.9
G0 X152.944996 Y142.561788 Z20.88
G0 X153.406234 Y142.761384 Z20.86
G0 X153.854029 Y142.989547 Z20.84
G0 X154.286614 Y143.245377 Z20.82
G0 X154.702282 Y143.527864 Z20.8
G0 X155.099392 Y143.835894 Z20.78
G0 X155.476377 Y144.168251 Z20.76
G0 X155.831749 Y144.523623 Z20.74
G0 X156.164106 Y144.900608 Z20.72
G0 X156.472136 Y145.297718 Z20.7
G0 X156.754623 Y145.713386 Z20.68
G0 X157.010453 Y146.145971 Z20.66
G0 X157.238616 Y146.593766 Z20.64
G0 X157.438212 Y147.055004 Z20.62
G0 X157.608452 Y147.527864 Z20.6
G0 X157.748665 Y148.010481 Z20.58
G0 X157.858298 Y148.500949 Z20.56
G0 X157.936918 Y148.997334 Z20.54
G0 X157.984214 Y149.497676 Z20.52
G0 X158 Y150 Z20.5
G0 X157.984214 Y150.502324 Z20.48
G0 X157.936918 Y151.002666 Z20.46
G0 X157.858298 Y151.499051 Z20.44
G0 X157.748665 Y151.989519 Z20.42
G0 X157.608452 Y152.472136 Z20.4
G0 X157.438212 Y152.944996 Z20.38
G0 X157.238616 Y153.406234 Z20.36
G0 X157.010453 Y153.854029 Z20.34
G0 X156.754623 Y154.286614 Z20.32
G0 X156.472136 Y154.702282 Z20.3
G0 X156.164106 Y155.099392 Z20.28
G0 X155.831749 Y155.476377 Z20.26
G0 X155.476377 Y155.831749 Z20.24
G0 X155.099392 Y156.164106 Z20.22
G0 X154.702282 Y156.472136 Z20.2
G0 X154.286614 Y156.754623 Z20.18
G0 X153.854029 Y157.010453 Z20.16
G0 X153.406234 Y157.238616 Z20.14
G0 X152.944996 Y157.438212 Z20.12
G0 X152.472136 Y157.608452 Z20.1
G0 X151.989519 Y157.748665 Z20.08
G0 X151.499051 Y157.858298 Z20.06
G0 X151.002666 Y157.936918 Z20.04
G0 X150.502324 Y157.984214 Z20.02
G0 X150 Y158 Z20
G0 Y163 Z20
G0 X149.183723 Y162.974347 Z20.02
G0 X148.370668 Y162.897491 Z20.04
G0 X147.564043 Y162.769734 Z20.06
G0 X146.767031 Y162.591581 Z20.08
G0 X145.982779 Y162.363735 Z20.1
G0 X145.214381 Y162.087094 Z20.12
G0 X144.464869 Y161.762752 Z20.14
G0 X143.737202 Y161.391987 Z20.16
G0 X143.034252 Y160.976263 Z20.18
G0 X142.358792 Y160.517221 Z20.2
G0 X141.713488 Y160.016672 Z20.22
G0 X141.100888 Y159.476592 Z20.24
G0 X140.523408 Y158.899112 Z20.26
G0 X139.983328 Y158.286512 Z20.28
G0 X139.482779 Y157.641208 Z20.3
G0 X139.023737 Y156.965748 Z20.32
G0 X138.608013 Y156.262798 Z20.34
G0 X138.237248 Y155.535131 Z20.36
G0 X137.912906 Y154.785619 Z20.38
G0 X137.636265 Y154.017221 Z20.4
G0 X137.408419 Y153.232969 Z20.42
G0 X137.230266 Y152.435957 Z20.44
G0 X137.102509 Y151.629332 Z20.46
G0 X137.025653 Y150.816277 Z20.48
G0 X137 Y150 Z20.5
G0 X137.025653 Y149.183723 Z20.52
G0 X137.102509 Y148.370668 Z20.54
G0 X137.230266 Y147.564043 Z20.56
G0 X137.408419 Y146.767031 Z20.58
G0 X137.636265 Y145.982779 Z20.6
G0 X137.912906 Y145.214381 Z20.62
G0 X138.237248 Y144.464869 Z20.64
G0 X138.608013 Y143.737202 Z20.66
G0 X139.023737 Y143.034252 Z20.68
G0 X139.482779 Y142.358792 Z20.7
G0 X139.983328 Y141.713488 Z20.72
G0 X140.523408 Y141.100888 Z20.74
G0 X141.100888 Y140.523408 Z20.76
G0 X141.713488 Y139.983328 Z20.78
G0 X142.358792 Y139.482779 Z20.8
G0 X143.034252 Y139.023737 Z20.82
G0 X143.737202 Y138.608013 Z20.84
G0 X144.464869 Y138.237248 Z20.86
G0 X145.214381 Y137.912906 Z20.88
G0 X145.982779 Y137.636265 Z20.9
G0 X146.767031 Y137.408419 Z20.92
G0 X147.564043 Y137.230266 Z20.94
G0 X148.370668 Y137.102509 Z20.96
G0 X149.183723 Y137.025653 Z20.98
G0 X150 Y137 Z21
G0 X150.816277 Y137.025653 Z21.02
G0 X151.629332 Y137.102509 Z21.04
G0 X152.435957 Y137.230266 Z21.06
G0 X153.232969 Y137.408419 Z21.08
G0 X154.017221 Y137.636265 Z21.1
G0 X154.785619 Y137.912906 Z21.12
G0 X155.535131 Y138.237248 Z21.14
G0 X156.262798 Y138.608013 Z21.16
G0 X156.965748 Y139.023737 Z21.18
G0 X157.641208 Y139.482779 Z21.2
G0 X158.286512 Y139.983328 Z21.22
G0 X158.899112 Y140.523408 Z21.24
G0 X159.476592 Y141.100888 Z21.26
G0 X160.016672 Y141.713488 Z21.28
G0 X160.517221 Y142.358792 Z21.3
G0 X160.976263 Y143.034252 Z21.32
G0 X161.391987 Y143.737202 Z21.34
G0 X161.762752 Y144.464869 Z21.36
G0 X162.087094 Y145.214381 Z21.38
G0 X162.363735 Y145.982779 Z21.4
G0 X162.591581 Y146.767031 Z21.42
G0 X162.769734 Y147.564043 Z21.44
G0 X162.897491 Y148.370668 Z21.46
G0 X162.974347 Y149.183723 Z21.48
G0 X163 Y150 Z21.5
G0 X162.974347 Y150.816277 Z21.52
G0 X162.897491 Y151.629332 Z21.54
G0 X162.769734 Y152.435957 Z21.56
G0 X162.591581 Y153.232969 Z21.58
G0 X162.363735 Y154.017221 Z21.6
G0 X162.087094 Y154.785619 Z21.62
G0 X161.762752 Y155.535131 Z21.64
G0 X161.391987 Y156.262798 Z21.66
G0 X160.976263 Y156.965748 Z21.68
G0 X160.517221 Y157.641208 Z21.7
G0 X160.016672 Y158.286512 Z21.72
G0 X159.476592 Y158.899112 Z21.74
G0 X158.899112 Y159.476592 Z21.76
G0 X158.286512 Y160.016672 Z21.78
G0 X157.641208 Y160.517221 Z21.8
G0 X156.965748 Y160.976263 Z21.82
G0 X156.262798 Y161.391987 Z21.84
G0 X155.535131 Y161.762752 Z21.86
G0 X154.785619 Y162.087094 Z21.88
G0 X154.017221 Y162.363735 Z21.9
G0 X153.232969 Y162.591581 Z21.92
G0 X152.435957 Y162.769734 Z21.94
G0 X151.629332 Y162.897491 Z21.96
G0 X150.816277 Y162.974347 Z21.98
G0 X150 Y163 Z22
G0 X149.183723 Y162.974347 Z22.02
G0 X148.370668 Y162.897491 Z22.04
G0 X147.564043 Y162.769734 Z22.06
G0 X146.767031 Y162.591581 Z22.08
G0 X145.982779 Y162.363735 Z22.1
G0 X145.214381 Y162.087094 Z22.12
G0 X144.464869 Y161.762752 Z22.14
G0 X143.737202 Y161.391987 Z22.16
G0 X143.034252 Y160.976263 Z22.18
G0 X142.358792 Y160.517221 Z22.2
G0 X141.713488 Y160.016672 Z22.22
G0 X141.100888 Y159.476592 Z22.24
G0 X140.523408 Y158.899112 Z22.26
G0 X139.983328 Y158.286512 Z22.28
G0 X139.482779 Y157.641208 Z22.3
G0 X139.023737 Y156.965748 Z22.32
G0 X138.608013 Y156.262798 Z22.34
G0 X138.237248 Y155.535131 Z22.36
G0 X137.912906 Y154.785619 Z22.38
G0 X137.636265 Y154.017221 Z22.4
G0 X137.408419 Y153.232969 Z22.42
G0 X137.230266 Y152.435957 Z22.44
G0 X137.102509 Y151.629332 Z22.46
G0 X137.025653 Y150.816277 Z22.48
G0 X137 Y150 Z22.5
G0 X137.025653 Y149.183723 Z22.52
G0 X137.102509 Y148.370668 Z22.54
G0 X137.230266 Y147.564043 Z22.56
G0 X137.408419 Y146.767031 Z22.58
G0 X137.636265 Y145.982779 Z22.6
G0 X137.912906 Y145.214381 Z22.62
G0 X138.237248 Y144.464869 Z22.64
G0 X138.608013 Y143.737202 Z22.66
G0 X139.023737 Y143.034252 Z22.68
G0 X139.482779 Y142.358792 Z22.7
G0 X139.983328 Y141.713488 Z22.72
G0 X140.523408 Y141.100888 Z22.74
G0 X141.100888 Y140.523408 Z22.76
G0 X141.713488 Y139.983328 Z22.78
G0 X142.358792 Y139.482779 Z22.8
G0 X143.034252 Y139.023737 Z22.82
G0 X143.737202 Y138.608013 Z22.84
G0 X144.464869 Y138.237248 Z22.86
G0 X145.214381 Y137.912906 Z22.88
G0 X145.982779 Y137.636265 Z22.9
G0 X146.767031 Y137.408419 Z22.92
G0 X147.564043 Y137.230266 Z22.94
G0 X148.370668 Y137.102509 Z22.96
G0 X149.183723 Y137.025653 Z22.98
G0 X150 Y137 Z23
G0 X150.816277 Y137.025653 Z23.02
G0 X151.629332 Y137.102509 Z23.04
G0 X152.435957 Y137.230266 Z23.06
G0 X153.232969 Y137.408419 Z23.08
G0 X154.017221 Y137.636265 Z23.1
G0 X154.785619 Y137.912906 Z23.12
G0 X155.535131 Y138.237248 Z23.14
G0 X156.262798 Y138.608013 Z23.16
G0 X156.965748 Y139.023737 Z23.18
G0 X157.641208 Y139.482779 Z23.2
G0 X158.286512 Y139.983328 Z23.22
G0 X158.899112 Y140.523408 Z23.24
G0 X159.476592 Y141.100888 Z23.26
G0 X160.016672 Y141.713488 Z23.28
G0 X160.517221 Y142.358792 Z23.3
G0 X160.976263 Y143.034252 Z23.32
G0 X161.391987 Y143.737202 Z23.34
G0 X161.762752 Y144.464869 Z23.36
G0 X162.087094 Y145.214381 Z23.38
G0 X162.363735 Y145.982779 Z23.4
G0 X162.591581 Y146.767031 Z23.42
G0 X162.769734 Y147.564043 Z23.44
G0 X162.897491 Y148.370668 Z23.46
G0 X162.974347 Y149.183723 Z23.48
G0 X163 Y150 Z23.5
G0 X162.974347 Y150.816277 Z23.52
G0 X162.897491 Y151.629332 Z23.54
G0 X162.769734 Y152.435957 Z23.56
G0 X162.591581 Y153.232969 Z23.58
G0 X162.363735 Y154.017221 Z23.6
G0 X162.087094 Y154.785619 Z23.62
G0 X161.762752 Y155.535131 Z23.64
G0 X161.391987 Y156.262798 Z23.66
G0 X160.976263 Y156.965748 Z23.68
G0 X160.517221 Y157.641208 Z23.7
G0 X160.016672 Y158.286512 Z23.72
G0 X159.476592 Y158.899112 Z23.74
G0 X158.899112 Y159.476592 Z23.76
G0 X158.286512 Y160.016672 Z23.78
G0 X157.641208 Y160.517221 Z23.8
G0 X156.965748 Y160.976263 Z23.82
G0 X156.262798 Y161.391987 Z23.84
G0 X155.535131 Y161.762752 Z23.86
G0 X154.785619 Y162.087094 Z23.88
G0 X154.017221 Y162.363735 Z23.9
G0 X153.232969 Y162.591581 Z23.92
G0 X152.435957 Y162.769734 Z23.94
G0 X151.629332 Y162.897491 Z23.96
G0 X150.816277 Y162.974347 Z23.98
G0 X150 Y163 Z24
G0 X149.183723 Y162.974347 Z24.02
G0 X148.370668 Y162.897491 Z24.04
G0 X147.564043 Y162.769734 Z24.06
G0 X146.767031 Y162.591581 Z24.08
G0 X145.982779 Y162.363735 Z24.1
G0 X145.214381 Y162.087094 Z24.12
G0 X144.464869 Y161.762752 Z24.14
G0 X143.737202 Y161.391987 Z24.16
G0 X143.034252 Y160.976263 Z24.18
G0 X142.358792 Y160.517221 Z24.2
G0 X141.713488 Y160.016672 Z24.22
G0 X141.100888 Y159.476592 Z24.24
G0 X140.523408 Y158.899112 Z24.26
G0 X139.983328 Y158.286512 Z24.28
G0 X139.482779 Y157.641208 Z24.3
G0 X139.023737 Y156.965748 Z24.32
G0 X138.608013 Y156.262798 Z24.34
G0 X138.237248 Y155.535131 Z24.36
G0 X137.912906 Y154.785619 Z24.38
G0 X137.636265 Y154.017221 Z24.4
G0 X137.408419 Y153.232969 Z24.42
G0 X137.230266 Y152.435957 Z24.44
G0 X137.102509 Y151.629332 Z24.46
G0 X137.025653 Y150.816277 Z24.48
G0 X137 Y150 Z24.5
G0 X137.025653 Y149.183723 Z24.52
G0 X137.102509 Y148.370668 Z24.54
G0 X137.230266 Y147.564043 Z24.56
G0 X137.408419 Y146.767031 Z24.58
G0 X137.636265 Y145.982779 Z24.6
G0 X137.912906 Y145.214381 Z24.62
G0 X138.237248 Y144.464869 Z24.64
G0 X138.608013 Y143.737202 Z24.66
G0 X139.023737 Y143.034252 Z24.68
G0 X139.482779 Y142.358792 Z24.7
G0 X139.983328 Y141.713488 Z24.72
G0 X140.523408 Y141.100888 Z24.74
G0 X141.100888 Y140.523408 Z24.76
G0 X141.713488 Y139.983328 Z24.78
G0 X142.358792 Y139.482779 Z24.8
G0 X143.034252 Y139.023737 Z24.82
G0 X143.737202 Y138.608013 Z24.84
G0 X144.464869 Y138.237248 Z24.86
G0 X145.214381 Y137.912906 Z24.88
G0 X145.982779 Y137.636265 Z24.9
G0 X146.767031 Y137.408419 Z24.92
G0 X147.564043 Y137.230266 Z24.94
G0 X148.370668 Y137.102509 Z24.96
G0 X149.183723 Y137.025653 Z24.98
G0 X150 Y137 Z25
G0 X150.816277 Y137.025653 Z25.02
G0 X151.629332 Y137.102509 Z25.04
G0 X152.435957 Y137.230266 Z25.06
G0 X153.232969 Y137.408419 Z25.08
G0 X154.017221 Y137.636265 Z25.1
G0 X154.785619 Y137.912906 Z25.12
G0 X155.535131 Y138.237248 Z25.14
G0 X156.262798 Y138.608013 Z25.16
G0 X156.965748 Y139.023737 Z25.18
G0 X157.641208 Y139.482779 Z25.2
G0 X158.286512 Y139.983328 Z25.22
G0 X158.899112 Y140.523408 Z25.24
G0 X159.476592 Y141.100888 Z25.26
G0 X160.016672 Y141.713488 Z25.28
G0 X160.517221 Y142.358792 Z25.3
G0 X160.976263 Y143.034252 Z25.32
G0 X161.391987 Y143.737202 Z25.34
G0 X161.762752 Y144.464869 Z25.36
G0 X162.087094 Y145.214381 Z25.38
G0 X162.363735 Y145.982779 Z25.4
G0 X162.591581 Y146.767031 Z25.42
G0 X162.769734 Y147.564043 Z25.44
G0 X162.897491 Y148.370668 Z25.46
G0 X162.974347 Y149.183723 Z25.48
G0 X163 Y150 Z25.5
G0 X162.974347 Y150.816277 Z25.52
G0 X162.897491 Y151.629332 Z25.54
G0 X162.769734 Y152.435957 Z25.56
G0 X162.591581 Y153.232969 Z25.58
G0 X162.363735 Y154.017221 Z25.6
G0 X162.087094 Y154.785619 Z25.62
G0 X161.762752 Y155.535131 Z25.64
G0 X161.391987 Y156.262798 Z25.66
G0 X160.976263 Y156.965748 Z25.68
G0 X160.517221 Y157.641208 Z25.7
G0 X160.016672 Y158.286512 Z25.72
G0 X159.476592 Y158.899112 Z25.74
G0 X158.899112 Y159.476592 Z25.76
G0 X158.286512 Y160.016672 Z25.78
G0 X157.641208 Y160.517221 Z25.8
G0 X156.965748 Y160.976263 Z25.82
G0 X156.262798 Y161.391987 Z25.84
G0 X155.535131 Y161.762752 Z25.86
G0 X154.785619 Y162.087094 Z25.88
G0 X154.017221 Y162.363735 Z25.9
G0 X153.232969 Y162.591581 Z25.92
G0 X152.435957 Y162.769734 Z25.94
G0 X151.629332 Y162.897491 Z25.96
G0 X150.816277 Y162.974347 Z25.98
G0 X150 Y163 Z26
G0 X149.183723 Y162.974347 Z26.02
G0 X148.370668 Y162.897491 Z26.04
G0 X147.564043 Y162.769734 Z26.06
G0 X146.767031 Y162.591581 Z26.08
G0 X145.982779 Y162.363735 Z26.1
G0 X145.214381 Y162.087094 Z26.12
G0 X144.464869 Y161.762752 Z26.14
G0 X143.737202 Y161.391987 Z26.16
G0 X143.034252 Y160.976263 Z26.18
G0 X142.358792 Y160.517221 Z26.2
G0 X141.713488 Y160.016672 Z26.22
G0 X141.100888 Y159.476592 Z26.24
G0 X140.523408 Y158.899112 Z26.26
G0 X139.983328 Y158.286512 Z26.28
G0 X139.482779 Y157.641208 Z26.3
G0 X139.023737 Y156.965748 Z26.32
G0 X138.608013 Y156.262798 Z26.34
G0 X138.237248 Y155.535131 Z26.36
G0 X137.912906 Y154.785619 Z26.38
G0 X137.636265 Y154.017221 Z26.4
G0 X137.408419 Y153.232969 Z26.42
G0 X137.230266 Y152.435957 Z26.44
G0 X137.102509 Y151.629332 Z26.46
G0 X137.025653 Y150.816277 Z26.48
G0 X137 Y150 Z26.5
G0 X137.025653 Y149.183723 Z26.52
G0 X137.102509 Y148.370668 Z26.54
G0 X137.230266 Y147.564043 Z26.56
G0 X137.408419 Y146.767031 Z26.58
G0 X137.636265 Y145.982779 Z26.6
G0 X137.912906 Y145.214381 Z26.62
G0 X138.237248 Y144.464869 Z26.64
G0 X138.608013 Y143.737202 Z26.66
G0 X139.023737 Y143.034252 Z26.68
G0 X139.482779 Y142.358792 Z26.7
G0 X139.983328 Y141.713488 Z26.72
G0 X140.523408 Y141.100888 Z26.74
G0 X141.100888 Y140.523408 Z26.76
G0 X141.713488 Y139.983328 Z26.78
G0 X142.358792 Y139.482779 Z26.8
G0 X143.034252 Y139.023737 Z26.82
G0 X143.737202 Y138.608013 Z26.84
G0 X144.464869 Y138.237248 Z26.86
G0 X145.214381 Y137.912906 Z26.88
G0 X145.982779 Y137.636265 Z26.9
G0 X146.767031 Y137.408419 Z26.92
G0 X147.564043 Y137.230266 Z26.94
G0 X148.370668 Y137.102509 Z26.96
G0 X149.183723 Y137.025653 Z26.98
G0 X150 Y137 Z27
G0 X150.816277 Y137.025653 Z27.02
G0 X151.629332 Y137.102509 Z27.04
G0 X152.435957 Y137.230266 Z27.06
G0 X153.232969 Y137.408419 Z27.08
G0 X154.017221 Y137.636265 Z27.1
G0 X154.785619 Y137.912906 Z27.12
G0 X155.535131 Y138.237248 Z27.14
G0 X156.262798 Y138.608013 Z27.16
G0 X156.965748 Y139.023737 Z27.18
G0 X157.641208 Y139.482779 Z27.2
G0 X158.286512 Y139.983328 Z27.22
G0 X158.899112 Y140.523408 Z27.24
G0 X159.476592 Y141.100888 Z27.26
G0 X160.016672 Y141.713488 Z27.28
G0 X160.517221 Y142.358792 Z27.3
G0 X160.976263 Y143.034252 Z27.32
G0 X161.391987 Y143.737202 Z27.34
G0 X161.762752 Y144.464869 Z27.36
G0 X162.087094 Y145.214381 Z27.38
G0 X162.363735 Y145.982779 Z27.4
G0 X162.591581 Y146.767031 Z27.42
G0 X162.769734 Y147.564043 Z27.44
G0 X162.897491 Y148.370668 Z27.46
G0 X162.974347 Y149.183723 Z27.48
G0 X163 Y150 Z27.5
G0 X162.974347 Y150.816277 Z27.52
G0 X162.897491 Y151.629332 Z27.54
G0 X162.769734 Y152.435957 Z27.56
G0 X162.591581 Y153.232969 Z27.58
G0 X162.363735 Y154.017221 Z27.6
G0 X162.087094 Y154.785619 Z27.62
G0 X161.762752 Y155.535131 Z27.64
G0 X161.391987 Y156.262798 Z27.66
G0 X160.976263 Y156.965748 Z27.68
G0 X160.517221 Y157.641208 Z27.7
G0 X160.016672 Y158.286512 Z27.72
G0 X159.476592 Y158.899112 Z27.74
G0 X158.899112 Y159.476592 Z27.76
G0 X158.286512 Y160.016672 Z27.78
G0 X157.641208 Y160.517221 Z27.8
G0 X156.965748 Y160.976263 Z27.82
G0 X156.262798 Y161.391987 Z27.84
G0 X155.535131 Y161.762752 Z27.86
G0 X154.785619 Y162.087094 Z27.88
G0 X154.017221 Y162.363735 Z27.9
G0 X153.232969 Y162.591581 Z27.92
G0 X152.435957 Y162.769734 Z27.94
G0 X151.629332 Y162.897491 Z27.96
G0 X150.816277 Y162.974347 Z27.98
G0 X150 Y163 Z28
G0 X149.183723 Y162.974347 Z28.02
G0 X148.370668 Y162.897491 Z28.04
G0 X147.564043 Y162.769734 Z28.06
G0 X146.767031 Y162.591581 Z28.08
G0 X145.982779 Y162.363735 Z28.1
G0 X145.214381 Y162.087094 Z28.12
G0 X144.464869 Y161.762752 Z28.14
G0 X143.737202 Y161.391987 Z28.16
G0 X143.034252 Y160.976263 Z28.18
G0 X142.358792 Y160.517221 Z28.2
G0 X141.713488 Y160.016672 Z28.22
G0 X141.100888 Y159.476592 Z28.24
G0 X140.523408 Y158.899112 Z28.26
G0 X139.983328 Y158.286512 Z28.28
G0 X139.482779 Y157.641208 Z28.3
G0 X139.023737 Y156.965748 Z28.32
G0 X138.608013 Y156.262798 Z28.34
G0 X138.237248 Y155.535131 Z28.36
G0 X137.912906 Y154.785619 Z28.38
G0 X137.636265 Y154.017221 Z28.4
G0 X137.408419 Y153.232969 Z28.42
G0 X137.230266 Y152.435957 Z28.44
G0 X137.102509 Y151.629332 Z28.46
G0 X137.025653 Y150.816277 Z28.48
G0 X137 Y150 Z28.5
G0 X137.025653 Y149.183723 Z28.52
G0 X137.102509 Y148.370668 Z28.54
G0 X137.230266 Y147.564043 Z28.56
G0 X137.408419 Y146.767031 Z28.58
G0 X137.636265 Y145.982779 Z28.6
G0 X137.912906 Y145.214381 Z28.62
G0 X138.237248 Y144.464869 Z28.64
G0 X138.608013 Y143.737202 Z28.66
G0 X139.023737 Y143.034252 Z28.68
G0 X139.482779 Y142.358792 Z28.7
G0 X139.983328 Y141.713488 Z28.72
G0 X140.523408 Y141.100888 Z28.74
G0 X141.100888 Y140.523408 Z28.76
G0 X141.713488 Y139.983328 Z28.78
G0 X142.358792 Y139.482779 Z28.8
G0 X143.034252 Y139.023737 Z28.82
G0 X143.737202 Y138.608013 Z28.84
G0 X144.464869 Y138.237248 Z28.86
G0 X145.214381 Y137.912906 Z28.88
G0 X145.982779 Y137.636265 Z28.9
G0 X146.767031 Y137.408419 Z28.92
G0 X147.564043 Y137.230266 Z28.94
G0 X148.370668 Y137.102509 Z28.96
G0 X149.183723 Y137.025653 Z28.98
G0 X150 Y137 Z29
G0 X150.816277 Y137.025653 Z29.02
G0 X151.629332 Y137.102509 Z29.04
G0 X152.435957 Y137.230266 Z29.06
G0 X153.232969 Y137.408419 Z29.08
G0 X154.017221 Y137.636265 Z29.1
G0 X154.785619 Y137.912906 Z29.12
G0 X155.535131 Y138.237248 Z29.14
G0 X156.262798 Y138.608013 Z29.16
G0 X156.965748 Y139.023737 Z29.18
G0 X157.641208 Y139.482779 Z29.2
G0 X158.286512 Y139.983328 Z29.22
G0 X158.899112 Y140.523408 Z29.24
G0 X159.476592 Y141.100888 Z29.26
G0 X160.016672 Y141.713488 Z29.28
G0 X160.517221 Y142.358792 Z29.3
G0 X160.976263 Y143.034252 Z29.32
G0 X161.391987 Y143.737202 Z29.34
G0 X161.762752 Y144.464869 Z29.36
G0 X162.087094 Y145.214381 Z29.38
G0 X162.363735 Y145.982779 Z29.4
G0 X162.591581 Y146.767031 Z29.42
G0 X162.769734 Y147.564043 Z29.44
G0 X162.897491 Y148.370668 Z29.46
G0 X162.974347 Y149.183723 Z29.48
G0 X163 Y150 Z29.5
G0 X162.974347 Y150.816277 Z29.52
G0 X162.897491 Y151.629332 Z29.54
G0 X162.769734 Y152.435957 Z29.56
G0 X162.591581 Y153.232969 Z29.58
G0 X162.363735 Y154.017221 Z29.6
G0 X162.087094 Y154.785619 Z29.62
G0 X161.762752 Y155.535131 Z29.64
G0 X161.391987 Y156.262798 Z29.66
G0 X160.976263 Y156.965748 Z29.68
G0 X160.517221 Y157.641208 Z29.7
G0 X160.016672 Y158.286512 Z29.72
G0 X159.476592 Y158.899112 Z29.74
G0 X158.899112 Y159.476592 Z29.76
G0 X158.286512 Y160.016672 Z29.78
G0 X157.641208 Y160.517221 Z29.8
G0 X156.965748 Y160.976263 Z29.82
G0 X156.262798 Y161.391987 Z29.84
G0 X155.535131 Y161.762752 Z29.86
G0 X154.785619 Y162.087094 Z29.88
G0 X154.017221 Y162.363735 Z29.9
G0 X153.232969 Y162.591581 Z29.92
G0 X152.435957 Y162.769734 Z29.94
G0 X151.629332 Y162.897491 Z29.96
G0 X150.816277 Y162.974347 Z29.98
G0 X150 Y163 Z30
G0 X149.183723 Y162.974347 Z30.02
G0 X148.370668 Y162.897491 Z30.04
G0 X147.564043 Y162.769734 Z30.06
G0 X146.767031 Y162.591581 Z30.08
G0 X145.982779 Y162.363735 Z30.1
G0 X145.214381 Y162.087094 Z30.12
G0 X144.464869 Y161.762752 Z30.14
G0 X143.737202 Y161.391987 Z30.16
G0 X143.034252 Y160.976263 Z30.18
G0 X142.358792 Y160.517221 Z30.2
G0 X141.713488 Y160.016672 Z30.22
G0 X141.100888 Y159.476592 Z30.24
G0 X140.523408 Y158.899112 Z30.26
G0 X139.983328 Y158.286512 Z30.28
G0 X139.482779 Y157.641208 Z30.3
G0 X139.023737 Y156.965748 Z30.32
G0 X138.608013 Y156.262798 Z30.34
G0 X138.237248 Y155.535131 Z30.36
G0 X137.912906 Y154.785619 Z30.38
G0 X137.636265 Y154.017221 Z30.4
G0 X137.408419 Y153.232969 Z30.42
G0 X137.230266 Y152.435957 Z30.44
G0 X137.102509 Y151.629332 Z30.46
G0 X137.025653 Y150.816277 Z30.48
G0 X137 Y150 Z30.5
G0 X137.025653 Y149.183723 Z30.52
G0 X137.102509 Y148.370668 Z30.54
G0 X137.230266 Y147.564043 Z30.56
G0 X137.408419 Y146.767031 Z30.58
G0 X137.636265 Y145.982779 Z30.6
G0 X137.912906 Y145.214381 Z30.62
G0 X138.237248 Y144.464869 Z30.64
G0 X138.608013 Y143.737202 Z30.66
G0 X139.023737 Y143.034252 Z30.68
G0 X139.482779 Y142.358792 Z30.7
G0 X139.983328 Y141.713488 Z30.72
G0 X140.523408 Y141.100888 Z30.74
G0 X141.100888 Y140.523408 Z30.76
G0 X141.713488 Y139.983328 Z30.78
G0 X142.358792 Y139.482779 Z30.8
G0 X143.034252 Y139.023737 Z30.82
G0 X143.737202 Y138.608013 Z30.84
G0 X144.464869 Y138.237248 Z30.86
G0 X145.214381 Y137.912906 Z30.88
G0 X145.982779 Y137.636265 Z30.9
G0 X146.767031 Y137.408419 Z30.92
G0 X147.564043 Y137.230266 Z30.94
G0 X148.370668 Y137.102509 Z30.96
G0 X149.183723 Y137.025653 Z30.98
G0 X150 Y137 Z31
G0 X150.816277 Y137.025653 Z31.02
G0 X151.629332 Y137.102509 Z31.04
G0 X152.435957 Y137.230266 Z31.06
G0 X153.232969 Y137.408419 Z31.08
G0 X154.017221 Y137.636265 Z31.1
G0 X154.785619 Y137.912906 Z31.12
G0 X155.535131 Y138.237248 Z31.14
G0 X156.262798 Y138.608013 Z31.16
G0 X156.965748 Y139.023737 Z31.18
G0 X157.641208 Y139.482779 Z31.2
G0 X158.286512 Y139.983328 Z31.22
G0 X158.899112 Y140.523408 Z31.24
G0 X159.476592 Y141.100888 Z31.26
G0 X160.016672 Y141.713488 Z31.28
G0 X160.517221 Y142.358792 Z31.3
G0 X160.976263 Y143.034252 Z31.32
G0 X161.391987 Y143.737202 Z31.34
G0 X161.762752 Y144.464869 Z31.36
G0 X162.087094 Y145.214381 Z31.38
G0 X162.363735 Y145.982779 Z31.4
G0 X162.591581 Y146.767031 Z31.42
G0 X162.769734 Y147.564043 Z31.44
G0 X162.897491 Y148.370668 Z31.46
G0 X162.974347 Y149.183723 Z31.48
G0 X163 Y150 Z31.5
G0 X162.974347 Y150.816277 Z31.52
G0 X162.897491 Y151.629332 Z31.54
G0 X162.769734 Y152.435957 Z31.56
G0 X162.591581 Y153.232969 Z31.58
G0 X162.363735 Y154.017221 Z31.6
G0 X162.087094 Y154.785619 Z31.62
G0 X161.762752 Y155.535131 Z31.64
G0 X161.391987 Y156.262798 Z31.66
G0 X160.976263 Y156.965748 Z31.68
G0 X160.517221 Y157.641208 Z31.7
G0 X160.016672 Y158.286512 Z31.72
G0 X159.476592 Y158.899112 Z31.74
G0 X158.899112 Y159.476592 Z31.76
G0 X158.286512 Y160.016672 Z31.78
G0 X157.641208 Y160.517221 Z31.8
G0 X156.965748 Y160.976263 Z31.82
G0 X156.262798 Y161.391987 Z31.84
G0 X155.535131 Y161.762752 Z31.86
G0 X154.785619 Y162.087094 Z31.88
G0 X154.017221 Y162.363735 Z31.9
G0 X153.232969 Y162.591581 Z31.92
G0 X152.435957 Y162.769734 Z31.94
G0 X151.629332 Y162.897491 Z31.96
G0 X150.816277 Y162.974347 Z31.98
G0 X150 Y163 Z32
G0 X149.183723 Y162.974347 Z32.02
G0 X148.370668 Y162.897491 Z32.04
G0 X147.564043 Y162.769734 Z32.06
G0 X146.767031 Y162.591581 Z32.08
G0 X145.982779 Y162.363735 Z32.1
G0 X145.214381 Y162.087094 Z32.12
G0 X144.464869 Y161.762752 Z32.14
G0 X143.737202 Y161.391987 Z32.16
G0 X143.034252 Y160.976263 Z32.18
G0 X142.358792 Y160.517221 Z32.2
G0 X141.713488 Y160.016672 Z32.22
G0 X141.100888 Y159.476592 Z32.24
G0 X140.523408 Y158.899112 Z32.26
G0 X139.983328 Y158.286512 Z32.28
G0 X139.482779 Y157.641208 Z32.3
G0 X139.023737 Y156.965748 Z32.32
G0 X138.608013 Y156.262798 Z32.34
G0 X138.237248 Y155.535131 Z32.36
G0 X137.912906 Y154.785619 Z32.38
G0 X137.636265 Y154.017221 Z32.4
G0 X137.408419 Y153.232969 Z32.42
G0 X137.230266 Y152.435957 Z32.44
G0 X137.102509 Y151.629332 Z32.46
G0 X137.025653 Y150.816277 Z32.48
G0 X137 Y150 Z32.5
G0 X137.025653 Y149.183723 Z32.52
G0 X137.102509 Y148.370668 Z32.54
G0 X137.230266 Y147.564043 Z32.56
G0 X137.408419 Y146.767031 Z32.58
G0 X137.636265 Y145.982779 Z32.6
G0 X137.912906 Y145.214381 Z32.62
G0 X138.237248 Y144.464869 Z32.64
G0 X138.608013 Y143.737202 Z32.66
G0 X139.023737 Y143.034252 Z32.68
G0 X139.482779 Y142.358792 Z32.7
G0 X139.983328 Y141.713488 Z32.72
G0 X140.523408 Y141.100888 Z32.74
G0 X141.100888 Y140.523408 Z32.76
G0 X141.713488 Y139.983328 Z32.78
G0 X142.358792 Y139.482779 Z32.8
G0 X143.034252 Y139.023737 Z32.82
G0 X143.737202 Y138.608013 Z32.84
G0 X144.464869 Y138.237248 Z32.86
G0 X145.214381 Y137.912906 Z32.88
G0 X145.982779 Y137.636265 Z32.9
G0 X146.767031 Y137.408419 Z32.92
G0 X147.564043 Y137.230266 Z32.94
G0 X148.370668 Y137.102509 Z32.96
G0 X149.183723 Y137.025653 Z32.98
G0 X150 Y137 Z33
G0 X150.816277 Y137.025653 Z33.02
G0 X151.629332 Y137.102509 Z33.04
G0 X152.435957 Y137.230266 Z33.06
G0 X153.232969 Y137.408419 Z33.08
G0 X154.017221 Y137.636265 Z33.1
G0 X154.785619 Y137.912906 Z33.12
G0 X155.535131 Y138.237248 Z33.14
G0 X156.262798 Y138.608013 Z33.16
G0 X156.965748 Y139.023737 Z33.18
G0 X157.641208 Y139.482779 Z33.2
G0 X158.286512 Y139.983328 Z33.22
G0 X158.899112 Y140.523408 Z33.24
G0 X159.476592 Y141.100888 Z33.26
G0 X160.016672 Y141.713488 Z33.28
G0 X160.517221 Y142.358792 Z33.3
G0 X160.976263 Y143.034252 Z33.32
G0 X161.391987 Y143.737202 Z33.34
G0 X161.762752 Y144.464869 Z33.36
G0 X162.087094 Y145.214381 Z33.38
G0 X162.363735 Y145.982779 Z33.4
G0 X162.591581 Y146.767031 Z33.42
G0 X162.769734 Y147.564043 Z33.44
G0 X162.897491 Y148.370668 Z33.46
G0 X162.974347 Y149.183723 Z33.48
G0 X163 Y150 Z33.5
G0 X162.974347 Y150.816277 Z33.52
G0 X162.897491 Y151.629332 Z33.54
G0 X162.769734 Y152.435957 Z33.56
G0 X162.591581 Y153.232969 Z33.58
G0 X162.363735 Y154.017221 Z33.6
G0 X162.087094 Y154.785619 Z33.62
G0 X161.762752 Y155.535131 Z33.64
G0 X161.391987 Y156.262798 Z33.66
G0 X160.976263 Y156.965748 Z33.68
G0 X160.517221 Y157.641208 Z33.7
G0 X160.016672 Y158.286512 Z33.72
G0 X159.476592 Y158.899112 Z33.74
G0 X158.899112 Y159.476592 Z33.76
G0 X158.286512 Y160.016672 Z33.78
G0 X157.641208 Y160.517221 Z33.8
G0 X156.965748 Y160.976263 Z33.82
G0 X156.262798 Y161.391987 Z33.84
G0 X155.535131 Y161.762752 Z33.86
G0 X154.785619 Y162.087094 Z33.88
G0 X154.017221 Y162.363735 Z33.9
G0 X153.232969 Y162.591581 Z33.92
G0 X152.435957 Y162.769734 Z33.94
G0 X151.629332 Y162.897491 Z33.96
G0 X150.816277 Y162.974347 Z33.98
G0 X150 Y163 Z34
G0 X149.183723 Y162.974347 Z34.02
G0 X148.370668 Y162.897491 Z34.04
G0 X147.564043 Y162.769734 Z34.06
G0 X146.767031 Y162.591581 Z34.08
G0 X145.982779 Y162.363735 Z34.1
G0 X145.214381 Y162.087094 Z34.12
G0 X144.464869 Y161.762752 Z34.14
G0 X143.737202 Y161.391987 Z34.16
G0 X143.034252 Y160.976263 Z34.18
G0 X142.358792 Y160.517221 Z34.2
G0 X141.713488 Y160.016672 Z34.22
G0 X141.100888 Y159.476592 Z34.24
G0 X140.523408 Y158.899112 Z34.26
G0 X139.983328 Y158.286512 Z34.28
G0 X139.482779 Y157.641208 Z34.3
G0 X139.023737 Y156.965748 Z34.32
G0 X138.608013 Y156.262798 Z34.34
G0 X138.237248 Y155.535131 Z34.36
G0 X137.912906 Y154.785619 Z34.38
G0 X137.636265 Y154.017221 Z34.4
G0 X137.408419 Y153.232969 Z34.42
G0 X137.230266 Y152.435957 Z34.44
G0 X137.102509 Y151.629332 Z34.46
G0 X137.025653 Y150.816277 Z34.48
G0 X137 Y150 Z34.5
G0 X137.025653 Y149.183723 Z34.52
G0 X137.102509 Y148.370668 Z34.54
G0 X137.230266 Y147.564043 Z34.56
G0 X137.408419 Y146.767031 Z34.58
G0 X137.636265 Y145.982779 Z34.6
G0 X137.912906 Y145.214381 Z34.62
G0 X138.237248 Y144.464869 Z34.64
G0 X138.608013 Y143.737202 Z34.66
G0 X139.023737 Y143.034252 Z34.68
G0 X139.482779 Y142.358792 Z34.7
G0 X139.983328 Y141.713488 Z34.72
G0 X140.523408 Y141.100888 Z34.74
G0 X141.100888 Y140.523408 Z34.76
G0 X141.713488 Y139.983328 Z34.78
G0 X142.358792 Y139.482779 Z34.8
G0 X143.034252 Y139.023737 Z34.82
G0 X143.737202 Y138.608013 Z34.84
G0 X144.464869 Y138.237248 Z34.86
G0 X145.214381 Y137.912906 Z34.88
G0 X145.982779 Y137.636265 Z34.9
G0 X146.767031 Y137.408419 Z34.92
G0 X147.564043 Y137.230266 Z34.94
G0 X148.370668 Y137.102509 Z34.96
G0 X149.183723 Y137.025653 Z34.98
G0 X150 Y137 Z35
G0 X150.816277 Y137.025653 Z35.02
G0 X151.629332 Y137.102509 Z35.04
G0 X152.435957 Y137.230266 Z35.06
G0 X153.232969 Y137.408419 Z35.08
G0 X154.017221 Y137.636265 Z35.1
G0 X154.785619 Y137.912906 Z35.12
G0 X155.535131 Y138.237248 Z35.14
G0 X156.262798 Y138.608013 Z35.16
G0 X156.965748 Y139.023737 Z35.18
G0 X157.641208 Y139.482779 Z35.2
G0 X158.286512 Y139.983328 Z35.22
G0 X158.899112 Y140.523408 Z35.24
G0 X159.476592 Y141.100888 Z35.26
G0 X160.016672 Y141.713488 Z35.28
G0 X160.517221 Y142.358792 Z35.3
G0 X160.976263 Y143.034252 Z35.32
G0 X161.391987 Y143.737202 Z35.34
G0 X161.762752 Y144.464869 Z35.36
G0 X162.087094 Y145.214381 Z35.38
G0 X162.363735 Y145.982779 Z35.4
G0 X162.591581 Y146.767031 Z35.42
G0 X162.769734 Y147.564043 Z35.44
G0 X162.897491 Y148.370668 Z35.46
G0 X162.974347 Y149.183723 Z35.48
G0 X163 Y150 Z35.5
G0 X162.974347 Y150.816277 Z35.52
G0 X162.897491 Y151.629332 Z35.54
G0 X162.769734 Y152.435957 Z35.56
G0 X162.591581 Y153.232969 Z35.58
G0 X162.363735 Y154.017221 Z35.6
G0 X162.087094 Y154.785619 Z35.62
G0 X161.762752 Y155.535131 Z35.64
G0 X161.391987 Y156.262798 Z35.66
G0 X160.976263 Y156.965748 Z35.68
G0 X160.517221 Y157.641208 Z35.7
G0 X160.016672 Y158.286512 Z35.72
G0 X159.476592 Y158.899112 Z35.74
G0 X158.899112 Y159.476592 Z35.76
G0 X158.286512 Y160.016672 Z35.78
G0 X157.641208 Y160.517221 Z35.8
G0 X156.965748 Y160.976263 Z35.82
G0 X156.262798 Y161.391987 Z35.84
G0 X155.535131 Y161.762752 Z35.86
G0 X154.785619 Y162.087094 Z35.88
G0 X154.017221 Y162.363735 Z35.9
G0 X153.232969 Y162.591581 Z35.92
G0 X152.435957 Y162.769734 Z35.94
G0 X151.629332 Y162.897491 Z35.96
G0 X150.816277 Y162.974347 Z35.98
G0 X150 Y163 Z36
G0 X149.183723 Y162.974347 Z36.02
G0 X148.370668 Y162.897491 Z36.04
G0 X147.564043 Y162.769734 Z36.06
G0 X146.767031 Y162.591581 Z36.08
G0 X145.982779 Y162.363735 Z36.1
G0 X145.214381 Y162.087094 Z36.12
G0 X144.464869 Y161.762752 Z36.14
G0 X143.737202 Y161.391987 Z36.16
G0 X143.034252 Y160.976263 Z36.18
G0 X142.358792 Y160.517221 Z36.2
G0 X141.713488 Y160.016672 Z36.22
G0 X141.100888 Y159.476592 Z36.24
G0 X140.523408 Y158.899112 Z36.26
G0 X139.983328 Y158.286512 Z36.28
G0 X139.482779 Y157.641208 Z36.3
G0 X139.023737 Y156.965748 Z36.32
G0 X138.608013 Y156.262798 Z36.34
G0 X138.237248 Y155.535131 Z36.36
G0 X137.912906 Y154.785619 Z36.38
G0 X137.636265 Y154.017221 Z36.4
G0 X137.408419 Y153.232969 Z36.42
G0 X137.230266 Y152.435957 Z36.44
G0 X137.102509 Y151.629332 Z36.46
G0 X137.025653 Y150.816277 Z36.48
G0 X137 Y150 Z36.5
G0 X137.025653 Y149.183723 Z36.52
G0 X137.102509 Y148.370668 Z36.54
G0 X137.230266 Y147.564043 Z36.56
G0 X137.408419 Y146.767031 Z36.58
G0 X137.636265 Y145.982779 Z36.6
G0 X137.912906 Y145.214381 Z36.62
G0 X138.237248 Y144.464869 Z36.64
G0 X138.608013 Y143.737202 Z36.66
G0 X139.023737 Y143.034252 Z36.68
G0 X139.482779 Y142.358792 Z36.7
G0 X139.983328 Y141.713488 Z36.72
G0 X140.523408 Y141.100888 Z36.74
G0 X141.100888 Y140.523408 Z36.76
G0 X141.713488 Y139.983328 Z36.78
G0 X142.358792 Y139.482779 Z36.8
G0 X143.034252 Y139.023737 Z36.82
G0 X143.737202 Y138.608013 Z36.84
G0 X144.464869 Y138.237248 Z36.86
G0 X145.214381 Y137.912906 Z36.88
G0 X145.982779 Y137.636265 Z36.9
G0 X146.767031 Y137.408419 Z36.92
G0 X147.564043 Y137.230266 Z36.94
G0 X148.370668 Y137.102509 Z36.96
G0 X149.183723 Y137.025653 Z36.98
G0 X150 Y137 Z37
G0 X150.816277 Y137.025653 Z37.02
G0 X151.629332 Y137.102509 Z37.04
G0 X152.435957 Y137.230266 Z37.06
G0 X153.232969 Y137.408419 Z37.08
G0 X154.017221 Y137.636265 Z37.1
G0 X154.785619 Y137.912906 Z37.12
G0 X155.535131 Y138.237248 Z37.14
G0 X156.262798 Y138.608013 Z37.16
G0 X156.965748 Y139.023737 Z37.18
G0 X157.641208 Y139.482779 Z37.2
G0 X158.286512 Y139.983328 Z37.22
G0 X158.899112 Y140.523408 Z37.24
G0 X159.476592 Y141.100888 Z37.26
G0 X160.016672 Y141.713488 Z37.28
G0 X160.517221 Y142.358792 Z37.3
G0 X160.976263 Y143.034252 Z37.32
G0 X161.391987 Y143.737202 Z37.34
G0 X161.762752 Y144.464869 Z37.36
G0 X162.087094 Y145.214381 Z37.38
G0 X162.363735 Y145.982779 Z37.4
G0 X162.591581 Y146.767031 Z37.42
G0 X162.769734 Y147.564043 Z37.44
G0 X162.897491 Y148.370668 Z37.46
G0 X162.974347 Y149.183723 Z37.48
G0 X163 Y150 Z37.5
G0 X162.974347 Y150.816277 Z37.52
G0 X162.897491 Y151.629332 Z37.54
G0 X162.769734 Y152.435957 Z37.56
G0 X162.591581 Y153.232969 Z37.58
G0 X162.363735 Y154.017221 Z37.6
G0 X162.087094 Y154.785619 Z37.62
G0 X161.762752 Y155.535131 Z37.64
G0 X161.391987 Y156.262798 Z37.66
G0 X160.976263 Y156.965748 Z37.68
G0 X160.517221 Y157.641208 Z37.7
G0 X160.016672 Y158.286512 Z37.72
G0 X159.476592 Y158.899112 Z37.74
G0 X158.899112 Y159.476592 Z37.76
G0 X158.286512 Y160.016672 Z37.78
G0 X157.641208 Y160.517221 Z37.8
G0 X156.965748 Y160.976263 Z37.82
G0 X156.262798 Y161.391987 Z37.84
G0 X155.535131 Y161.762752 Z37.86
G0 X154.785619 Y162.087094 Z37.88
G0 X154.017221 Y162.363735 Z37.9
G0 X153.232969 Y162.591581 Z37.92
G0 X152.435957 Y162.769734 Z37.94
G0 X151.629332 Y162.897491 Z37.96
G0 X150.816277 Y162.974347 Z37.98
G0 X150 Y163 Z38
G0 X149.183723 Y162.974347 Z38.02
G0 X148.370668 Y162.897491 Z38.04
G0 X147.564043 Y162.769734 Z38.06
G0 X146.767031 Y162.591581 Z38.08
G0 X145.982779 Y162.363735 Z38.1
G0 X145.214381 Y162.087094 Z38.12
G0 X144.464869 Y161.762752 Z38.14
G0 X143.737202 Y161.391987 Z38.16
G0 X143.034252 Y160.976263 Z38.18
G0 X142.358792 Y160.517221 Z38.2
G0 X141.713488 Y160.016672 Z38.22
G0 X141.100888 Y159.476592 Z38.24
G0 X140.523408 Y158.899112 Z38.26
G0 X139.983328 Y158.286512 Z38.28
G0 X139.482779 Y157.641208 Z38.3
G0 X139.023737 Y156.965748 Z38.32
G0 X138.608013 Y156.262798 Z38.34
G0 X138.237248 Y155.535131 Z38.36
G0 X137.912906 Y154.785619 Z38.38
G0 X137.636265 Y154.017221 Z38.4
G0 X137.408419 Y153.232969 Z38.42
G0 X137.230266 Y152.435957 Z38.44
G0 X137.102509 Y151.629332 Z38.46
G0 X137.025653 Y150.816277 Z38.48
G0 X137 Y150 Z38.5
G0 X137.025653 Y149.183723 Z38.52
G0 X137.102509 Y148.370668 Z38.54
G0 X137.230266 Y147.564043 Z38.56
G0 X137.408419 Y146.767031 Z38.58
G0 X137.636265 Y145.982779 Z38.6
G0 X137.912906 Y145.214381 Z38.62
G0 X138.237248 Y144.464869 Z38.64
G0 X138.608013 Y143.737202 Z38.66
G0 X139.023737 Y143.034252 Z38.68
G0 X139.482779 Y142.358792 Z38.7
G0 X139.983328 Y141.713488 Z38.72
G0 X140.523408 Y141.100888 Z38.74
G0 X141.100888 Y140.523408 Z38.76
G0 X141.713488 Y139.983328 Z38.78
G0 X142.358792 Y139.482779 Z38.8
G0 X143.034252 Y139.023737 Z38.82
G0 X143.737202 Y138.608013 Z38.84
G0 X144.464869 Y138.237248 Z38.86
G0 X145.214381 Y137.912906 Z38.88
G0 X145.982779 Y137.636265 Z38.9
G0 X146.767031 Y137.408419 Z38.92
G0 X147.564043 Y137.230266 Z38.94
G0 X148.370668 Y137.102509 Z38.96
G0 X149.183723 Y137.025653 Z38.98
G0 X150 Y137 Z39
G0 X150.816277 Y137.025653 Z39.02
G0 X151.629332 Y137.102509 Z39.04
G0 X152.435957 Y137.230266 Z39.06
G0 X153.232969 Y137.408419 Z39.08
G0 X154.017221 Y137.636265 Z39.1
G0 X154.785619 Y137.912906 Z39.12
G0 X155.535131 Y138.237248 Z39.14
G0 X156.262798 Y138.608013 Z39.16
G0 X156.965748 Y139.023737 Z39.18
G0 X157.641208 Y139.482779 Z39.2
G0 X158.286512 Y139.983328 Z39.22
G0 X158.899112 Y140.523408 Z39.24
G0 X159.476592 Y141.100888 Z39.26
G0 X160.016672 Y141.713488 Z39.28
G0 X160.517221 Y142.358792 Z39.3
G0 X160.976263 Y143.034252 Z39.32
G0 X161.391987 Y143.737202 Z39.34
G0 X161.762752 Y144.464869 Z39.36
G0 X162.087094 Y145.214381 Z39.38
G0 X162.363735 Y145.982779 Z39.4
G0 X162.591581 Y146.767031 Z39.42
G0 X162.769734 Y147.564043 Z39.44
G0 X162.897491 Y148.370668 Z39.46
G0 X162.974347 Y149.183723 Z39.48
G0 X163 Y150 Z39.5
G0 X162.974347 Y150.816277 Z39.52
G0 X162.897491 Y151.629332 Z39.54
G0 X162.769734 Y152.435957 Z39.56
G0 X162.591581 Y153.232969 Z39.58
G0 X162.363735 Y154.017221 Z39.6
G0 X162.087094 Y154.785619 Z39.62
G0 X161.762752 Y155.535131 Z39.64
G0 X161.391987 Y156.262798 Z39.66
G0 X160.976263 Y156.965748 Z39.68
G0 X160.517221 Y157.641208 Z39.7
G0 X160.016672 Y158.286512 Z39.72
G0 X159.476592 Y158.899112 Z39.74
G0 X158.899112 Y159.476592 Z39.76
G0 X158.286512 Y160.016672 Z39.78
G0 X157.641208 Y160.517221 Z39.8
G0 X156.965748 Y160.976263 Z39.82
G0 X156.262798 Y161.391987 Z39.84
G0 X155.535131 Y161.762752 Z39.86
G0 X154.785619 Y162.087094 Z39.88
G0 X154.017221 Y162.363735 Z39.9
G0 X153.232969 Y162.591581 Z39.92
G0 X152.435957 Y162.769734 Z39.94
G0 X151.629332 Y162.897491 Z39.96
G0 X150.816277 Y162.974347 Z39.98
G0 X150 Y163 Z40
G0 X149.183723 Y162.974347 Z40.02
G0 X148.370668 Y162.897491 Z40.04
G0 X147.564043 Y162.769734 Z40.06
G0 X146.767031 Y162.591581 Z40.08
G0 X145.982779 Y162.363735 Z40.1
G0 X145.214381 Y162.087094 Z40.12
G0 X144.464869 Y161.762752 Z40.14
G0 X143.737202 Y161.391987 Z40.16
G0 X143.034252 Y160.976263 Z40.18
G0 X142.358792 Y160.517221 Z40.2
G0 X141.713488 Y160.016672 Z40.22
G0 X141.100888 Y159.476592 Z40.24
G0 X140.523408 Y158.899112 Z40.26
G0 X139.983328 Y158.286512 Z40.28
G0 X139.482779 Y157.641208 Z40.3
G0 X139.023737 Y156.965748 Z40.32
G0 X138.608013 Y156.262798 Z40.34
G0 X138.237248 Y155.535131 Z40.36
G0 X137.912906 Y154.785619 Z40.38
G0 X137.636265 Y154.017221 Z40.4
G0 X137.408419 Y153.232969 Z40.42
G0 X137.230266 Y152.435957 Z40.44
G0 X137.102509 Y151.629332 Z40.46
G0 X137.025653 Y150.816277 Z40.48
G0 X137 Y150 Z40.5
G0 X137.025653 Y149.183723 Z40.52
G0 X137.102509 Y148.370668 Z40.54
G0 X137.230266 Y147.564043 Z40.56
G0 X137.408419 Y146.767031 Z40.58
G0 X137.636265 Y145.982779 Z40.6
G0 X137.912906 Y145.214381 Z40.62
G0 X138.237248 Y144.464869 Z40.64
G0 X138.608013 Y143.737202 Z40.66
G0 X139.023737 Y143.034252 Z40.68
G0 X139.482779 Y142.358792 Z40.7
G0 X139.983328 Y141.713488 Z40.72
G0 X140.523408 Y141.100888 Z40.74
G0 X141.100888 Y140.523408 Z40.76
G0 X141.713488 Y139.983328 Z40.78
G0 X142.358792 Y139.482779 Z40.8
G0 X143.034252 Y139.023737 Z40.82
G0 X143.737202 Y138.608013 Z40.84
G0 X144.464869 Y138.237248 Z40.86
G0 X145.214381 Y137.912906 Z40.88
G0 X145.982779 Y137.636265 Z40.9
G0 X146.767031 Y137.408419 Z40.92
G0 X147.564043 Y137.230266 Z40.94
G0 X148.370668 Y137.102509 Z40.96
G0 X149.183723 Y137.025653 Z40.98
G0 X150 Y137 Z41
G0 X150.816277 Y137.025653 Z41.02
G0 X151.629332 Y137.102509 Z41.04
G0 X152.435957 Y137.230266 Z41.06
G0 X153.232969 Y137.408419 Z41.08
G0 X154.017221 Y137.636265 Z41.1
G0 X154.785619 Y137.912906 Z41.12
G0 X155.535131 Y138.237248 Z41.14
G0 X156.262798 Y138.608013 Z41.16
G0 X156.965748 Y139.023737 Z41.18
G0 X157.641208 Y139.482779 Z41.2
G0 X158.286512 Y139.983328 Z41.22
G0 X158.899112 Y140.523408 Z41.24
G0 X159.476592 Y141.100888 Z41.26
G0 X160.016672 Y141.713488 Z41.28
G0 X160.517221 Y142.358792 Z41.3
G0 X160.976263 Y143.034252 Z41.32
G0 X161.391987 Y143.737202 Z41.34
G0 X161.762752 Y144.464869 Z41.36
G0 X162.087094 Y145.214381 Z41.38
G0 X162.363735 Y145.982779 Z41.4
G0 X162.591581 Y146.767031 Z41.42
G0 X162.769734 Y147.564043 Z41.44
G0 X162.897491 Y148.370668 Z41.46
G0 X162.974347 Y149.183723 Z41.48
G0 X163 Y150 Z41.5
G0 X162.974347 Y150.816277 Z41.52
G0 X162.897491 Y151.629332 Z41.54
G0 X162.769734 Y152.435957 Z41.56
G0 X162.591581 Y153.232969 Z41.58
G0 X162.363735 Y154.017221 Z41.6
G0 X162.087094 Y154.785619 Z41.62
G0 X161.762752 Y155.535131 Z41.64
G0 X161.391987 Y156.262798 Z41.66
G0 X160.976263 Y156.965748 Z41.68
G0 X160.517221 Y157.641208 Z41.7
G0 X160.016672 Y158.286512 Z41.72
G0 X159.476592 Y158.899112 Z41.74
G0 X158.899112 Y159.476592 Z41.76
G0 X158.286512 Y160.016672 Z41.78
G0 X157.641208 Y160.517221 Z41.8
G0 X156.965748 Y160.976263 Z41.82
G0 X156.262798 Y161.391987 Z41.84
G0 X155.535131 Y161.762752 Z41.86
G0 X154.785619 Y162.087094 Z41.88
G0 X154.017221 Y162.363735 Z41.9
G0 X153.232969 Y162.591581 Z41.92
G0 X152.435957 Y162.769734 Z41.94
G0 X151.629332 Y162.897491 Z41.96
G0 X150.816277 Y162.974347 Z41.98
G0 X150 Y163 Z42
G0 X149.183723 Y162.974347 Z42.02
G0 X148.370668 Y162.897491 Z42.04
G0 X147.564043 Y162.769734 Z42.06
G0 X146.767031 Y162.591581 Z42.08
G0 X145.982779 Y162.363735 Z42.1
G0 X145.214381 Y162.087094 Z42.12
G0 X144.464869 Y161.762752 Z42.14
G0 X143.737202 Y161.391987 Z42.16
G0 X143.034252 Y160.976263 Z42.18
G0 X142.358792 Y160.517221 Z42.2
G0 X141.713488 Y160.016672 Z42.22
G0 X141.100888 Y159.476592 Z42.24
G0 X140.523408 Y158.899112 Z42.26
G0 X139.983328 Y158.286512 Z42.28
G0 X139.482779 Y157.641208 Z42.3
G0 X139.023737 Y156.965748 Z42.32
G0 X138.608013 Y156.262798 Z42.34
G0 X138.237248 Y155.535131 Z42.36
G0 X137.912906 Y154.785619 Z42.38
G0 X137.636265 Y154.017221 Z42.4
G0 X137.408419 Y153.232969 Z42.42
G0 X137.230266 Y152.435957 Z42.44
G0 X137.102509 Y151.629332 Z42.46
G0 X137.025653 Y150.816277 Z42.48
G0 X137 Y150 Z42.5
G0 X137.025653 Y149.183723 Z42.52
G0 X137.102509 Y148.370668 Z42.54
G0 X137.230266 Y147.564043 Z42.56
G0 X137.408419 Y146.767031 Z42.58
G0 X137.636265 Y145.982779 Z42.6
G0 X137.912906 Y145.214381 Z42.62
G0 X138.237248 Y144.464869 Z42.64
G0 X138.608013 Y143.737202 Z42.66
G0 X139.023737 Y143.034252 Z42.68
G0 X139.482779 Y142.358792 Z42.7
G0 X139.983328 Y141.713488 Z42.72
G0 X140.523408 Y141.100888 Z42.74
G0 X141.100888 Y140.523408 Z42.76
G0 X141.713488 Y139.983328 Z42.78
G0 X142.358792 Y139.482779 Z42.8
G0 X143.034252 Y139.023737 Z42.82
G0 X143.737202 Y138.608013 Z42.84
G0 X144.464869 Y138.237248 Z42.86
G0 X145.214381 Y137.912906 Z42.88
G0 X145.982779 Y137.636265 Z42.9
G0 X146.767031 Y137.408419 Z42.92
G0 X147.564043 Y137.230266 Z42.94
G0 X148.370668 Y137.102509 Z42.96
G0 X149.183723 Y137.025653 Z42.98
G0 X150 Y137 Z43
G0 X150.816277 Y137.025653 Z43.02
G0 X151.629332 Y137.102509 Z43.04
G0 X152.435957 Y137.230266 Z43.06
G0 X153.232969 Y137.408419 Z43.08
G0 X154.017221 Y137.636265 Z43.1
G0 X154.785619 Y137.912906 Z43.12
G0 X155.535131 Y138.237248 Z43.14
G0 X156.262798 Y138.608013 Z43.16
G0 X156.965748 Y139.023737 Z43.18
G0 X157.641208 Y139.482779 Z43.2
G0 X158.286512 Y139.983328 Z43.22
G0 X158.899112 Y140.523408 Z43.24
G0 X159.476592 Y141.100888 Z43.26
G0 X160.016672 Y141.713488 Z43.28
G0 X160.517221 Y142.358792 Z43.3
G0 X160.976263 Y143.034252 Z43.32
G0 X161.391987 Y143.737202 Z43.34
G0 X161.762752 Y144.464869 Z43.36
G0 X162.087094 Y145.214381 Z43.38
G0 X162.363735 Y145.982779 Z43.4
G0 X162.591581 Y146.767031 Z43.42
G0 X162.769734 Y147.564043 Z43.44
G0 X162.897491 Y148.370668 Z43.46
G0 X162.974347 Y149.183723 Z43.48
G0 X163 Y150 Z43.5
G0 X162.974347 Y150.816277 Z43.52
G0 X162.897491 Y151.629332 Z43.54
G0 X162.769734 Y152.435957 Z43.56
G0 X162.591581 Y153.232969 Z43.58
G0 X162.363735 Y154.017221 Z43.6
G0 X162.087094 Y154.785619 Z43.62
G0 X161.762752 Y155.535131 Z43.64
G0 X161.391987 Y156.262798 Z43.66
G0 X160.976263 Y156.965748 Z43.68
G0 X160.517221 Y157.641208 Z43.7
G0 X160.016672 Y158.286512 Z43.72
G0 X159.476592 Y158.899112 Z43.74
G0 X158.899112 Y159.476592 Z43.76
G0 X158.286512 Y160.016672 Z43.78
G0 X157.641208 Y160.517221 Z43.8
G0 X156.965748 Y160.976263 Z43.82
G0 X156.262798 Y161.391987 Z43.84
G0 X155.535131 Y161.762752 Z43.86
G0 X154.785619 Y162.087094 Z43.88
G0 X154.017221 Y162.363735 Z43.9
G0 X153.232969 Y162.591581 Z43.92
G0 X152.435957 Y162.769734 Z43.94
G0 X151.629332 Y162.897491 Z43.96
G0 X150.816277 Y162.974347 Z43.98
G0 X150 Y163 Z44
G0 X149.183723 Y162.974347 Z44.02
G0 X148.370668 Y162.897491 Z44.04
G0 X147.564043 Y162.769734 Z44.06
G0 X146.767031 Y162.591581 Z44.08
G0 X145.982779 Y162.363735 Z44.1
G0 X145.214381 Y162.087094 Z44.12
G0 X144.464869 Y161.762752 Z44.14
G0 X143.737202 Y161.391987 Z44.16
G0 X143.034252 Y160.976263 Z44.18
G0 X142.358792 Y160.517221 Z44.2
G0 X141.713488 Y160.016672 Z44.22
G0 X141.100888 Y159.476592 Z44.24
G0 X140.523408 Y158.899112 Z44.26
G0 X139.983328 Y158.286512 Z44.28
G0 X139.482779 Y157.641208 Z44.3
G0 X139.023737 Y156.965748 Z44.32
G0 X138.608013 Y156.262798 Z44.34
G0 X138.237248 Y155.535131 Z44.36
G0 X137.912906 Y154.785619 Z44.38
G0 X137.636265 Y154.017221 Z44.4
G0 X137.408419 Y153.232969 Z44.42
G0 X137.230266 Y152.435957 Z44.44
G0 X137.102509 Y151.629332 Z44.46
G0 X137.025653 Y150.816277 Z44.48
G0 X137 Y150 Z44.5
G0 X137.025653 Y149.183723 Z44.52
G0 X137.102509 Y148.370668 Z44.54
G0 X137.230266 Y147.564043 Z44.56
G0 X137.408419 Y146.767031 Z44.58
G0 X137.636265 Y145.982779 Z44.6
G0 X137.912906 Y145.214381 Z44.62
G0 X138.237248 Y144.464869 Z44.64
G0 X138.608013 Y143.737202 Z44.66
G0 X139.023737 Y143.034252 Z44.68
G0 X139.482779 Y142.358792 Z44.7
G0 X139.983328 Y141.713488 Z44.72
G0 X140.523408 Y141.100888 Z44.74
G0 X141.100888 Y140.523408 Z44.76
G0 X141.713488 Y139.983328 Z44.78
G0 X142.358792 Y139.482779 Z44.8
G0 X143.034252 Y139.023737 Z44.82
G0 X143.737202 Y138.608013 Z44.84
G0 X144.464869 Y138.237248 Z44.86
G0 X145.214381 Y137.912906 Z44.88
G0 X145.982779 Y137.636265 Z44.9
G0 X146.767031 Y137.408419 Z44.92
G0 X147.564043 Y137.230266 Z44.94
G0 X148.370668 Y137.102509 Z44.96
G0 X149.183723 Y137.025653 Z44.98
G0 X150 Y137 Z45
G0 X150.816277 Y137.025653 Z45.02
G0 X151.629332 Y137.102509 Z45.04
G0 X152.435957 Y137.230266 Z45.06
G0 X153.232969 Y137.408419 Z45.08
G0 X154.017221 Y137.636265 Z45.1
G0 X154.785619 Y137.912906 Z45.12
G0 X155.535131 Y138.237248 Z45.14
G0 X156.262798 Y138.608013 Z45.16
G0 X156.965748 Y139.023737 Z45.18
G0 X157.641208 Y139.482779 Z45.2
G0 X158.286512 Y139.983328 Z45.22
G0 X158.899112 Y140.523408 Z45.24
G0 X159.476592 Y141.100888 Z45.26
G0 X160.016672 Y141.713488 Z45.28
G0 X160.517221 Y142.358792 Z45.3
G0 X160.976263 Y143.034252 Z45.32
G0 X161.391987 Y143.737202 Z45.34
G0 X161.762752 Y144.464869 Z45.36
G0 X162.087094 Y145.214381 Z45.38
G0 X162.363735 Y145.982779 Z45.4
G0 X162.591581 Y146.767031 Z45.42
G0 X162.769734 Y147.564043 Z45.44
G0 X162.897491 Y148.370668 Z45.46
G0 X162.974347 Y149.183723 Z45.48
G0 X163 Y150 Z45.5
G0 X162.974347 Y150.816277 Z45.52
G0 X162.897491 Y151.629332 Z45.54
G0 X162.769734 Y152.435957 Z45.56
G0 X162.591581 Y153.232969 Z45.58
G0 X162.363735 Y154.017221 Z45.6
G0 X162.087094 Y154.785619 Z45.62
G0 X161.762752 Y155.535131 Z45.64
G0 X161.391987 Y156.262798 Z45.66
G0 X160.976263 Y156.965748 Z45.68
G0 X160.517221 Y157.641208 Z45.7
G0 X160.016672 Y158.286512 Z45.72
G0 X159.476592 Y158.899112 Z45.74
G0 X158.899112 Y159.476592 Z45.76
G0 X158.286512 Y160.016672 Z45.78
G0 X157.641208 Y160.517221 Z45.8
G0 X156.965748 Y160.976263 Z45.82
G0 X156.262798 Y161.391987 Z45.84
G0 X155.535131 Y161.762752 Z45.86
G0 X154.785619 Y162.087094 Z45.88
G0 X154.017221 Y162.363735 Z45.9
G0 X153.232969 Y162.591581 Z45.92
G0 X152.435957 Y162.769734 Z45.94
G0 X151.629332 Y162.897491 Z45.96
G0 X150.816277 Y162.974347 Z45.98
G0 X150 Y163 Z46
G0 X149.183723 Y162.974347 Z46.02
G0 X148.370668 Y162.897491 Z46.04
G0 X147.564043 Y162.769734 Z46.06
G0 X146.767031 Y162.591581 Z46.08
G0 X145.982779 Y162.363735 Z46.1
G0 X145.214381 Y162.087094 Z46.12
G0 X144.464869 Y161.762752 Z46.14
G0 X143.737202 Y161.391987 Z46.16
G0 X143.034252 Y160.976263 Z46.18
G0 X142.358792 Y160.517221 Z46.2
G0 X141.713488 Y160.016672 Z46.22
G0 X141.100888 Y159.476592 Z46.24
G0 X140.523408 Y158.899112 Z46.26
G0 X139.983328 Y158.286512 Z46.28
G0 X139.482779 Y157.641208 Z46.3
G0 X139.023737 Y156.965748 Z46.32
G0 X138.608013 Y156.262798 Z46.34
G0 X138.237248 Y155.535131 Z46.36
G0 X137.912906 Y154.785619 Z46.38
G0 X137.636265 Y154.017221 Z46.4
G0 X137.408419 Y153.232969 Z46.42
G0 X137.230266 Y152.435957 Z46.44
G0 X137.102509 Y151.629332 Z46.46
G0 X137.025653 Y150.816277 Z46.48
G0 X137 Y150 Z46.5
G0 X137.025653 Y149.183723 Z46.52
G0 X137.102509 Y148.370668 Z46.54
G0 X137.230266 Y147.564043 Z46.56
G0 X137.408419 Y146.767031 Z46.58
G0 X137.636265 Y145.982779 Z46.6
G0 X137.912906 Y145.214381 Z46.62
G0 X138.237248 Y144.464869 Z46.64
G0 X138.608013 Y143.737202 Z46.66
G0 X139.023737 Y143.034252 Z46.68
G0 X139.482779 Y142.358792 Z46.7
G0 X139.983328 Y141.713488 Z46.72
G0 X140.523408 Y141.100888 Z46.74
G0 X141.100888 Y140.523408 Z46.76
G0 X141.713488 Y139.983328 Z46.78
G0 X142.358792 Y139.482779 Z46.8
G0 X143.034252 Y139.023737 Z46.82
G0 X143.737202 Y138.608013 Z46.84
G0 X144.464869 Y138.237248 Z46.86
G0 X145.214381 Y137.912906 Z46.88
G0 X145.982779 Y137.636265 Z46.9
G0 X146.767031 Y137.408419 Z46.92
G0 X147.564043 Y137.230266 Z46.94
G0 X148.370668 Y137.102509 Z46.96
G0 X149.183723 Y137.025653 Z46.98
G0 X150 Y137 Z47
G0 X150.816277 Y137.025653 Z47.02
G0 X151.629332 Y137.102509 Z47.04
G0 X152.435957 Y137.230266 Z47.06
G0 X153.232969 Y137.408419 Z47.08
G0 X154.017221 Y137.636265 Z47.1
G0 X154.785619 Y137.912906 Z47.12
G0 X155.535131 Y138.237248 Z47.14
G0 X156.262798 Y138.608013 Z47.16
G0 X156.965748 Y139.023737 Z47.18
G0 X157.641208 Y139.482779 Z47.2
G0 X158.286512 Y139.983328 Z47.22
G0 X158.899112 Y140.523408 Z47.24
G0 X159.476592 Y141.100888 Z47.26
G0 X160.016672 Y141.713488 Z47.28
G0 X160.517221 Y142.358792 Z47.3
G0 X160.976263 Y143.034252 Z47.32
G0 X161.391987 Y143.737202 Z47.34
G0 X161.762752 Y144.464869 Z47.36
G0 X162.087094 Y145.214381 Z47.38
G0 X162.363735 Y145.982779 Z47.4
G0 X162.591581 Y146.767031 Z47.42
G0 X162.769734 Y147.564043 Z47.44
G0 X162.897491 Y148.370668 Z47.46
G0 X162.974347 Y149.183723 Z47.48
G0 X163 Y150 Z47.5
G0 X162.974347 Y150.816277 Z47.52
G0 X162.897491 Y151.629332 Z47.54
G0 X162.769734 Y152.435957 Z47.56
G0 X162.591581 Y153.232969 Z47.58
G0 X162.363735 Y154.017221 Z47.6
G0 X162.087094 Y154.785619 Z47.62
G0 X161.762752 Y155.535131 Z47.64
G0 X161.391987 Y156.262798 Z47.66
G0 X160.976263 Y156.965748 Z47.68
G0 X160.517221 Y157.641208 Z47.7
G0 X160.016672 Y158.286512 Z47.72
G0 X159.476592 Y158.899112 Z47.74
G0 X158.899112 Y159.476592 Z47.76
G0 X158.286512 Y160.016672 Z47.78
G0 X157.641208 Y160.517221 Z47.8
G0 X156.965748 Y160.976263 Z47.82
G0 X156.262798 Y161.391987 Z47.84
G0 X155.535131 Y161.762752 Z47.86
G0 X154.785619 Y162.087094 Z47.88
G0 X154.017221 Y162.363735 Z47.9
G0 X153.232969 Y162.591581 Z47.92
G0 X152.435957 Y162.769734 Z47.94
G0 X151.629332 Y162.897491 Z47.96
G0 X150.816277 Y162.974347 Z47.98
G0 X150 Y163 Z48
G0 X149.183723 Y162.974347 Z48.02
G0 X148.370668 Y162.897491 Z48.04
G0 X147.564043 Y162.769734 Z48.06
G0 X146.767031 Y162.591581 Z48.08
G0 X145.982779 Y162.363735 Z48.1
G0 X145.214381 Y162.087094 Z48.12
G0 X144.464869 Y161.762752 Z48.14
G0 X143.737202 Y161.391987 Z48.16
G0 X143.034252 Y160.976263 Z48.18
G0 X142.358792 Y160.517221 Z48.2
G0 X141.713488 Y160.016672 Z48.22
G0 X141.100888 Y159.476592 Z48.24
G0 X140.523408 Y158.899112 Z48.26
G0 X139.983328 Y158.286512 Z48.28
G0 X139.482779 Y157.641208 Z48.3
G0 X139.023737 Y156.965748 Z48.32
G0 X138.608013 Y156.262798 Z48.34
G0 X138.237248 Y155.535131 Z48.36
G0 X137.912906 Y154.785619 Z48.38
G0 X137.636265 Y154.017221 Z48.4
G0 X137.408419 Y153.232969 Z48.42
G0 X137.230266 Y152.435957 Z48.44
G0 X137.102509 Y151.629332 Z48.46
G0 X137.025653 Y150.816277 Z48.48
G0 X137 Y150 Z48.5
G0 X137.025653 Y149.183723 Z48.52
G0 X137.102509 Y148.370668 Z48.54
G0 X137.230266 Y147.564043 Z48.56
G0 X137.408419 Y146.767031 Z48.58
G0 X137.636265 Y145.982779 Z48.6
G0 X137.912906 Y145.214381 Z48.62
G0 X138.237248 Y144.464869 Z48.64
G0 X138.608013 Y143.737202 Z48.66
G0 X139.023737 Y143.034252 Z48.68
G0 X139.482779 Y142.358792 Z48.7
G0 X139.983328 Y141.713488 Z48.72
G0 X140.523408 Y141.100888 Z48.74
G0 X141.100888 Y140.523408 Z48.76
G0 X141.713488 Y139.983328 Z48.78
G0 X142.358792 Y139.482779 Z48.8
G0 X143.034252 Y139.023737 Z48.82
G0 X143.737202 Y138.608013 Z48.84
G0 X144.464869 Y138.237248 Z48.86
G0 X145.214381 Y137.912906 Z48.88
G0 X145.982779 Y137.636265 Z48.9
G0 X146.767031 Y137.408419 Z48.92
G0 X147.564043 Y137.230266 Z48.94
G0 X148.370668 Y137.102509 Z48.96
G0 X149.183723 Y137.025653 Z48.98
G0 X150 Y137 Z49
G0 X150.816277 Y137.025653 Z49.02
G0 X151.629332 Y137.102509 Z49.04
G0 X152.435957 Y137.230266 Z49.06
G0 X153.232969 Y137.408419 Z49.08
G0 X154.017221 Y137.636265 Z49.1
G0 X154.785619 Y137.912906 Z49.12
G0 X155.535131 Y138.237248 Z49.14
G0 X156.262798 Y138.608013 Z49.16
G0 X156.965748 Y139.023737 Z49.18
G0 X157.641208 Y139.482779 Z49.2
G0 X158.286512 Y139.983328 Z49.22
G0 X158.899112 Y140.523408 Z49.24
G0 X159.476592 Y141.100888 Z49.26
G0 X160.016672 Y141.713488 Z49.28
G0 X160.517221 Y142.358792 Z49.3
G0 X160.976263 Y143.034252 Z49.32
G0 X161.391987 Y143.737202 Z49.34
G0 X161.762752 Y144.464869 Z49.36
G0 X162.087094 Y145.214381 Z49.38
G0 X162.363735 Y145.982779 Z49.4
G0 X162.591581 Y146.767031 Z49.42
G0 X162.769734 Y147.564043 Z49.44
G0 X162.897491 Y148.370668 Z49.46
G0 X162.974347 Y149.183723 Z49.48
G0 X163 Y150 Z49.5
G0 X162.974347 Y150.816277 Z49.52
G0 X162.897491 Y151.629332 Z49.54
G0 X162.769734 Y152.435957 Z49.56
G0 X162.591581 Y153.232969 Z49.58
G0 X162.363735 Y154.017221 Z49.6
G0 X162.087094 Y154.785619 Z49.62
G0 X161.762752 Y155.535131 Z49.64
G0 X161.391987 Y156.262798 Z49.66
G0 X160.976263 Y156.965748 Z49.68
G0 X160.517221 Y157.641208 Z49.7
G0 X160.016672 Y158.286512 Z49.72
G0 X159.476592 Y158.899112 Z49.74
G0 X158.899112 Y159.476592 Z49.76
G0 X158.286512 Y160.016672 Z49.78
G0 X157.641208 Y160.517221 Z49.8
G0 X156.965748 Y160.976263 Z49.82
G0 X156.262798 Y161.391987 Z49.84
G0 X155.535131 Y161.762752 Z49.86
G0 X154.785619 Y162.087094 Z49.88
G0 X154.017221 Y162.363735 Z49.9
G0 X153.232969 Y162.591581 Z49.92
G0 X152.435957 Y162.769734 Z49.94
G0 X151.629332 Y162.897491 Z49.96
G0 X150.816277 Y162.974347 Z49.98
G0 X150 Y163 Z50
G0 X149.183723 Y162.974347 Z50.02
G0 X148.370668 Y162.897491 Z50.04
G0 X147.564043 Y162.769734 Z50.06
G0 X146.767031 Y162.591581 Z50.08
G0 X145.982779 Y162.363735 Z50.1
G0 X145.214381 Y162.087094 Z50.12
G0 X144.464869 Y161.762752 Z50.14
G0 X143.737202 Y161.391987 Z50.16
G0 X143.034252 Y160.976263 Z50.18
G0 X142.358792 Y160.517221 Z50.2
G0 X141.713488 Y160.016672 Z50.22
G0 X141.100888 Y159.476592 Z50.24
G0 X140.523408 Y158.899112 Z50.26
G0 X139.983328 Y158.286512 Z50.28
G0 X139.482779 Y157.641208 Z50.3
G0 X139.023737 Y156.965748 Z50.32
G0 X138.608013 Y156.262798 Z50.34
G0 X138.237248 Y155.535131 Z50.36
G0 X137.912906 Y154.785619 Z50.38
G0 X137.636265 Y154.017221 Z50.4
G0 X137.408419 Y153.232969 Z50.42
G0 X137.230266 Y152.435957 Z50.44
G0 X137.102509 Y151.629332 Z50.46
G0 X137.025653 Y150.816277 Z50.48
G0 X137 Y150 Z50.5
G0 X137.025653 Y149.183723 Z50.52
G0 X137.102509 Y148.370668 Z50.54
G0 X137.230266 Y147.564043 Z50.56
G0 X137.408419 Y146.767031 Z50.58
G0 X137.636265 Y145.982779 Z50.6
G0 X137.912906 Y145.214381 Z50.62
G0 X138.237248 Y144.464869 Z50.64
G0 X138.608013 Y143.737202 Z50.66
G0 X139.023737 Y143.034252 Z50.68
G0 X139.482779 Y142.358792 Z50.7
G0 X139.983328 Y141.713488 Z50.72
G0 X140.523408 Y141.100888 Z50.74
G0 X141.100888 Y140.523408 Z50.76
G0 X141.713488 Y139.983328 Z50.78
G0 X142.358792 Y139.482779 Z50.8
G0 X143.034252 Y139.023737 Z50.82
G0 X143.737202 Y138.608013 Z50.84
G0 X144.464869 Y138.237248 Z50.86
G0 X145.214381 Y137.912906 Z50.88
G0 X145.982779 Y137.636265 Z50.9
G0 X146.767031 Y137.408419 Z50.92
G0 X147.564043 Y137.230266 Z50.94
G0 X148.370668 Y137.102509 Z50.96
G0 X149.183723 Y137.025653 Z50.98
G0 X150 Y137 Z51
G0 X150.816277 Y137.025653 Z51.02
G0 X151.629332 Y137.102509 Z51.04
G0 X152.435957 Y137.230266 Z51.06
G0 X153.232969 Y137.408419 Z51.08
G0 X154.017221 Y137.636265 Z51.1
G0 X154.785619 Y137.912906 Z51.12
G0 X155.535131 Y138.237248 Z51.14
G0 X156.262798 Y138.608013 Z51.16
G0 X156.965748 Y139.023737 Z51.18
G0 X157.641208 Y139.482779 Z51.2
G0 X158.286512 Y139.983328 Z51.22
G0 X158.899112 Y140.523408 Z51.24
G0 X159.476592 Y141.100888 Z51.26
G0 X160.016672 Y141.713488 Z51.28
G0 X160.517221 Y142.358792 Z51.3
G0 X160.976263 Y143.034252 Z51.32
G0 X161.391987 Y143.737202 Z51.34
G0 X161.762752 Y144.464869 Z51.36
G0 X162.087094 Y145.214381 Z51.38
G0 X162.363735 Y145.982779 Z51.4
G0 X162.591581 Y146.767031 Z51.42
G0 X162.769734 Y147.564043 Z51.44
G0 X162.897491 Y148.370668 Z51.46
G0 X162.974347 Y149.183723 Z51.48
G0 X163 Y150 Z51.5
G0 X162.974347 Y150.816277 Z51.52
G0 X162.897491 Y151.629332 Z51.54
G0 X162.769734 Y152.435957 Z51.56
G0 X162.591581 Y153.232969 Z51.58
G0 X162.363735 Y154.017221 Z51.6
G0 X162.087094 Y154.785619 Z51.62
G0 X161.762752 Y155.535131 Z51.64
G0 X161.391987 Y156.262798 Z51.66
G0 X160.976263 Y156.965748 Z51.68
G0 X160.517221 Y157.641208 Z51.7
G0 X160.016672 Y158.286512 Z51.72
G0 X159.476592 Y158.899112 Z51.74
G0 X158.899112 Y159.476592 Z51.76
G0 X158.286512 Y160.016672 Z51.78
G0 X157.641208 Y160.517221 Z51.8
G0 X156.965748 Y160.976263 Z51.82
G0 X156.262798 Y161.391987 Z51.84
G0 X155.535131 Y161.762752 Z51.86
G0 X154.785619 Y162.087094 Z51.88
G0 X154.017221 Y162.363735 Z51.9
G0 X153.232969 Y162.591581 Z51.92
G0 X152.435957 Y162.769734 Z51.94
G0 X151.629332 Y162.897491 Z51.96
G0 X150.816277 Y162.974347 Z51.98
G0 X150 Y163 Z52
G0 X149.183723 Y162.974347 Z52.02
G0 X148.370668 Y162.897491 Z52.04
G0 X147.564043 Y162.769734 Z52.06
G0 X146.767031 Y162.591581 Z52.08
G0 X145.982779 Y162.363735 Z52.1
G0 X145.214381 Y162.087094 Z52.12
G0 X144.464869 Y161.762752 Z52.14
G0 X143.737202 Y161.391987 Z52.16
G0 X143.034252 Y160.976263 Z52.18
G0 X142.358792 Y160.517221 Z52.2
G0 X141.713488 Y160.016672 Z52.22
G0 X141.100888 Y159.476592 Z52.24
G0 X140.523408 Y158.899112 Z52.26
G0 X139.983328 Y158.286512 Z52.28
G0 X139.482779 Y157.641208 Z52.3
G0 X139.023737 Y156.965748 Z52.32
G0 X138.608013 Y156.262798 Z52.34
G0 X138.237248 Y155.535131 Z52.36
G0 X137.912906 Y154.785619 Z52.38
G0 X137.636265 Y154.017221 Z52.4
G0 X137.408419 Y153.232969 Z52.42
G0 X137.230266 Y152.435957 Z52.44
G0 X137.102509 Y151.629332 Z52.46
G0 X137.025653 Y150.816277 Z52.48
G0 X137 Y150 Z52.5
G0 X137.025653 Y149.183723 Z52.52
G0 X137.102509 Y148.370668 Z52.54
G0 X137.230266 Y147.564043 Z52.56
G0 X137.408419 Y146.767031 Z52.58
G0 X137.636265 Y145.982779 Z52.6
G0 X137.912906 Y145.214381 Z52.62
G0 X138.237248 Y144.464869 Z52.64
G0 X138.608013 Y143.737202 Z52.66
G0 X139.023737 Y143.034252 Z52.68
G0 X139.482779 Y142.358792 Z52.7
G0 X139.983328 Y141.713488 Z52.72
G0 X140.523408 Y141.100888 Z52.74
G0 X141.100888 Y140.523408 Z52.76
G0 X141.713488 Y139.983328 Z52.78
G0 X142.358792 Y139.482779 Z52.8
G0 X143.034252 Y139.023737 Z52.82
G0 X143.737202 Y138.608013 Z52.84
G0 X144.464869 Y138.237248 Z52.86
G0 X145.214381 Y137.912906 Z52.88
G0 X145.982779 Y137.636265 Z52.9
G0 X146.767031 Y137.408419 Z52.92
G0 X147.564043 Y137.230266 Z52.94
G0 X148.370668 Y137.102509 Z52.96
G0 X149.183723 Y137.025653 Z52.98
G0 X150 Y137 Z53
G0 X150.816277 Y137.025653 Z53.02
G0 X151.629332 Y137.102509 Z53.04
G0 X152.435957 Y137.230266 Z53.06
G0 X153.232969 Y137.408419 Z53.08
G0 X154.017221 Y137.636265 Z53.1
G0 X154.785619 Y137.912906 Z53.12
G0 X155.535131 Y138.237248 Z53.14
G0 X156.262798 Y138.608013 Z53.16
G0 X156.965748 Y139.023737 Z53.18
G0 X157.641208 Y139.482779 Z53.2
G0 X158.286512 Y139.983328 Z53.22
G0 X158.899112 Y140.523408 Z53.24
G0 X159.476592 Y141.100888 Z53.26
G0 X160.016672 Y141.713488 Z53.28
G0 X160.517221 Y142.358792 Z53.3
G0 X160.976263 Y143.034252 Z53.32
G0 X161.391987 Y143.737202 Z53.34
G0 X161.762752 Y144.464869 Z53.36
G0 X162.087094 Y145.214381 Z53.38
G0 X162.363735 Y145.982779 Z53.4
G0 X162.591581 Y146.767031 Z53.42
G0 X162.769734 Y147.564043 Z53.44
G0 X162.897491 Y148.370668 Z53.46
G0 X162.974347 Y149.183723 Z53.48
G0 X163 Y150 Z53.5
G0 X162.974347 Y150.816277 Z53.52
G0 X162.897491 Y151.629332 Z53.54
G0 X162.769734 Y152.435957 Z53.56
G0 X162.591581 Y153.232969 Z53.58
G0 X162.363735 Y154.017221 Z53.6
G0 X162.087094 Y154.785619 Z53.62
G0 X161.762752 Y155.535131 Z53.64
G0 X161.391987 Y156.262798 Z53.66
G0 X160.976263 Y156.965748 Z53.68
G0 X160.517221 Y157.641208 Z53.7
G0 X160.016672 Y158.286512 Z53.72
G0 X159.476592 Y158.899112 Z53.74
G0 X158.899112 Y159.476592 Z53.76
G0 X158.286512 Y160.016672 Z53.78
G0 X157.641208 Y160.517221 Z53.8
G0 X156.965748 Y160.976263 Z53.82
G0 X156.262798 Y161.391987 Z53.84
G0 X155.535131 Y161.762752 Z53.86
G0 X154.785619 Y162.087094 Z53.88
G0 X154.017221 Y162.363735 Z53.9
G0 X153.232969 Y162.591581 Z53.92
G0 X152.435957 Y162.769734 Z53.94
G0 X151.629332 Y162.897491 Z53.96
G0 X150.816277 Y162.974347 Z53.98
G0 X150 Y163 Z54
G0 X149.183723 Y162.974347 Z54.02
G0 X148.370668 Y162.897491 Z54.04
G0 X147.564043 Y162.769734 Z54.06
G0 X146.767031 Y162.591581 Z54.08
G0 X145.982779 Y162.363735 Z54.1
G0 X145.214381 Y162.087094 Z54.12
G0 X144.464869 Y161.762752 Z54.14
G0 X143.737202 Y161.391987 Z54.16
G0 X143.034252 Y160.976263 Z54.18
G0 X142.358792 Y160.517221 Z54.2
G0 X141.713488 Y160.016672 Z54.22
G0 X141.100888 Y159.476592 Z54.24
G0 X140.523408 Y158.899112 Z54.26
G0 X139.983328 Y158.286512 Z54.28
G0 X139.482779 Y157.641208 Z54.3
G0 X139.023737 Y156.965748 Z54.32
G0 X138.608013 Y156.262798 Z54.34
G0 X138.237248 Y155.535131 Z54.36
G0 X137.912906 Y154.785619 Z54.38
G0 X137.636265 Y154.017221 Z54.4
G0 X137.408419 Y153.232969 Z54.42
G0 X137.230266 Y152.435957 Z54.44
G0 X137.102509 Y151.629332 Z54.46
G0 X137.025653 Y150.816277 Z54.48
G0 X137 Y150 Z54.5
G0 X137.025653 Y149.183723 Z54.52
G0 X137.102509 Y148.370668 Z54.54
G0 X137.230266 Y147.564043 Z54.56
G0 X137.408419 Y146.767031 Z54.58
G0 X137.636265 Y145.982779 Z54.6
G0 X137.912906 Y145.214381 Z54.62
G0 X138.237248 Y144.464869 Z54.64
G0 X138.608013 Y143.737202 Z54.66
G0 X139.023737 Y143.034252 Z54.68
G0 X139.482779 Y142.358792 Z54.7
G0 X139.983328 Y141.713488 Z54.72
G0 X140.523408 Y141.100888 Z54.74
G0 X141.100888 Y140.523408 Z54.76
G0 X141.713488 Y139.983328 Z54.78
G0 X142.358792 Y139.482779 Z54.8
G0 X143.034252 Y139.023737 Z54.82
G0 X143.737202 Y138.608013 Z54.84
G0 X144.464869 Y138.237248 Z54.86
G0 X145.214381 Y137.912906 Z54.88
G0 X145.982779 Y137.636265 Z54.9
G0 X146.767031 Y137.408419 Z54.92
G0 X147.564043 Y137.230266 Z54.94
G0 X148.370668 Y137.102509 Z54.96
G0 X149.183723 Y137.025653 Z54.98
G0 X150 Y137 Z55
G0 X150.816277 Y137.025653 Z55.02
G0 X151.629332 Y137.102509 Z55.04
G0 X152.435957 Y137.230266 Z55.06
G0 X153.232969 Y137.408419 Z55.08
G0 X154.017221 Y137.636265 Z55.1
G0 X154.785619 Y137.912906 Z55.12
G0 X155.535131 Y138.237248 Z55.14
G0 X156.262798 Y138.608013 Z55.16
G0 X156.965748 Y139.023737 Z55.18
G0 X157.641208 Y139.482779 Z55.2
G0 X158.286512 Y139.983328 Z55.22
G0 X158.899112 Y140.523408 Z55.24
G0 X159.476592 Y141.100888 Z55.26
G0 X160.016672 Y141.713488 Z55.28
G0 X160.517221 Y142.358792 Z55.3
G0 X160.976263 Y143.034252 Z55.32
G0 X161.391987 Y143.737202 Z55.34
G0 X161.762752 Y144.464869 Z55.36
G0 X162.087094 Y145.214381 Z55.38
G0 X162.363735 Y145.982779 Z55.4
G0 X162.591581 Y146.767031 Z55.42
G0 X162.769734 Y147.564043 Z55.44
G0 X162.897491 Y148.370668 Z55.46
G0 X162.974347 Y149.183723 Z55.48
G0 X163 Y150 Z55.5
G0 X162.974347 Y150.816277 Z55.52
G0 X162.897491 Y151.629332 Z55.54
G0 X162.769734 Y152.435957 Z55.56
G0 X162.591581 Y153.232969 Z55.58
G0 X162.363735 Y154.017221 Z55.6
G0 X162.087094 Y154.785619 Z55.62
G0 X161.762752 Y155.535131 Z55.64
G0 X161.391987 Y156.262798 Z55.66
G0 X160.976263 Y156.965748 Z55.68
G0 X160.517221 Y157.641208 Z55.7
G0 X160.016672 Y158.286512 Z55.72
G0 X159.476592 Y158.899112 Z55.74
G0 X158.899112 Y159.476592 Z55.76
G0 X158.286512 Y160.016672 Z55.78
G0 X157.641208 Y160.517221 Z55.8
G0 X156.965748 Y160.976263 Z55.82
G0 X156.262798 Y161.391987 Z55.84
G0 X155.535131 Y161.762752 Z55.86
G0 X154.785619 Y162.087094 Z55.88
G0 X154.017221 Y162.363735 Z55.9
G0 X153.232969 Y162.591581 Z55.92
G0 X152.435957 Y162.769734 Z55.94
G0 X151.629332 Y162.897491 Z55.96
G0 X150.816277 Y162.974347 Z55.98
G0 X150 Y163 Z56
G0 X149.183723 Y162.974347 Z56.02
G0 X148.370668 Y162.897491 Z56.04
G0 X147.564043 Y162.769734 Z56.06
G0 X146.767031 Y162.591581 Z56.08
G0 X145.982779 Y162.363735 Z56.1
G0 X145.214381 Y162.087094 Z56.12
G0 X144.464869 Y161.762752 Z56.14
G0 X143.737202 Y161.391987 Z56.16
G0 X143.034252 Y160.976263 Z56.18
G0 X142.358792 Y160.517221 Z56.2
G0 X141.713488 Y160.016672 Z56.22
G0 X141.100888 Y159.476592 Z56.24
G0 X140.523408 Y158.899112 Z56.26
G0 X139.983328 Y158.286512 Z56.28
G0 X139.482779 Y157.641208 Z56.3
G0 X139.023737 Y156.965748 Z56.32
G0 X138.608013 Y156.262798 Z56.34
G0 X138.237248 Y155.535131 Z56.36
G0 X137.912906 Y154.785619 Z56.38
G0 X137.636265 Y154.017221 Z56.4
G0 X137.408419 Y153.232969 Z56.42
G0 X137.230266 Y152.435957 Z56.44
G0 X137.102509 Y151.629332 Z56.46
G0 X137.025653 Y150.816277 Z56.48
G0 X137 Y150 Z56.5
G0 X137.025653 Y149.183723 Z56.52
G0 X137.102509 Y148.370668 Z56.54
G0 X137.230266 Y147.564043 Z56.56
G0 X137.408419 Y146.767031 Z56.58
G0 X137.636265 Y145.982779 Z56.6
G0 X137.912906 Y145.214381 Z56.62
G0 X138.237248 Y144.464869 Z56.64
G0 X138.608013 Y143.737202 Z56.66
G0 X139.023737 Y143.034252 Z56.68
G0 X139.482779 Y142.358792 Z56.7
G0 X139.983328 Y141.713488 Z56.72
G0 X140.523408 Y141.100888 Z56.74
G0 X141.100888 Y140.523408 Z56.76
G0 X141.713488 Y139.983328 Z56.78
G0 X142.358792 Y139.482779 Z56.8
G0 X143.034252 Y139.023737 Z56.82
G0 X143.737202 Y138.608013 Z56.84
G0 X144.464869 Y138.237248 Z56.86
G0 X145.214381 Y137.912906 Z56.88
G0 X145.982779 Y137.636265 Z56.9
G0 X146.767031 Y137.408419 Z56.92
G0 X147.564043 Y137.230266 Z56.94
G0 X148.370668 Y137.102509 Z56.96
G0 X149.183723 Y137.025653 Z56.98
G0 X150 Y137 Z57
G0 X150.816277 Y137.025653 Z57.02
G0 X151.629332 Y137.102509 Z57.04
G0 X152.435957 Y137.230266 Z57.06
G0 X153.232969 Y137.408419 Z57.08
G0 X154.017221 Y137.636265 Z57.1
G0 X154.785619 Y137.912906 Z57.12
G0 X155.535131 Y138.237248 Z57.14
G0 X156.262798 Y138.608013 Z57.16
G0 X156.965748 Y139.023737 Z57.18
G0 X157.641208 Y139.482779 Z57.2
G0 X158.286512 Y139.983328 Z57.22
G0 X158.899112 Y140.523408 Z57.24
G0 X159.476592 Y141.100888 Z57.26
G0 X160.016672 Y141.713488 Z57.28
G0 X160.517221 Y142.358792 Z57.3
G0 X160.976263 Y143.034252 Z57.32
G0 X161.391987 Y143.737202 Z57.34
G0 X161.762752 Y144.464869 Z57.36
G0 X162.087094 Y145.214381 Z57.38
G0 X162.363735 Y145.982779 Z57.4
G0 X162.591581 Y146.767031 Z57.42
G0 X162.769734 Y147.564043 Z57.44
G0 X162.897491 Y148.370668 Z57.46
G0 X162.974347 Y149.183723 Z57.48
G0 X163 Y150 Z57.5
G0 X162.974347 Y150.816277 Z57.52
G0 X162.897491 Y151.629332 Z57.54
G0 X162.769734 Y152.435957 Z57.56
G0 X162.591581 Y153.232969 Z57.58
G0 X162.363735 Y154.017221 Z57.6
G0 X162.087094 Y154.785619 Z57.62
G0 X161.762752 Y155.535131 Z57.64
G0 X161.391987 Y156.262798 Z57.66
G0 X160.976263 Y156.965748 Z57.68
G0 X160.517221 Y157.641208 Z57.7
G0 X160.016672 Y158.286512 Z57.72
G0 X159.476592 Y158.899112 Z57.74
G0 X158.899112 Y159.476592 Z57.76
G0 X158.286512 Y160.016672 Z57.78
G0 X157.641208 Y160.517221 Z57.8
G0 X156.965748 Y160.976263 Z57.82
G0 X156.262798 Y161.391987 Z57.84
G0 X155.535131 Y161.762752 Z57.86
G0 X154.785619 Y162.087094 Z57.88
G0 X154.017221 Y162.363735 Z57.9
G0 X153.232969 Y162.591581 Z57.92
G0 X152.435957 Y162.769734 Z57.94
G0 X151.629332 Y162.897491 Z57.96
G0 X150.816277 Y162.974347 Z57.98
G0 X150 Y163 Z58
G0 X149.183723 Y162.974347 Z58.02
G0 X148.370668 Y162.897491 Z58.04
G0 X147.564043 Y162.769734 Z58.06
G0 X146.767031 Y162.591581 Z58.08
G0 X145.982779 Y162.363735 Z58.1
G0 X145.214381 Y162.087094 Z58.12
G0 X144.464869 Y161.762752 Z58.14
G0 X143.737202 Y161.391987 Z58.16
G0 X143.034252 Y160.976263 Z58.18
G0 X142.358792 Y160.517221 Z58.2
G0 X141.713488 Y160.016672 Z58.22
G0 X141.100888 Y159.476592 Z58.24
G0 X140.523408 Y158.899112 Z58.26
G0 X139.983328 Y158.286512 Z58.28
G0 X139.482779 Y157.641208 Z58.3
G0 X139.023737 Y156.965748 Z58.32
G0 X138.608013 Y156.262798 Z58.34
G0 X138.237248 Y155.535131 Z58.36
G0 X137.912906 Y154.785619 Z58.38
G0 X137.636265 Y154.017221 Z58.4
G0 X137.408419 Y153.232969 Z58.42
G0 X137.230266 Y152.435957 Z58.44
G0 X137.102509 Y151.629332 Z58.46
G0 X137.025653 Y150.816277 Z58.48
G0 X137 Y150 Z58.5
G0 X137.025653 Y149.183723 Z58.52
G0 X137.102509 Y148.370668 Z58.54
G0 X137.230266 Y147.564043 Z58.56
G0 X137.408419 Y146.767031 Z58.58
G0 X137.636265 Y145.982779 Z58.6
G0 X137.912906 Y145.214381 Z58.62
G0 X138.237248 Y144.464869 Z58.64
G0 X138.608013 Y143.737202 Z58.66
G0 X139.023737 Y143.034252 Z58.68
G0 X139.482779 Y142.358792 Z58.7
G0 X139.983328 Y141.713488 Z58.72
G0 X140.523408 Y141.100888 Z58.74
G0 X141.100888 Y140.523408 Z58.76
G0 X141.713488 Y139.983328 Z58.78
G0 X142.358792 Y139.482779 Z58.8
G0 X143.034252 Y139.023737 Z58.82
G0 X143.737202 Y138.608013 Z58.84
G0 X144.464869 Y138.237248 Z58.86
G0 X145.214381 Y137.912906 Z58.88
G0 X145.982779 Y137.636265 Z58.9
G0 X146.767031 Y137.408419 Z58.92
G0 X147.564043 Y137.230266 Z58.94
G0 X148.370668 Y137.102509 Z58.96
G0 X149.183723 Y137.025653 Z58.98
G0 X150 Y137 Z59
G0 X150.816277 Y137.025653 Z59.02
G0 X151.629332 Y137.102509 Z59.04
G0 X152.435957 Y137.230266 Z59.06
G0 X153.232969 Y137.408419 Z59.08
G0 X154.017221 Y137.636265 Z59.1
G0 X154.785619 Y137.912906 Z59.12
G0 X155.535131 Y138.237248 Z59.14
G0 X156.262798 Y138.608013 Z59.16
G0 X156.965748 Y139.023737 Z59.18
G0 X157.641208 Y139.482779 Z59.2
G0 X158.286512 Y139.983328 Z59.22
G0 X158.899112 Y140.523408 Z59.24
G0 X159.476592 Y141.100888 Z59.26
G0 X160.016672 Y141.713488 Z59.28
G0 X160.517221 Y142.358792 Z59.3
G0 X160.976263 Y143.034252 Z59.32
G0 X161.391987 Y143.737202 Z59.34
G0 X161.762752 Y144.464869 Z59.36
G0 X162.087094 Y145.214381 Z59.38
G0 X162.363735 Y145.982779 Z59.4
G0 X162.591581 Y146.767031 Z59.42
G0 X162.769734 Y147.564043 Z59.44
G0 X162.897491 Y148.370668 Z59.46
G0 X162.974347 Y149.183723 Z59.48
G0 X163 Y150 Z59.5
G0 X162.974347 Y150.816277 Z59.52
G0 X162.897491 Y151.629332 Z59.54
G0 X162.769734 Y152.435957 Z59.56
G0 X162.591581 Y153.232969 Z59.58
G0 X162.363735 Y154.017221 Z59.6
G0 X162.087094 Y154.785619 Z59.62
G0 X161.762752 Y155.535131 Z59.64
G0 X161.391987 Y156.262798 Z59.66
G0 X160.976263 Y156.965748 Z59.68
G0 X160.517221 Y157.641208 Z59.7
G0 X160.016672 Y158.286512 Z59.72
G0 X159.476592 Y158.899112 Z59.74
G0 X158.899112 Y159.476592 Z59.76
G0 X158.286512 Y160.016672 Z59.78
G0 X157.641208 Y160.517221 Z59.8
G0 X156.965748 Y160.976263 Z59.82
G0 X156.262798 Y161.391987 Z59.84
G0 X155.535131 Y161.762752 Z59.86
G0 X154.785619 Y162.087094 Z59.88
G0 X154.017221 Y162.363735 Z59.9
G0 X153.232969 Y162.591581 Z59.92
G0 X152.435957 Y162.769734 Z59.94
G0 X151.629332 Y162.897491 Z59.96
G0 X150.816277 Y162.974347 Z59.98
G0 X150 Y163 Z60
G0 X149.183723 Y162.974347 Z60.02
G0 X148.370668 Y162.897491 Z60.04
G0 X147.564043 Y162.769734 Z60.06
G0 X146.767031 Y162.591581 Z60.08
G0 X145.982779 Y162.363735 Z60.1
G0 X145.214381 Y162.087094 Z60.12
G0 X144.464869 Y161.762752 Z60.14
G0 X143.737202 Y161.391987 Z60.16
G0 X143.034252 Y160.976263 Z60.18
G0 X142.358792 Y160.517221 Z60.2
G0 X141.713488 Y160.016672 Z60.22
G0 X141.100888 Y159.476592 Z60.24
G0 X140.523408 Y158.899112 Z60.26
G0 X139.983328 Y158.286512 Z60.28
G0 X139.482779 Y157.641208 Z60.3
G0 X139.023737 Y156.965748 Z60.32
G0 X138.608013 Y156.262798 Z60.34
G0 X138.237248 Y155.535131 Z60.36
G0 X137.912906 Y154.785619 Z60.38
G0 X137.636265 Y154.017221 Z60.4
G0 X137.408419 Y153.232969 Z60.42
G0 X137.230266 Y152.435957 Z60.44
G0 X137.102509 Y151.629332 Z60.46
G0 X137.025653 Y150.816277 Z60.48
G0 X137 Y150 Z60.5
G0 X137.025653 Y149.183723 Z60.52
G0 X137.102509 Y148.370668 Z60.54
G0 X137.230266 Y147.564043 Z60.56
G0 X137.408419 Y146.767031 Z60.58
G0 X137.636265 Y145.982779 Z60.6
G0 X137.912906 Y145.214381 Z60.62
G0 X138.237248 Y144.464869 Z60.64
G0 X138.608013 Y143.737202 Z60.66
G0 X139.023737 Y143.034252 Z60.68
G0 X139.482779 Y142.358792 Z60.7
G0 X139.983328 Y141.713488 Z60.72
G0 X140.523408 Y141.100888 Z60.74
G0 X141.100888 Y140.523408 Z60.76
G0 X141.713488 Y139.983328 Z60.78
G0 X142.358792 Y139.482779 Z60.8
G0 X143.034252 Y139.023737 Z60.82
G0 X143.737202 Y138.608013 Z60.84
G0 X144.464869 Y138.237248 Z60.86
G0 X145.214381 Y137.912906 Z60.88
G0 X145.982779 Y137.636265 Z60.9
G0 X146.767031 Y137.408419 Z60.92
G0 X147.564043 Y137.230266 Z60.94
G0 X148.370668 Y137.102509 Z60.96
G0 X149.183723 Y137.025653 Z60.98
G0 X150 Y137 Z61
G0 X150.816277 Y137.025653 Z61.02
G0 X151.629332 Y137.102509 Z61.04
G0 X152.435957 Y137.230266 Z61.06
G0 X153.232969 Y137.408419 Z61.08
G0 X154.017221 Y137.636265 Z61.1
G0 X154.785619 Y137.912906 Z61.12
G0 X155.535131 Y138.237248 Z61.14
G0 X156.262798 Y138.608013 Z61.16
G0 X156.965748 Y139.023737 Z61.18
G0 X157.641208 Y139.482779 Z61.2
G0 X158.286512 Y139.983328 Z61.22
G0 X158.899112 Y140.523408 Z61.24
G0 X159.476592 Y141.100888 Z61.26
G0 X160.016672 Y141.713488 Z61.28
G0 X160.517221 Y142.358792 Z61.3
G0 X160.976263 Y143.034252 Z61.32
G0 X161.391987 Y143.737202 Z61.34
G0 X161.762752 Y144.464869 Z61.36
G0 X162.087094 Y145.214381 Z61.38
G0 X162.363735 Y145.982779 Z61.4
G0 X162.591581 Y146.767031 Z61.42
G0 X162.769734 Y147.564043 Z61.44
G0 X162.897491 Y148.370668 Z61.46
G0 X162.974347 Y149.183723 Z61.48
G0 X163 Y150 Z61.5
G0 X162.974347 Y150.816277 Z61.52
G0 X162.897491 Y151.629332 Z61.54
G0 X162.769734 Y152.435957 Z61.56
G0 X162.591581 Y153.232969 Z61.58
G0 X162.363735 Y154.017221 Z61.6
G0 X162.087094 Y154.785619 Z61.62
G0 X161.762752 Y155.535131 Z61.64
G0 X161.391987 Y156.262798 Z61.66
G0 X160.976263 Y156.965748 Z61.68
G0 X160.517221 Y157.641208 Z61.7
G0 X160.016672 Y158.286512 Z61.72
G0 X159.476592 Y158.899112 Z61.74
G0 X158.899112 Y159.476592 Z61.76
G0 X158.286512 Y160.016672 Z61.78
G0 X157.641208 Y160.517221 Z61.8
G0 X156.965748 Y160.976263 Z61.82
G0 X156.262798 Y161.391987 Z61.84
G0 X155.535131 Y161.762752 Z61.86
G0 X154.785619 Y162.087094 Z61.88
G0 X154.017221 Y162.363735 Z61.9
G0 X153.232969 Y162.591581 Z61.92
G0 X152.435957 Y162.769734 Z61.94
G0 X151.629332 Y162.897491 Z61.96
G0 X150.816277 Y162.974347 Z61.98
G0 X150 Y163 Z62
G0 X149.183723 Y162.974347 Z62.02
G0 X148.370668 Y162.897491 Z62.04
G0 X147.564043 Y162.769734 Z62.06
G0 X146.767031 Y162.591581 Z62.08
G0 X145.982779 Y162.363735 Z62.1
G0 X145.214381 Y162.087094 Z62.12
G0 X144.464869 Y161.762752 Z62.14
G0 X143.737202 Y161.391987 Z62.16
G0 X143.034252 Y160.976263 Z62.18
G0 X142.358792 Y160.517221 Z62.2
G0 X141.713488 Y160.016672 Z62.22
G0 X141.100888 Y159.476592 Z62.24
G0 X140.523408 Y158.899112 Z62.26
G0 X139.983328 Y158.286512 Z62.28
G0 X139.482779 Y157.641208 Z62.3
G0 X139.023737 Y156.965748 Z62.32
G0 X138.608013 Y156.262798 Z62.34
G0 X138.237248 Y155.535131 Z62.36
G0 X137.912906 Y154.785619 Z62.38
G0 X137.636265 Y154.017221 Z62.4
G0 X137.408419 Y153.232969 Z62.42
G0 X137.230266 Y152.435957 Z62.44
G0 X137.102509 Y151.629332 Z62.46
G0 X137.025653 Y150.816277 Z62.48
G0 X137 Y150 Z62.5
G0 X137.025653 Y149.183723 Z62.52
G0 X137.102509 Y148.370668 Z62.54
G0 X137.230266 Y147.564043 Z62.56
G0 X137.408419 Y146.767031 Z62.58
G0 X137.636265 Y145.982779 Z62.6
G0 X137.912906 Y145.214381 Z62.62
G0 X138.237248 Y144.464869 Z62.64
G0 X138.608013 Y143.737202 Z62.66
G0 X139.023737 Y143.034252 Z62.68
G0 X139.482779 Y142.358792 Z62.7
G0 X139.983328 Y141.713488 Z62.72
G0 X140.523408 Y141.100888 Z62.74
G0 X141.100888 Y140.523408 Z62.76
G0 X141.713488 Y139.983328 Z62.78
G0 X142.358792 Y139.482779 Z62.8
G0 X143.034252 Y139.023737 Z62.82
G0 X143.737202 Y138.608013 Z62.84
G0 X144.464869 Y138.237248 Z62.86
G0 X145.214381 Y137.912906 Z62.88
G0 X145.982779 Y137.636265 Z62.9
G0 X146.767031 Y137.408419 Z62.92
G0 X147.564043 Y137.230266 Z62.94
G0 X148.370668 Y137.102509 Z62.96
G0 X149.183723 Y137.025653 Z62.98
G0 X150 Y137 Z63
G0 X150.816277 Y137.025653 Z63.02
G0 X151.629332 Y137.102509 Z63.04
G0 X152.435957 Y137.230266 Z63.06
G0 X153.232969 Y137.408419 Z63.08
G0 X154.017221 Y137.636265 Z63.1
G0 X154.785619 Y137.912906 Z63.12
G0 X155.535131 Y138.237248 Z63.14
G0 X156.262798 Y138.608013 Z63.16
G0 X156.965748 Y139.023737 Z63.18
G0 X157.641208 Y139.482779 Z63.2
G0 X158.286512 Y139.983328 Z63.22
G0 X158.899112 Y140.523408 Z63.24
G0 X159.476592 Y141.100888 Z63.26
G0 X160.016672 Y141.713488 Z63.28
G0 X160.517221 Y142.358792 Z63.3
G0 X160.976263 Y143.034252 Z63.32
G0 X161.391987 Y143.737202 Z63.34
G0 X161.762752 Y144.464869 Z63.36
G0 X162.087094 Y145.214381 Z63.38
G0 X162.363735 Y145.982779 Z63.4
G0 X162.591581 Y146.767031 Z63.42
G0 X162.769734 Y147.564043 Z63.44
G0 X162.897491 Y148.370668 Z63.46
G0 X162.974347 Y149.183723 Z63.48
G0 X163 Y150 Z63.5
G0 X162.974347 Y150.816277 Z63.52
G0 X162.897491 Y151.629332 Z63.54
G0 X162.769734 Y152.435957 Z63.56
G0 X162.591581 Y153.232969 Z63.58
G0 X162.363735 Y154.017221 Z63.6
G0 X162.087094 Y154.785619 Z63.62
G0 X161.762752 Y155.535131 Z63.64
G0 X161.391987 Y156.262798 Z63.66
G0 X160.976263 Y156.965748 Z63.68
G0 X160.517221 Y157.641208 Z63.7
G0 X160.016672 Y158.286512 Z63.72
G0 X159.476592 Y158.899112 Z63.74
G0 X158.899112 Y159.476592 Z63.76
G0 X158.286512 Y160.016672 Z63.78
G0 X157.641208 Y160.517221 Z63.8
G0 X156.965748 Y160.976263 Z63.82
G0 X156.262798 Y161.391987 Z63.84
G0 X155.535131 Y161.762752 Z63.86
G0 X154.785619 Y162.087094 Z63.88
G0 X154.017221 Y162.363735 Z63.9
G0 X153.232969 Y162.591581 Z63.92
G0 X152.435957 Y162.769734 Z63.94
G0 X151.629332 Y162.897491 Z63.96
G0 X150.816277 Y162.974347 Z63.98
G0 X150 Y163 Z64
G0 X149.183723 Y162.974347 Z64.02
G0 X148.370668 Y162.897491 Z64.04
G0 X147.564043 Y162.769734 Z64.06
G0 X146.767031 Y162.591581 Z64.08
G0 X145.982779 Y162.363735 Z64.1
G0 X145.214381 Y162.087094 Z64.12
G0 X144.464869 Y161.762752 Z64.14
G0 X143.737202 Y161.391987 Z64.16
G0 X143.034252 Y160.976263 Z64.18
G0 X142.358792 Y160.517221 Z64.2
G0 X141.713488 Y160.016672 Z64.22
G0 X141.100888 Y159.476592 Z64.24
G0 X140.523408 Y158.899112 Z64.26
G0 X139.983328 Y158.286512 Z64.28
G0 X139.482779 Y157.641208 Z64.3
G0 X139.023737 Y156.965748 Z64.32
G0 X138.608013 Y156.262798 Z64.34
G0 X138.237248 Y155.535131 Z64.36
G0 X137.912906 Y154.785619 Z64.38
G0 X137.636265 Y154.017221 Z64.4
G0 X137.408419 Y153.232969 Z64.42
G0 X137.230266 Y152.435957 Z64.44
G0 X137.102509 Y151.629332 Z64.46
G0 X137.025653 Y150.816277 Z64.48
G0 X137 Y150 Z64.5
G0 X137.025653 Y149.183723 Z64.52
G0 X137.102509 Y148.370668 Z64.54
G0 X137.230266 Y147.564043 Z64.56
G0 X137.408419 Y146.767031 Z64.58
G0 X137.636265 Y145.982779 Z64.6
G0 X137.912906 Y145.214381 Z64.62
G0 X138.237248 Y144.464869 Z64.64
G0 X138.608013 Y143.737202 Z64.66
G0 X139.023737 Y143.034252 Z64.68
G0 X139.482779 Y142.358792 Z64.7
G0 X139.983328 Y141.713488 Z64.72
G0 X140.523408 Y141.100888 Z64.74
G0 X141.100888 Y140.523408 Z64.76
G0 X141.713488 Y139.983328 Z64.78
G0 X142.358792 Y139.482779 Z64.8
G0 X143.034252 Y139.023737 Z64.82
G0 X143.737202 Y138.608013 Z64.84
G0 X144.464869 Y138.237248 Z64.86
G0 X145.214381 Y137.912906 Z64.88
G0 X145.982779 Y137.636265 Z64.9
G0 X146.767031 Y137.408419 Z64.92
G0 X147.564043 Y137.230266 Z64.94
G0 X148.370668 Y137.102509 Z64.96
G0 X149.183723 Y137.025653 Z64.98
G0 X150 Y137 Z65
G0 X150.816277 Y137.025653 Z65.02
G0 X151.629332 Y137.102509 Z65.04
G0 X152.435957 Y137.230266 Z65.06
G0 X153.232969 Y137.408419 Z65.08
G0 X154.017221 Y137.636265 Z65.1
G0 X154.785619 Y137.912906 Z65.12
G0 X155.535131 Y138.237248 Z65.14
G0 X156.262798 Y138.608013 Z65.16
G0 X156.965748 Y139.023737 Z65.18
G0 X157.641208 Y139.482779 Z65.2
G0 X158.286512 Y139.983328 Z65.22
G0 X158.899112 Y140.523408 Z65.24
G0 X159.476592 Y141.100888 Z65.26
G0 X160.016672 Y141.713488 Z65.28
G0 X160.517221 Y142.358792 Z65.3
G0 X160.976263 Y143.034252 Z65.32
G0 X161.391987 Y143.737202 Z65.34
G0 X161.762752 Y144.464869 Z65.36
G0 X162.087094 Y145.214381 Z65.38
G0 X162.363735 Y145.982779 Z65.4
G0 X162.591581 Y146.767031 Z65.42
G0 X162.769734 Y147.564043 Z65.44
G0 X162.897491 Y148.370668 Z65.46
G0 X162.974347 Y149.183723 Z65.48
G0 X163 Y150 Z65.5
G0 X162.974347 Y150.816277 Z65.52
G0 X162.897491 Y151.629332 Z65.54
G0 X162.769734 Y152.435957 Z65.56
G0 X162.591581 Y153.232969 Z65.58
G0 X162.363735 Y154.017221 Z65.6
G0 X162.087094 Y154.785619 Z65.62
G0 X161.762752 Y155.535131 Z65.64
G0 X161.391987 Y156.262798 Z65.66
G0 X160.976263 Y156.965748 Z65.68
G0 X160.517221 Y157.641208 Z65.7
G0 X160.016672 Y158.286512 Z65.72
G0 X159.476592 Y158.899112 Z65.74
G0 X158.899112 Y159.476592 Z65.76
G0 X158.286512 Y160.016672 Z65.78
G0 X157.641208 Y160.517221 Z65.8
G0 X156.965748 Y160.976263 Z65.82
G0 X156.262798 Y161.391987 Z65.84
G0 X155.535131 Y161.762752 Z65.86
G0 X154.785619 Y162.087094 Z65.88
G0 X154.017221 Y162.363735 Z65.9
G0 X153.232969 Y162.591581 Z65.92
G0 X152.435957 Y162.769734 Z65.94
G0 X151.629332 Y162.897491 Z65.96
G0 X150.816277 Y162.974347 Z65.98
G0 X150 Y163 Z66
G0 X149.183723 Y162.974347 Z66.02
G0 X148.370668 Y162.897491 Z66.04
G0 X147.564043 Y162.769734 Z66.06
G0 X146.767031 Y162.591581 Z66.08
G0 X145.982779 Y162.363735 Z66.1
G0 X145.214381 Y162.087094 Z66.12
G0 X144.464869 Y161.762752 Z66.14
G0 X143.737202 Y161.391987 Z66.16
G0 X143.034252 Y160.976263 Z66.18
G0 X142.358792 Y160.517221 Z66.2
G0 X141.713488 Y160.016672 Z66.22
G0 X141.100888 Y159.476592 Z66.24
G0 X140.523408 Y158.899112 Z66.26
G0 X139.983328 Y158.286512 Z66.28
G0 X139.482779 Y157.641208 Z66.3
G0 X139.023737 Y156.965748 Z66.32
G0 X138.608013 Y156.262798 Z66.34
G0 X138.237248 Y155.535131 Z66.36
G0 X137.912906 Y154.785619 Z66.38
G0 X137.636265 Y154.017221 Z66.4
G0 X137.408419 Y153.232969 Z66.42
G0 X137.230266 Y152.435957 Z66.44
G0 X137.102509 Y151.629332 Z66.46
G0 X137.025653 Y150.816277 Z66.48
G0 X137 Y150 Z66.5
G0 X137.025653 Y149.183723 Z66.52
G0 X137.102509 Y148.370668 Z66.54
G0 X137.230266 Y147.564043 Z66.56
G0 X137.408419 Y146.767031 Z66.58
G0 X137.636265 Y145.982779 Z66.6
G0 X137.912906 Y145.214381 Z66.62
G0 X138.237248 Y144.464869 Z66.64
G0 X138.608013 Y143.737202 Z66.66
G0 X139.023737 Y143.034252 Z66.68
G0 X139.482779 Y142.358792 Z66.7
G0 X139.983328 Y141.713488 Z66.72
G0 X140.523408 Y141.100888 Z66.74
G0 X141.100888 Y140.523408 Z66.76
G0 X141.713488 Y139.983328 Z66.78
G0 X142.358792 Y139.482779 Z66.8
G0 X143.034252 Y139.023737 Z66.82
G0 X143.737202 Y138.608013 Z66.84
G0 X144.464869 Y138.237248 Z66.86
G0 X145.214381 Y137.912906 Z66.88
G0 X145.982779 Y137.636265 Z66.9
G0 X146.767031 Y137.408419 Z66.92
G0 X147.564043 Y137.230266 Z66.94
G0 X148.370668 Y137.102509 Z66.96
G0 X149.183723 Y137.025653 Z66.98
G0 X150 Y137 Z67
G0 X150.816277 Y137.025653 Z67.02
G0 X151.629332 Y137.102509 Z67.04
G0 X152.435957 Y137.230266 Z67.06
G0 X153.232969 Y137.408419 Z67.08
G0 X154.017221 Y137.636265 Z67.1
G0 X154.785619 Y137.912906 Z67.12
G0 X155.535131 Y138.237248 Z67.14
G0 X156.262798 Y138.608013 Z67.16
G0 X156.965748 Y139.023737 Z67.18
G0 X157.641208 Y139.482779 Z67.2
G0 X158.286512 Y139.983328 Z67.22
G0 X158.899112 Y140.523408 Z67.24
G0 X159.476592 Y141.100888 Z67.26
G0 X160.016672 Y141.713488 Z67.28
G0 X160.517221 Y142.358792 Z67.3
G0 X160.976263 Y143.034252 Z67.32
G0 X161.391987 Y143.737202 Z67.34
G0 X161.762752 Y144.464869 Z67.36
G0 X162.087094 Y145.214381 Z67.38
G0 X162.363735 Y145.982779 Z67.4
G0 X162.591581 Y146.767031 Z67.42
G0 X162.769734 Y147.564043 Z67.44
G0 X162.897491 Y148.370668 Z67.46
G0 X162.974347 Y149.183723 Z67.48
G0 X163 Y150 Z67.5
G0 X162.974347 Y150.816277 Z67.52
G0 X162.897491 Y151.629332 Z67.54
G0 X162.769734 Y152.435957 Z67.56
G0 X162.591581 Y153.232969 Z67.58
G0 X162.363735 Y154.017221 Z67.6
G0 X162.087094 Y154.785619 Z67.62
G0 X161.762752 Y155.535131 Z67.64
G0 X161.391987 Y156.262798 Z67.66
G0 X160.976263 Y156.965748 Z67.68
G0 X160.517221 Y157.641208 Z67.7
G0 X160.016672 Y158.286512 Z67.72
G0 X159.476592 Y158.899112 Z67.74
G0 X158.899112 Y159.476592 Z67.76
G0 X158.286512 Y160.016672 Z67.78
G0 X157.641208 Y160.517221 Z67.8
G0 X156.965748 Y160.976263 Z67.82
G0 X156.262798 Y161.391987 Z67.84
G0 X155.535131 Y161.762752 Z67.86
G0 X154.785619 Y162.087094 Z67.88
G0 X154.017221 Y162.363735 Z67.9
G0 X153.232969 Y162.591581 Z67.92
G0 X152.435957 Y162.769734 Z67.94
G0 X151.629332 Y162.897491 Z67.96
G0 X150.816277 Y162.974347 Z67.98
G0 X150 Y163 Z68
G0 X149.183723 Y162.974347 Z68.02
G0 X148.370668 Y162.897491 Z68.04
G0 X147.564043 Y162.769734 Z68.06
G0 X146.767031 Y162.591581 Z68.08
G0 X145.982779 Y162.363735 Z68.1
G0 X145.214381 Y162.087094 Z68.12
G0 X144.464869 Y161.762752 Z68.14
G0 X143.737202 Y161.391987 Z68.16
G0 X143.034252 Y160.976263 Z68.18
G0 X142.358792 Y160.517221 Z68.2
G0 X141.713488 Y160.016672 Z68.22
G0 X141.100888 Y159.476592 Z68.24
G0 X140.523408 Y158.899112 Z68.26
G0 X139.983328 Y158.286512 Z68.28
G0 X139.482779 Y157.641208 Z68.3
G0 X139.023737 Y156.965748 Z68.32
G0 X138.608013 Y156.262798 Z68.34
G0 X138.237248 Y155.535131 Z68.36
G0 X137.912906 Y154.785619 Z68.38
G0 X137.636265 Y154.017221 Z68.4
G0 X137.408419 Y153.232969 Z68.42
G0 X137.230266 Y152.435957 Z68.44
G0 X137.102509 Y151.629332 Z68.46
G0 X137.025653 Y150.816277 Z68.48
G0 X137 Y150 Z68.5
G0 X137.025653 Y149.183723 Z68.52
G0 X137.102509 Y148.370668 Z68.54
G0 X137.230266 Y147.564043 Z68.56
G0 X137.408419 Y146.767031 Z68.58
G0 X137.636265 Y145.982779 Z68.6
G0 X137.912906 Y145.214381 Z68.62
G0 X138.237248 Y144.464869 Z68.64
G0 X138.608013 Y143.737202 Z68.66
G0 X139.023737 Y143.034252 Z68.68
G0 X139.482779 Y142.358792 Z68.7
G0 X139.983328 Y141.713488 Z68.72
G0 X140.523408 Y141.100888 Z68.74
G0 X141.100888 Y140.523408 Z68.76
G0 X141.713488 Y139.983328 Z68.78
G0 X142.358792 Y139.482779 Z68.8
G0 X143.034252 Y139.023737 Z68.82
G0 X143.737202 Y138.608013 Z68.84
G0 X144.464869 Y138.237248 Z68.86
G0 X145.214381 Y137.912906 Z68.88
G0 X145.982779 Y137.636265 Z68.9
G0 X146.767031 Y137.408419 Z68.92
G0 X147.564043 Y137.230266 Z68.94
G0 X148.370668 Y137.102509 Z68.96
G0 X149.183723 Y137.025653 Z68.98
G0 X150 Y137 Z69
G0 X150.816277 Y137.025653 Z69.02
G0 X151.629332 Y137.102509 Z69.04
G0 X152.435957 Y137.230266 Z69.06
G0 X153.232969 Y137.408419 Z69.08
G0 X154.017221 Y137.636265 Z69.1
G0 X154.785619 Y137.912906 Z69.12
G0 X155.535131 Y138.237248 Z69.14
G0 X156.262798 Y138.608013 Z69.16
G0 X156.965748 Y139.023737 Z69.18
G0 X157.641208 Y139.482779 Z69.2
G0 X158.286512 Y139.983328 Z69.22
G0 X158.899112 Y140.523408 Z69.24
G0 X159.476592 Y141.100888 Z69.26
G0 X160.016672 Y141.713488 Z69.28
G0 X160.517221 Y142.358792 Z69.3
G0 X160.976263 Y143.034252 Z69.32
G0 X161.391987 Y143.737202 Z69.34
G0 X161.762752 Y144.464869 Z69.36
G0 X162.087094 Y145.214381 Z69.38
G0 X162.363735 Y145.982779 Z69.4
G0 X162.591581 Y146.767031 Z69.42
G0 X162.769734 Y147.564043 Z69.44
G0 X162.897491 Y148.370668 Z69.46
G0 X162.974347 Y149.183723 Z69.48
G0 X163 Y150 Z69.5
G0 X162.974347 Y150.816277 Z69.52
G0 X162.897491 Y151.629332 Z69.54
G0 X162.769734 Y152.435957 Z69.56
G0 X162.591581 Y153.232969 Z69.58
G0 X162.363735 Y154.017221 Z69.6
G0 X162.087094 Y154.785619 Z69.62
G0 X161.762752 Y155.535131 Z69.64
G0 X161.391987 Y156.262798 Z69.66
G0 X160.976263 Y156.965748 Z69.68
G0 X160.517221 Y157.641208 Z69.7
G0 X160.016672 Y158.286512 Z69.72
G0 X159.476592 Y158.899112 Z69.74
G0 X158.899112 Y159.476592 Z69.76
G0 X158.286512 Y160.016672 Z69.78
G0 X157.641208 Y160.517221 Z69.8
G0 X156.965748 Y160.976263 Z69.82
G0 X156.262798 Y161.391987 Z69.84
G0 X155.535131 Y161.762752 Z69.86
G0 X154.785619 Y162.087094 Z69.88
G0 X154.017221 Y162.363735 Z69.9
G0 X153.232969 Y162.591581 Z69.92
G0 X152.435957 Y162.769734 Z69.94
G0 X151.629332 Y162.897491 Z69.96
G0 X150.816277 Y162.974347 Z69.98
G0 X150 Y163 Z70
G0 X149.183723 Y162.974347 Z70.02
G0 X148.370668 Y162.897491 Z70.04
G0 X147.564043 Y162.769734 Z70.06
G0 X146.767031 Y162.591581 Z70.08
G0 X145.982779 Y162.363735 Z70.1
G0 X145.214381 Y162.087094 Z70.12
G0 X144.464869 Y161.762752 Z70.14
G0 X143.737202 Y161.391987 Z70.16
G0 X143.034252 Y160.976263 Z70.18
G0 X142.358792 Y160.517221 Z70.2
G0 X141.713488 Y160.016672 Z70.22
G0 X141.100888 Y159.476592 Z70.24
G0 X140.523408 Y158.899112 Z70.26
G0 X139.983328 Y158.286512 Z70.28
G0 X139.482779 Y157.641208 Z70.3
G0 X139.023737 Y156.965748 Z70.32
G0 X138.608013 Y156.262798 Z70.34
G0 X138.237248 Y155.535131 Z70.36
G0 X137.912906 Y154.785619 Z70.38
G0 X137.636265 Y154.017221 Z70.4
G0 X137.408419 Y153.232969 Z70.42
G0 X137.230266 Y152.435957 Z70.44
G0 X137.102509 Y151.629332 Z70.46
G0 X137.025653 Y150.816277 Z70.48
G0 X137 Y150 Z70.5
G0 X137.025653 Y149.183723 Z70.52
G0 X137.102509 Y148.370668 Z70.54
G0 X137.230266 Y147.564043 Z70.56
G0 X137.408419 Y146.767031 Z70.58
G0 X137.636265 Y145.982779 Z70.6
G0 X137.912906 Y145.214381 Z70.62
G0 X138.237248 Y144.464869 Z70.64
G0 X138.608013 Y143.737202 Z70.66
G0 X139.023737 Y143.034252 Z70.68
G0 X139.482779 Y142.358792 Z70.7
G0 X139.983328 Y141.713488 Z70.72
G0 X140.523408 Y141.100888 Z70.74
G0 X141.100888 Y140.523408 Z70.76
G0 X141.713488 Y139.983328 Z70.78
G0 X142.358792 Y139.482779 Z70.8
G0 X143.034252 Y139.023737 Z70.82
G0 X143.737202 Y138.608013 Z70.84
G0 X144.464869 Y138.237248 Z70.86
G0 X145.214381 Y137.912906 Z70.88
G0 X145.982779 Y137.636265 Z70.9
G0 X146.767031 Y137.408419 Z70.92
G0 X147.564043 Y137.230266 Z70.94
G0 X148.370668 Y137.102509 Z70.96
G0 X149.183723 Y137.025653 Z70.98
G0 X150 Y137 Z71
G0 X150.816277 Y137.025653 Z71.02
G0 X151.629332 Y137.102509 Z71.04
G0 X152.435957 Y137.230266 Z71.06
G0 X153.232969 Y137.408419 Z71.08
G0 X154.017221 Y137.636265 Z71.1
G0 X154.785619 Y137.912906 Z71.12
G0 X155.535131 Y138.237248 Z71.14
G0 X156.262798 Y138.608013 Z71.16
G0 X156.965748 Y139.023737 Z71.18
G0 X157.641208 Y139.482779 Z71.2
G0 X158.286512 Y139.983328 Z71.22
G0 X158.899112 Y140.523408 Z71.24
G0 X159.476592 Y141.100888 Z71.26
G0 X160.016672 Y141.713488 Z71.28
G0 X160.517221 Y142.358792 Z71.3
G0 X160.976263 Y143.034252 Z71.32
G0 X161.391987 Y143.737202 Z71.34
G0 X161.762752 Y144.464869 Z71.36
G0 X162.087094 Y145.214381 Z71.38
G0 X162.363735 Y145.982779 Z71.4
G0 X162.591581 Y146.767031 Z71.42
G0 X162.769734 Y147.564043 Z71.44
G0 X162.897491 Y148.370668 Z71.46
G0 X162.974347 Y149.183723 Z71.48
G0 X163 Y150 Z71.5
G0 X162.974347 Y150.816277 Z71.52
G0 X162.897491 Y151.629332 Z71.54
G0 X162.769734 Y152.435957 Z71.56
G0 X162.591581 Y153.232969 Z71.58
G0 X162.363735 Y154.017221 Z71.6
G0 X162.087094 Y154.785619 Z71.62
G0 X161.762752 Y155.535131 Z71.64
G0 X161.391987 Y156.262798 Z71.66
G0 X160.976263 Y156.965748 Z71.68
G0 X160.517221 Y157.641208 Z71.7
G0 X160.016672 Y158.286512 Z71.72
G0 X159.476592 Y158.899112 Z71.74
G0 X158.899112 Y159.476592 Z71.76
G0 X158.286512 Y160.016672 Z71.78
G0 X157.641208 Y160.517221 Z71.8
G0 X156.965748 Y160.976263 Z71.82
G0 X156.262798 Y161.391987 Z71.84
G0 X155.535131 Y161.762752 Z71.86
G0 X154.785619 Y162.087094 Z71.88
G0 X154.017221 Y162.363735 Z71.9
G0 X153.232969 Y162.591581 Z71.92
G0 X152.435957 Y162.769734 Z71.94
G0 X151.629332 Y162.897491 Z71.96
G0 X150.816277 Y162.974347 Z71.98
G0 X150 Y163 Z72
G0 X149.183723 Y162.974347 Z72.02
G0 X148.370668 Y162.897491 Z72.04
G0 X147.564043 Y162.769734 Z72.06
G0 X146.767031 Y162.591581 Z72.08
G0 X145.982779 Y162.363735 Z72.1
G0 X145.214381 Y162.087094 Z72.12
G0 X144.464869 Y161.762752 Z72.14
G0 X143.737202 Y161.391987 Z72.16
G0 X143.034252 Y160.976263 Z72.18
G0 X142.358792 Y160.517221 Z72.2
G0 X141.713488 Y160.016672 Z72.22
G0 X141.100888 Y159.476592 Z72.24
G0 X140.523408 Y158.899112 Z72.26
G0 X139.983328 Y158.286512 Z72.28
G0 X139.482779 Y157.641208 Z72.3
G0 X139.023737 Y156.965748 Z72.32
G0 X138.608013 Y156.262798 Z72.34
G0 X138.237248 Y155.535131 Z72.36
G0 X137.912906 Y154.785619 Z72.38
G0 X137.636265 Y154.017221 Z72.4
G0 X137.408419 Y153.232969 Z72.42
G0 X137.230266 Y152.435957 Z72.44
G0 X137.102509 Y151.629332 Z72.46
G0 X137.025653 Y150.816277 Z72.48
G0 X137 Y150 Z72.5
G0 X137.025653 Y149.183723 Z72.52
G0 X137.102509 Y148.370668 Z72.54
G0 X137.230266 Y147.564043 Z72.56
G0 X137.408419 Y146.767031 Z72.58
G0 X137.636265 Y145.982779 Z72.6
G0 X137.912906 Y145.214381 Z72.62
G0 X138.237248 Y144.464869 Z72.64
G0 X138.608013 Y143.737202 Z72.66
G0 X139.023737 Y143.034252 Z72.68
G0 X139.482779 Y142.358792 Z72.7
G0 X139.983328 Y141.713488 Z72.72
G0 X140.523408 Y141.100888 Z72.74
G0 X141.100888 Y140.523408 Z72.76
G0 X141.713488 Y139.983328 Z72.78
G0 X142.358792 Y139.482779 Z72.8
G0 X143.034252 Y139.023737 Z72.82
G0 X143.737202 Y138.608013 Z72.84
G0 X144.464869 Y138.237248 Z72.86
G0 X145.214381 Y137.912906 Z72.88
G0 X145.982779 Y137.636265 Z72.9
G0 X146.767031 Y137.408419 Z72.92
G0 X147.564043 Y137.230266 Z72.94
G0 X148.370668 Y137.102509 Z72.96
G0 X149.183723 Y137.025653 Z72.98
G0 X150 Y137 Z73
G0 X150.816277 Y137.025653 Z73.02
G0 X151.629332 Y137.102509 Z73.04
G0 X152.435957 Y137.230266 Z73.06
G0 X153.232969 Y137.408419 Z73.08
G0 X154.017221 Y137.636265 Z73.1
G0 X154.785619 Y137.912906 Z73.12
G0 X155.535131 Y138.237248 Z73.14
G0 X156.262798 Y138.608013 Z73.16
G0 X156.965748 Y139.023737 Z73.18
G0 X157.641208 Y139.482779 Z73.2
G0 X158.286512 Y139.983328 Z73.22
G0 X158.899112 Y140.523408 Z73.24
G0 X159.476592 Y141.100888 Z73.26
G0 X160.016672 Y141.713488 Z73.28
G0 X160.517221 Y142.358792 Z73.3
G0 X160.976263 Y143.034252 Z73.32
G0 X161.391987 Y143.737202 Z73.34
G0 X161.762752 Y144.464869 Z73.36
G0 X162.087094 Y145.214381 Z73.38
G0 X162.363735 Y145.982779 Z73.4
G0 X162.591581 Y146.767031 Z73.42
G0 X162.769734 Y147.564043 Z73.44
G0 X162.897491 Y148.370668 Z73.46
G0 X162.974347 Y149.183723 Z73.48
G0 X163 Y150 Z73.5
G0 X162.974347 Y150.816277 Z73.52
G0 X162.897491 Y151.629332 Z73.54
G0 X162.769734 Y152.435957 Z73.56
G0 X162.591581 Y153.232969 Z73.58
G0 X162.363735 Y154.017221 Z73.6
G0 X162.087094 Y154.785619 Z73.62
G0 X161.762752 Y155.535131 Z73.64
G0 X161.391987 Y156.262798 Z73.66
G0 X160.976263 Y156.965748 Z73.68
G0 X160.517221 Y157.641208 Z73.7
G0 X160.016672 Y158.286512 Z73.72
G0 X159.476592 Y158.899112 Z73.74
G0 X158.899112 Y159.476592 Z73.76
G0 X158.286512 Y160.016672 Z73.78
G0 X157.641208 Y160.517221 Z73.8
G0 X156.965748 Y160.976263 Z73.82
G0 X156.262798 Y161.391987 Z73.84
G0 X155.535131 Y161.762752 Z73.86
G0 X154.785619 Y162.087094 Z73.88
G0 X154.017221 Y162.363735 Z73.9
G0 X153.232969 Y162.591581 Z73.92
G0 X152.435957 Y162.769734 Z73.94
G0 X151.629332 Y162.897491 Z73.96
G0 X150.816277 Y162.974347 Z73.98
G0 X150 Y163 Z74
G0 X149.183723 Y162.974347 Z74.02
G0 X148.370668 Y162.897491 Z74.04
G0 X147.564043 Y162.769734 Z74.06
G0 X146.767031 Y162.591581 Z74.08
G0 X145.982779 Y162.363735 Z74.1
G0 X145.214381 Y162.087094 Z74.12
G0 X144.464869 Y161.762752 Z74.14
G0 X143.737202 Y161.391987 Z74.16
G0 X143.034252 Y160.976263 Z74.18
G0 X142.358792 Y160.517221 Z74.2
G0 X141.713488 Y160.016672 Z74.22
G0 X141.100888 Y159.476592 Z74.24
G0 X140.523408 Y158.899112 Z74.26
G0 X139.983328 Y158.286512 Z74.28
G0 X139.482779 Y157.641208 Z74.3
G0 X139.023737 Y156.965748 Z74.32
G0 X138.608013 Y156.262798 Z74.34
G0 X138.237248 Y155.535131 Z74.36
G0 X137.912906 Y154.785619 Z74.38
G0 X137.636265 Y154.017221 Z74.4
G0 X137.408419 Y153.232969 Z74.42
G0 X137.230266 Y152.435957 Z74.44
G0 X137.102509 Y151.629332 Z74.46
G0 X137.025653 Y150.816277 Z74.48
G0 X137 Y150 Z74.5
G0 X137.025653 Y149.183723 Z74.52
G0 X137.102509 Y148.370668 Z74.54
G0 X137.230266 Y147.564043 Z74.56
G0 X137.408419 Y146.767031 Z74.58
G0 X137.636265 Y145.982779 Z74.6
G0 X137.912906 Y145.214381 Z74.62
G0 X138.237248 Y144.464869 Z74.64
G0 X138.608013 Y143.737202 Z74.66
G0 X139.023737 Y143.034252 Z74.68
G0 X139.482779 Y142.358792 Z74.7
G0 X139.983328 Y141.713488 Z74.72
G0 X140.523408 Y141.100888 Z74.74
G0 X141.100888 Y140.523408 Z74.76
G0 X141.713488 Y139.983328 Z74.78
G0 X142.358792 Y139.482779 Z74.8
G0 X143.034252 Y139.023737 Z74.82
G0 X143.737202 Y138.608013 Z74.84
G0 X144.464869 Y138.237248 Z74.86
G0 X145.214381 Y137.912906 Z74.88
G0 X145.982779 Y137.636265 Z74.9
G0 X146.767031 Y137.408419 Z74.92
G0 X147.564043 Y137.230266 Z74.94
G0 X148.370668 Y137.102509 Z74.96
G0 X149.183723 Y137.025653 Z74.98
G0 X150 Y137 Z75
G0 X150.816277 Y137.025653 Z75.02
G0 X151.629332 Y137.102509 Z75.04
G0 X152.435957 Y137.230266 Z75.06
G0 X153.232969 Y137.408419 Z75.08
G0 X154.017221 Y137.636265 Z75.1
G0 X154.785619 Y137.912906 Z75.12
G0 X155.535131 Y138.237248 Z75.14
G0 X156.262798 Y138.608013 Z75.16
G0 X156.965748 Y139.023737 Z75.18
G0 X157.641208 Y139.482779 Z75.2
G0 X158.286512 Y139.983328 Z75.22
G0 X158.899112 Y140.523408 Z75.24
G0 X159.476592 Y141.100888 Z75.26
G0 X160.016672 Y141.713488 Z75.28
G0 X160.517221 Y142.358792 Z75.3
G0 X160.976263 Y143.034252 Z75.32
G0 X161.391987 Y143.737202 Z75.34
G0 X161.762752 Y144.464869 Z75.36
G0 X162.087094 Y145.214381 Z75.38
G0 X162.363735 Y145.982779 Z75.4
G0 X162.591581 Y146.767031 Z75.42
G0 X162.769734 Y147.564043 Z75.44
G0 X162.897491 Y148.370668 Z75.46
G0 X162.974347 Y149.183723 Z75.48
G0 X163 Y150 Z75.5
G0 X162.974347 Y150.816277 Z75.52
G0 X162.897491 Y151.629332 Z75.54
G0 X162.769734 Y152.435957 Z75.56
G0 X162.591581 Y153.232969 Z75.58
G0 X162.363735 Y154.017221 Z75.6
G0 X162.087094 Y154.785619 Z75.62
G0 X161.762752 Y155.535131 Z75.64
G0 X161.391987 Y156.262798 Z75.66
G0 X160.976263 Y156.965748 Z75.68
G0 X160.517221 Y157.641208 Z75.7
G0 X160.016672 Y158.286512 Z75.72
G0 X159.476592 Y158.899112 Z75.74
G0 X158.899112 Y159.476592 Z75.76
G0 X158.286512 Y160.016672 Z75.78
G0 X157.641208 Y160.517221 Z75.8
G0 X156.965748 Y160.976263 Z75.82
G0 X156.262798 Y161.391987 Z75.84
G0 X155.535131 Y161.762752 Z75.86
G0 X154.785619 Y162.087094 Z75.88
G0 X154.017221 Y162.363735 Z75.9
G0 X153.232969 Y162.591581 Z75.92
G0 X152.435957 Y162.769734 Z75.94
G0 X151.629332 Y162.897491 Z75.96
G0 X150.816277 Y162.974347 Z75.98
G0 X150 Y163 Z76
G0 X149.183723 Y162.974347 Z76.02
G0 X148.370668 Y162.897491 Z76.04
G0 X147.564043 Y162.769734 Z76.06
G0 X146.767031 Y162.591581 Z76.08
G0 X145.982779 Y162.363735 Z76.1
G0 X145.214381 Y162.087094 Z76.12
G0 X144.464869 Y161.762752 Z76.14
G0 X143.737202 Y161.391987 Z76.16
G0 X143.034252 Y160.976263 Z76.18
G0 X142.358792 Y160.517221 Z76.2
G0 X141.713488 Y160.016672 Z76.22
G0 X141.100888 Y159.476592 Z76.24
G0 X140.523408 Y158.899112 Z76.26
G0 X139.983328 Y158.286512 Z76.28
G0 X139.482779 Y157.641208 Z76.3
G0 X139.023737 Y156.965748 Z76.32
G0 X138.608013 Y156.262798 Z76.34
G0 X138.237248 Y155.535131 Z76.36
G0 X137.912906 Y154.785619 Z76.38
G0 X137.636265 Y154.017221 Z76.4
G0 X137.408419 Y153.232969 Z76.42
G0 X137.230266 Y152.435957 Z76.44
G0 X137.102509 Y151.629332 Z76.46
G0 X137.025653 Y150.816277 Z76.48
G0 X137 Y150 Z76.5
G0 X137.025653 Y149.183723 Z76.52
G0 X137.102509 Y148.370668 Z76.54
G0 X137.230266 Y147.564043 Z76.56
G0 X137.408419 Y146.767031 Z76.58
G0 X137.636265 Y145.982779 Z76.6
G0 X137.912906 Y145.214381 Z76.62
G0 X138.237248 Y144.464869 Z76.64
G0 X138.608013 Y143.737202 Z76.66
G0 X139.023737 Y143.034252 Z76.68
G0 X139.482779 Y142.358792 Z76.7
G0 X139.983328 Y141.713488 Z76.72
G0 X140.523408 Y141.100888 Z76.74
G0 X141.100888 Y140.523408 Z76.76
G0 X141.713488 Y139.983328 Z76.78
G0 X142.358792 Y139.482779 Z76.8
G0 X143.034252 Y139.023737 Z76.82
G0 X143.737202 Y138.608013 Z76.84
G0 X144.464869 Y138.237248 Z76.86
G0 X145.214381 Y137.912906 Z76.88
G0 X145.982779 Y137.636265 Z76.9
G0 X146.767031 Y137.408419 Z76.92
G0 X147.564043 Y137.230266 Z76.94
G0 X148.370668 Y137.102509 Z76.96
G0 X149.183723 Y137.025653 Z76.98
G0 X150 Y137 Z77
G0 X150.816277 Y137.025653 Z77.02
G0 X151.629332 Y137.102509 Z77.04
G0 X152.435957 Y137.230266 Z77.06
G0 X153.232969 Y137.408419 Z77.08
G0 X154.017221 Y137.636265 Z77.1
G0 X154.785619 Y137.912906 Z77.12
G0 X155.535131 Y138.237248 Z77.14
G0 X156.262798 Y138.608013 Z77.16
G0 X156.965748 Y139.023737 Z77.18
G0 X157.641208 Y139.482779 Z77.2
G0 X158.286512 Y139.983328 Z77.22
G0 X158.899112 Y140.523408 Z77.24
G0 X159.476592 Y141.100888 Z77.26
G0 X160.016672 Y141.713488 Z77.28
G0 X160.517221 Y142.358792 Z77.3
G0 X160.976263 Y143.034252 Z77.32
G0 X161.391987 Y143.737202 Z77.34
G0 X161.762752 Y144.464869 Z77.36
G0 X162.087094 Y145.214381 Z77.38
G0 X162.363735 Y145.982779 Z77.4
G0 X162.591581 Y146.767031 Z77.42
G0 X162.769734 Y147.564043 Z77.44
G0 X162.897491 Y148.370668 Z77.46
G0 X162.974347 Y149.183723 Z77.48
G0 X163 Y150 Z77.5
G0 X162.974347 Y150.816277 Z77.52
G0 X162.897491 Y151.629332 Z77.54
G0 X162.769734 Y152.435957 Z77.56
G0 X162.591581 Y153.232969 Z77.58
G0 X162.363735 Y154.017221 Z77.6
G0 X162.087094 Y154.785619 Z77.62
G0 X161.762752 Y155.535131 Z77.64
G0 X161.391987 Y156.262798 Z77.66
G0 X160.976263 Y156.965748 Z77.68
G0 X160.517221 Y157.641208 Z77.7
G0 X160.016672 Y158.286512 Z77.72
G0 X159.476592 Y158.899112 Z77.74
G0 X158.899112 Y159.476592 Z77.76
G0 X158.286512 Y160.016672 Z77.78
G0 X157.641208 Y160.517221 Z77.8
G0 X156.965748 Y160.976263 Z77.82
G0 X156.262798 Y161.391987 Z77.84
G0 X155.535131 Y161.762752 Z77.86
G0 X154.785619 Y162.087094 Z77.88
G0 X154.017221 Y162.363735 Z77.9
G0 X153.232969 Y162.591581 Z77.92
G0 X152.435957 Y162.769734 Z77.94
G0 X151.629332 Y162.897491 Z77.96
G0 X150.816277 Y162.974347 Z77.98
G0 X150 Y163 Z78
G0 X149.183723 Y162.974347 Z78.02
G0 X148.370668 Y162.897491 Z78.04
G0 X147.564043 Y162.769734 Z78.06
G0 X146.767031 Y162.591581 Z78.08
G0 X145.982779 Y162.363735 Z78.1
G0 X145.214381 Y162.087094 Z78.12
G0 X144.464869 Y161.762752 Z78.14
G0 X143.737202 Y161.391987 Z78.16
G0 X143.034252 Y160.976263 Z78.18
G0 X142.358792 Y160.517221 Z78.2
G0 X141.713488 Y160.016672 Z78.22
G0 X141.100888 Y159.476592 Z78.24
G0 X140.523408 Y158.899112 Z78.26
G0 X139.983328 Y158.286512 Z78.28
G0 X139.482779 Y157.641208 Z78.3
G0 X139.023737 Y156.965748 Z78.32
G0 X138.608013 Y156.262798 Z78.34
G0 X138.237248 Y155.535131 Z78.36
G0 X137.912906 Y154.785619 Z78.38
G0 X137.636265 Y154.017221 Z78.4
G0 X137.408419 Y153.232969 Z78.42
G0 X137.230266 Y152.435957 Z78.44
G0 X137.102509 Y151.629332 Z78.46
G0 X137.025653 Y150.816277 Z78.48
G0 X137 Y150 Z78.5
G0 X137.025653 Y149.183723 Z78.52
G0 X137.102509 Y148.370668 Z78.54
G0 X137.230266 Y147.564043 Z78.56
G0 X137.408419 Y146.767031 Z78.58
G0 X137.636265 Y145.982779 Z78.6
G0 X137.912906 Y145.214381 Z78.62
G0 X138.237248 Y144.464869 Z78.64
G0 X138.608013 Y143.737202 Z78.66
G0 X139.023737 Y143.034252 Z78.68
G0 X139.482779 Y142.358792 Z78.7
G0 X139.983328 Y141.713488 Z78.72
G0 X140.523408 Y141.100888 Z78.74
G0 X141.100888 Y140.523408 Z78.76
G0 X141.713488 Y139.983328 Z78.78
G0 X142.358792 Y139.482779 Z78.8
G0 X143.034252 Y139.023737 Z78.82
G0 X143.737202 Y138.608013 Z78.84
G0 X144.464869 Y138.237248 Z78.86
G0 X145.214381 Y137.912906 Z78.88
G0 X145.982779 Y137.636265 Z78.9
G0 X146.767031 Y137.408419 Z78.92
G0 X147.564043 Y137.230266 Z78.94
G0 X148.370668 Y137.102509 Z78.96
G0 X149.183723 Y137.025653 Z78.98
G0 X150 Y137 Z79
G0 X150.816277 Y137.025653 Z79.02
G0 X151.629332 Y137.102509 Z79.04
G0 X152.435957 Y137.230266 Z79.06
G0 X153.232969 Y137.408419 Z79.08
G0 X154.017221 Y137.636265 Z79.1
G0 X154.785619 Y137.912906 Z79.12
G0 X155.535131 Y138.237248 Z79.14
G0 X156.262798 Y138.608013 Z79.16
G0 X156.965748 Y139.023737 Z79.18
G0 X157.641208 Y139.482779 Z79.2
G0 X158.286512 Y139.983328 Z79.22
G0 X158.899112 Y140.523408 Z79.24
G0 X159.476592 Y141.100888 Z79.26
G0 X160.016672 Y141.713488 Z79.28
G0 X160.517221 Y142.358792 Z79.3
G0 X160.976263 Y143.034252 Z79.32
G0 X161.391987 Y143.737202 Z79.34
G0 X161.762752 Y144.464869 Z79.36
G0 X162.087094 Y145.214381 Z79.38
G0 X162.363735 Y145.982779 Z79.4
G0 X162.591581 Y146.767031 Z79.42
G0 X162.769734 Y147.564043 Z79.44
G0 X162.897491 Y148.370668 Z79.46
G0 X162.974347 Y149.183723 Z79.48
G0 X163 Y150 Z79.5
G0 X162.974347 Y150.816277 Z79.52
G0 X162.897491 Y151.629332 Z79.54
G0 X162.769734 Y152.435957 Z79.56
G0 X162.591581 Y153.232969 Z79.58
G0 X162.363735 Y154.017221 Z79.6
G0 X162.087094 Y154.785619 Z79.62
G0 X161.762752 Y155.535131 Z79.64
G0 X161.391987 Y156.262798 Z79.66
G0 X160.976263 Y156.965748 Z79.68
G0 X160.517221 Y157.641208 Z79.7
G0 X160.016672 Y158.286512 Z79.72
G0 X159.476592 Y158.899112 Z79.74
G0 X158.899112 Y159.476592 Z79.76
G0 X158.286512 Y160.016672 Z79.78
G0 X157.641208 Y160.517221 Z79.8
G0 X156.965748 Y160.976263 Z79.82
G0 X156.262798 Y161.391987 Z79.84
G0 X155.535131 Y161.762752 Z79.86
G0 X154.785619 Y162.087094 Z79.88
G0 X154.017221 Y162.363735 Z79.9
G0 X153.232969 Y162.591581 Z79.92
G0 X152.435957 Y162.769734 Z79.94
G0 X151.629332 Y162.897491 Z79.96
G0 X150.816277 Y162.974347 Z79.98
G0 X150 Y163 Z80
G0 F7200 X100 Y100 Z10
G0 F100 Z0
G4 S5
M84